pincode,latitude,longitude
110001,28.606119817391306,77.2209293173913
110002,28.63519389,77.23739055
110003,28.595196069999997,77.22838761
110004,28.6210833,77.1961389
110005,27.822291675,77.1644999875
110006,28.652007875,77.2241922875
110007,28.67359318181818,77.20531777272727
110008,28.64263888,77.1754
110009,28.70385405,77.1993124625
110010,36.05793803076923,69.42810043076923
110011,28.610986099999998,77.21380554999999
110012,28.6363611,77.16133333333333
110013,28.589486100000002,77.2464583
110014,28.579201375,77.25380555
110015,28.657799285714283,77.13125761428572
110016,28.5457037,77.19965741666667
110017,28.5319738125,77.2146171375
110018,28.330520191666665,76.27940720833334
110019,28.5397292,77.27038892499999
110020,38.289652860000004,67.52661040000001
110021,28.592486100000002,77.166375
110022,28.563638887499998,77.1724930625
110023,38.297494439999994,67.48229444
110024,28.563847250000002,77.2340217
110025,28.557827780000004,77.27961668
110026,28.658085775,77.13170975
110027,28.642537283333336,77.11687058333332
110028,28.6313205,77.13688435
110029,28.588833366666666,77.17971296666666
110030,28.519749985714288,77.18456348571428
110031,28.669238085714287,77.27432935714286
110032,28.67282263846154,77.29726493846154
110033,28.723717583333336,77.17099998333333
110034,28.695146842857145,77.13748411428571
110035,28.680592414285716,77.16264871428572
110036,28.79801538888889,77.11978394444445
110037,28.54615,77.10663334
110038,28.51969445,77.1199028
110039,28.7996944,77.03805550909091
110040,28.849454825,77.087048575
110041,28.672674125,77.03191626666667
110042,28.741790614285716,77.13669655714286
110043,28.640699,74.9549419
110044,38.27802904,67.50290039000001
110045,26.361626939999997,77.36710472
110046,28.6110556,77.10586115
110047,28.464888875,77.1314722
110048,28.54176853333333,77.2388704
110049,28.559500216666667,77.21791113333335
110051,28.660645825,77.291340275
110052,28.68178286,77.1776389
110053,28.65435801111111,77.25887037777778
110054,28.687274660000003,77.22421464
110055,28.637909999999998,77.19938336
110056,28.6827222,77.1111111
110057,28.56294445,77.15758335
110058,28.62873566,77.09654814000001
110059,28.623014899999998,77.17212035714286
110060,28.6367222,77.1831111
110061,28.53655555,77.28469444999999
110062,36.63808796666667,69.11858796666667
110063,28.66855906,77.11112069999999
110064,28.6247232,75.91598538000001
110065,28.56102578,77.25219842
110066,28.5625556,77.1781389
110067,28.548398133333336,77.173
110068,28.5012222,77.20030555
110069,28.6225833,77.2127222
110070,28.520824066666666,77.1577963
110071,28.5709037,77.185244725
110072,28.644252350000002,77.45851865
110073,27.099874581818185,80.6810964
110074,28.501062066666666,77.1867854
110075,28.588594366666666,77.05011359999999
110076,28.528277766666665,77.3003889
110077,28.568251120000003,77.06289424
110078,28.613895,77.06544219999999
110080,36.62501423333333,69.12195398333334
110081,28.734916558333328,77.00555546666666
110082,40.858874975,65.03229164999999
110083,28.69819445,77.08843055
110084,35.669377142857144,70.28283785714287
110085,28.7124186375,77.133018675
110086,28.699312344444447,77.07640737777778
110087,28.675387233333336,77.08653523333334
110088,28.703796300000004,77.16324073333332
110089,28.73480555,77.1325
110090,28.70345077142857,77.2887649
110091,28.62391665714286,77.30280555714286
110092,28.657012344444443,77.29079936666666
110093,28.68992895,77.30706646666667
110094,28.696148133333335,77.29725
110095,28.6803175125,77.317744425
110096,28.6162011,77.32758296666667
110097,28.5249456,77.0710038
110099,28.720596,77.080909
110110,28.7158,77.11
121001,28.3323298625,77.4553402625
121002,28.45596371666667,77.32843283333334
121003,38.18622938,67.55323605999999
121004,27.988981747826088,77.85009918695653
121005,28.38069445,77.2943889
121006,28.371881000000002,77.32084259999999
121007,28.38731953333333,77.32235659999999
121008,28.3917778,77.3021389
121009,28.4881111,77.2945833
121010,28.51061945,77.6399639
121012,28.3917778,77.3021389
121013,28.3917778,77.3021389
121014,28.4726,77.4848
121015,28.3453,77.2965
121101,27.120631155555557,81.51445754444444
121102,27.556825879166666,77.913564725
121103,30.556578408333333,72.665946025
121105,27.9583466,72.47432581000001
121106,28.47744854,76.94044656
121107,27.412367885714282,76.83257038571428
122001,28.461140218181814,77.02951565454545
122002,28.466093,77.1058349
122003,28.44960056,77.06522058
122004,28.413813233333332,76.99296301666668
122005,28.5056111,77.0710556
122006,28.469851525,77.032576725
122007,28.462,77.0316389
122008,28.462,77.0316389
122009,28.3408889,76.7561944
122010,28.466093,77.1058349
122011,28.462,77.0316389
122012,28.413887,76.9931945
122015,28.4973611,77.0630556
122016,28.4965833,77.0852778
122017,28.48461725,77.0315932
122018,28.462,77.0316389
122051,28.343123499999997,76.9401834
122052,28.342,76.9364722
122098,28.3913822,77.0511932
122101,28.39167242,77.05193790000001
122102,28.347121042857143,77.06433475714286
122103,28.261108250000003,77.06594581666667
122104,27.785818233333334,76.94625156666666
122105,28.222943241666666,76.94042102499999
122107,28.096554259999998,76.90194482000001
122108,27.9204,76.984468
122413,29.387631,77.446429
122414,28.274485833333333,76.73141231666666
122502,28.291429341666667,76.69573051666667
122503,28.326806542857145,76.77723482857142
122504,28.4505339625,77.0405621375
122505,28.424405366666665,76.91778906666667
122506,28.44729792,76.82487582
122508,27.826964470588237,77.17863219411765
123001,28.058876285714284,76.14972604285715
123021,28.10088243125,76.25362701249999
123023,27.892471607692308,76.11055550769231
123024,28.378713936363635,75.96475403636363
123027,28.33619275882353,76.30647045882354
123028,28.141741483333334,76.12737343333333
123029,28.26003297368421,76.14042199999999
123031,28.271019,76.149389
123034,28.2743167,76.22211498749999
123035,28.356180539999997,76.6233692
123101,28.20236657142857,76.54282930000001
123102,28.146428925,76.3953151
123103,28.192921766666668,76.39833833333333
123106,28.231330077777777,76.80125533333334
123110,28.2335556,77.8032778
123301,28.3589408,76.53534
123302,28.399265585714286,76.48366997857143
123303,28.40967232727273,76.39709727272727
123401,28.202418396551728,76.59895056551723
123411,28.295285435714284,76.38381044285714
123412,28.12343105,76.535583075
123501,28.07016599166667,76.58000585
124001,32.16799702857143,73.19563152142858
124010,28.6847522875,76.612093225
124021,28.52760342222222,76.41057467777777
124022,28.7436083,76.6412789
124102,28.741852366666667,76.88181638333334
124103,28.65933225909091,76.63842886363636
124104,28.70428508,76.65795523
124105,28.599871545454548,76.82058418181818
124106,28.691451563636363,76.48004698181819
124107,28.696129739999996,76.78590374000001
124108,28.7034021125,76.5291163625
124109,28.500946799999998,76.57095253333334
124111,28.765850420000003,76.49518258
124112,28.752081711111114,76.49201271111112
124113,28.651769660000003,76.62716056
124141,28.8955833,76.5925278
124142,28.53322804,76.38596362
124146,28.6457900375,76.7023814625
124201,28.69519847142857,76.5519206857143
124202,28.6734839,76.5971048
124303,28.69834067777778,76.52242263333333
124401,28.654443500000003,76.59161417
124404,28.650385,76.85020733333333
124406,28.714778940000002,76.60879058
124411,28.536621560000004,76.37490554
124412,28.659226766666666,76.58324581666666
124501,28.622587941176473,76.72768470588235
124504,28.669366,76.80139866666667
124505,28.696700749999998,76.874014375
124506,28.708541500000003,76.902704
124507,38.3305432,67.26075764
124508,28.645873249999998,76.91545866666667
124513,29.0100277,76.3781722
124514,32.10814773571429,73.15660355
125001,29.157807479999995,75.91323639
125004,32.12143282352941,72.80300979411766
125005,29.082737455,75.743133325
125006,29.1123472,75.6608777
125007,29.1464404625,75.563495925
125011,29.20707445,75.685060925
125033,28.968905537931036,76.26781659655173
125037,28.9448611,75.82608273333334
125038,29.189575083333335,76.2245833
125039,29.224611099999997,75.97208342777778
125042,29.1086944,75.23510276
125044,29.1288333,75.7844722
125047,29.355851407692306,75.67356174615385
125048,29.33539626,74.37369094
125049,29.1594444,75.57108611666668
125050,29.514169972,75.45388712
125051,29.670280885714284,75.57613484857143
125052,28.186125530434786,75.47263880434782
125053,29.381033342857144,75.11975173571429
125054,29.546138825,75.2148333
125055,31.094489563333333,73.50866644999999
125056,29.5347778,75.0320833
125058,29.45030555,75.1193333
125060,29.55335861818182,75.1093795
125075,29.52752770714286,74.7394722
125076,29.5235833,74.84063881666667
125077,29.765416611111107,74.8992777111111
125078,29.6993611,75.01161790833333
125101,29.7802222,74.52430553333333
125102,29.4490833,74.6628611
125103,29.78325,74.7477222
125104,29.959758606250002,74.69853818125
125106,29.674555507692308,75.7301111
125110,29.371027706666666,75.12613880666667
125111,29.210083299999997,75.69588188333333
125112,29.5743333,75.7863055125
125113,29.5065833,76.3382222
125120,29.71743265882353,75.86115676470588
125121,31.37046937391304,72.3612171478261
125133,29.7746978875,75.7243541625
125201,29.82675,74.97541660588236
126101,31.16560256153846,34.351803415384616
126102,34.519736276923076,40.07226550384615
126110,29.806925733333333,38.18248796666666
126111,28.069277783333334,38.3624676
126112,32.835397343478256,33.92361111304348
126113,68.32231943333333,29.60129166666667
126114,29.548003022222222,76.14178697777778
126115,28.3367074625,34.11505885
126116,25.9007037,31.781655553333334
126125,30.681819441666665,34.86767592499999
126152,44.1922846625,73.2735138375
127021,28.7752,75.9928
127022,28.461400000000005,76.2609
127025,28.7784,76.3418
127026,28.605146363636365,76.14416818181819
127027,28.8837,76.2392
127028,28.6296,75.6179
127029,28.6995,75.8708
127030,28.6358,75.9434
127031,28.862,76.1407
127032,28.9449,76.1258
127035,28.9639,75.9565
127040,28.8725,75.9144
127041,28.9734,76.1958
127042,28.7129,76.2911
127043,28.721800000000005,75.7664
127045,28.9648,75.6063
127046,28.908400000000004,75.6121
127111,28.8199,76.0653
127114,28.828,76.3087
127201,28.4267,75.804
127306,28.5921,76.2653
127307,28.6745,76.37070000000001
127308,28.5094,75.9376
127309,28.7084,76.22
127310,28.5216,76.1508
127311,28.7158,76.1414
127312,28.5074,76.0695
131001,28.998441242307692,74.30884615384615
131021,28.959635000000002,77.08259722
131022,23.76423146666667,80.14599073333333
131023,29.14685,76.86242777999999
131024,29.137171300000002,76.83416203333333
131027,29.0327361,77.074854175
131028,29.003847225,76.964145825
131029,28.969072219999997,77.10071665999999
131030,28.4391,77.3009
131039,29.0795787,77.0445926
131101,29.13516145625,77.02838368125
131102,29.041689816666665,77.02075463333334
131103,28.91080952857143,77.07938095714285
131301,29.1255,76.70254463928572
131302,28.925228399999998,76.50949691111111
131304,29.14022222,76.96241112
131305,29.1912,76.64831111999999
131306,29.153361114285712,76.78774205714285
131402,28.8707004,76.91010119285714
131403,29.01853888,76.95159444000001
131408,28.967199066666666,76.8155926
131409,29.34988888,77.00505554
132001,32.02331751052632,69.27895422105263
132022,29.7176111,77.0783056
132023,29.69526108,77.0043444
132024,30.68812266666667,70.28335641666666
132036,30.07398539,35.74586011
132037,29.50931271764706,76.9687666
132039,95.30141481333334,98.44046852
132040,76.50178703333333,92.26174073333334
132041,29.626848080000002,73.16113142666667
132046,68.24805554999999,37.392944433333334
132054,89.98731348571428,96.73643254285714
132101,33.95846944,36.00193333
132102,32.3904236,41.616291675
132103,29.40978578888889,76.86050707777778
132104,28.91730246666667,34.31860647777778
132105,31.51696388888889,36.96611512222223
132106,34.20737963,45.06076852
132107,26.518790576923077,40.91386750769231
132108,26.109461120000002,35.6361
132113,25.958563880000003,35.35143055
132114,27.74071343684211,37.42383186315789
132115,29.40824995,76.6127361
132116,67.32159720624999,38.365338525
132117,29.4841222,76.95357215
132122,29.505583275,76.357208275
132140,26.543615183333333,42.343162783333334
132145,27.70255555,39.60006945
132157,28.44497837777778,76.93579313333333
133001,30.358578636363635,76.79769975454545
133004,30.28208337,76.80948398000001
133005,30.37252725,76.826840025
133006,30.3325556,76.8798333
133008,30.378179,76.776697
133010,28.572633,77.23251
133101,30.338975,76.84618334999999
133102,30.293765428571426,76.87116317142856
133103,30.258574681818178,77.11498114545454
133104,29.816143275,77.2474109375
133201,30.2238491,77.03705814285715
133202,30.244087,77.12299415999999
133203,30.0415368,77.23357383999999
133204,30.378422219999997,76.82017778
133205,30.22648115,76.8387357375
133206,30.319261109999996,77.23068611
133207,30.2674976,77.0222963
133301,30.7742777,76.8948333
133302,30.4238027,76.60017006666666
134003,30.373130659999998,76.70635816000001
134005,30.38425,76.7716667
134007,30.45086703333333,76.68242685555555
134008,29.78415614117647,76.73108847058823
134101,30.7827222,76.9102778
134102,30.750835616666667,76.91803268333332
134103,30.6343333,76.91525
134104,30.7826389,76.9247222
134105,30.38425,76.7716667
134107,30.7238333,76.8759167
134108,30.7064167,76.8727778
134109,30.6723983,76.8733706
134112,30.6571767,76.896253
134113,30.680925000000002,76.83807915
134114,30.7212222,76.8525833
134116,30.565659,76.937756
134117,30.6691944,76.8578611
134118,29.926082859999998,76.12244521
134201,30.426080025,76.874687025
134202,30.431552642857145,76.9825445
134203,30.5462725625,76.958074475
134204,30.60214937142857,76.93572522857143
134205,30.4425476,76.83801914
135001,33.58951207142857,69.52808558571428
135002,29.79986188,77.07634828
135003,29.42740580666667,77.02370346
135004,30.175255471428574,77.107029
135021,42.142540625,65.34072735
135101,30.264685175,77.107382275
135102,30.351701391666666,76.84968518333334
135103,30.293612855555555,77.38982743333332
135106,30.385626460000005,77.26412112
135133,29.832210952631577,77.35047855789473
136020,29.875369,76.606611
136021,29.846383983333336,76.66316546666667
136026,29.762047,76.559555
136027,29.799966200000004,76.4103029638889
136030,29.936174066666666,76.55108083333333
136033,29.799859,76.4173
136034,29.799859,76.4173
136035,30.038068185714284,76.29811438571429
136038,29.5702778,76.8703056
136042,29.802463,76.560383
136043,29.670538000000004,76.5168
136044,29.575949999999995,76.484933
136117,29.674896999999998,76.256273
136118,29.969549516666664,76.85081068333334
136119,32.71186529411765,74.05660970588235
136128,29.981417,76.589277
136129,30.115686,76.666405
136130,29.973217,76.830346
136131,29.973217,76.830346
136132,29.98783607142857,77.04042415714285
136134,29.9695,76.8782
136135,29.973216999999998,76.830346
136136,30.166519,76.709604
136156,34.77447583,72.29594653
140001,30.895776625,75.820838625
140101,30.7086351,76.66562406666667
140102,30.908975528571432,76.42691565714286
140103,30.89544400769231,76.3914507923077
140108,30.717073111111112,76.68425951111111
140109,30.92340275,76.5147083
140110,30.713829428571426,76.69326808571428
140111,30.811888458333332,76.29819570833332
140112,31.135938566666667,76.22586383333334
140113,30.7916222,76.45621106
140114,31.01075,76.45074993333334
140115,30.78626385,76.57793050000001
140116,31.04794443333334,76.43277773333334
140117,30.991809012500003,76.384857575
140118,30.9641505,76.59763555
140119,30.611406014285713,76.67188
140123,31.068046300000002,76.4100092
140124,30.771669480000003,76.56773488
140125,30.825290799999998,76.63506688
140126,30.93933795,76.3696666
140127,30.9666111,75.89028662000001
140128,30.920851083333332,76.42600808333333
140133,31.022074066666665,76.38002308333334
140201,30.692051,76.69841
140301,30.9666111,76.10908604
140306,30.73718058,76.50338909999999
140307,30.9326736,76.4081839625
140308,30.690284000000002,76.69608813333333
140401,30.4821389,76.2636852
140402,30.014227957142857,76.65134747857142
140405,30.578666666666667,76.33975925
140406,29.590094439999998,76.19026850666667
140407,30.6480833,76.39275
140408,30.64111111111111,76.51222222222222
140412,30.769859874999998,76.502595875
140413,30.934555533333334,76.40304160000001
140417,29.97060100909091,77.14575757272728
140501,30.680355115384614,76.70629513076923
140506,30.66035192,76.72003912
140507,30.64567414,76.73398356
140601,30.55481112,76.73933887999999
140602,30.5421508,76.57458332857142
140603,30.6825313,76.72905055
140604,30.6703333,76.8320556
140701,30.313438889999997,76.35593889
140702,30.296388880000002,76.53427222
140802,30.769859875,76.392595875
140901,30.768747259999998,76.70730022000001
141001,30.90815801111111,75.8276753
141002,30.868222199999998,75.75666665
141003,30.886923116666665,75.86170738333334
141004,30.9023889,75.8146944
141006,30.8589167,75.8616389
141007,30.963520125000002,75.916289225
141008,30.906686429411767,75.81314835882353
141010,30.894531466666667,75.90028236666667
141012,30.8803889,75.7908333
141013,30.8660472,75.82359579999999
141014,30.868909700000003,75.90107359999999
141015,30.927612500000002,75.92475
141016,30.848,75.8905
141017,30.846,75.9481111
141101,33.8394646,67.00988898571428
141102,30.387822016666664,76.00610886666666
141103,30.8004756,75.7046484
141104,31.351320275,75.30596605
141105,30.75405892,75.68371601999999
141106,30.7642861,75.6514138
141107,29.9511240875,75.32215505
141108,30.73818982857143,75.67855417142857
141109,29.73166745,76.80542150000001
141110,30.2897052,75.65397476666668
141112,27.6130543,72.12550765
141113,27.4887853,76.4469974
141114,31.50282829090909,76.78130373181818
141115,30.9736635,76.08988665
141116,30.875028333333333,71.70450866666667
141117,31.5940696375,76.1641914375
141118,29.173528599999997,78.04373332
141119,30.356361442857143,76.13841885714285
141120,30.929651933333332,75.88474126666667
141121,33.5453817,60.78110005
141122,30.627830399999997,75.55292156666667
141123,30.869595599999997,75.8218481
141125,27.459620275,76.0698007
141126,30.885765733333333,76.01003586666667
141127,27.720456425000002,77.847817675
141201,30.7623611,75.8213055
141202,30.75138565,75.74606155000001
141203,30.72633374,76.12809282
141204,30.153627266666664,75.86241603333333
141205,33.071508666666666,68.38816125
141206,30.480920114285713,75.19209592857143
141401,30.689287033333333,74.90622223333334
141411,30.719875444444444,76.32564077777778
141412,31.20493694,70.8994416
141413,31.00014056666667,75.3429016
141414,32.66611386666667,76.11368006666666
141415,30.60275914,76.06459894
141416,30.7324135,76.04469904999999
141417,30.938907099999998,77.50659926363636
141418,31.024188799999997,75.84081955
141419,30.725255,75.96267856666667
141421,29.91552882,84.33859902
141422,30.819552733333335,75.66210740000001
141801,30.839496525,76.295559025
142001,30.813370000000003,75.175565
142002,30.8210895,75.16273721428571
142003,30.873413719999995,75.12823900000001
142011,30.778187666666668,75.26600341666666
142021,30.8413244,75.74457403333334
142022,28.41520601666667,76.22233895000001
142023,33.601152733333336,75.54015136666666
142024,26.74576068888889,81.93221217777779
142025,29.586775157142856,75.50450005714286
142026,30.795927733333333,75.47437406666667
142027,30.91027185,75.7496742
142028,30.83574255,75.62717965
142029,30.795646025,75.756485775
142030,29.986984428571425,77.3664159
142031,30.621136749999998,75.4392417
142032,30.632719666666663,75.50916521666666
142033,30.380754928571427,73.09023686428571
142034,35.01063028,62.45413992
142035,29.137384333333333,79.03092285
142036,30.864184,75.353292
142037,30.73914363333333,75.24486336666666
142038,30.655937629411763,74.9824818
142039,30.7808506,75.21146705
142040,30.919788899999997,75.03602558
142041,30.922084,74.851714425
142042,30.930564792307692,75.18116794615385
142043,30.885958436363637,75.11872425454546
142044,31.07544485714286,74.89701842857143
142045,30.73635486666667,75.1385415
142046,30.61294564,75.21149204000001
142047,30.95439964285714,74.95744507142857
142048,30.805078604761906,74.91776321904761
142049,30.715723554545455,75.18535271818182
142050,30.898738245454545,74.79889902727272
142052,30.816908653333332,75.09630182000001
142053,30.80628761,75.21558888
142054,30.840049133333334,75.27237411666665
142055,30.60494788571429,75.2697021142857
142056,30.705702775,75.1846587
142057,30.60451085714286,75.3168100142857
142058,30.86219985,75.10329645
142060,30.878349000000004,74.6199384
143001,31.635353666666663,74.87668566666666
143002,31.6342805,74.8612785
143003,31.63,74.88
143004,31.6386,74.8826
143005,31.63,74.83
143006,31.620658538461537,74.87885492307693
143008,31.688333333333333,74.925
143009,31.575712199999998,74.8325114
143022,31.574444444444445,74.90555555555555
143101,31.718544027272728,74.82656901818181
143102,31.8375,74.7445
143103,31.786666666666665,74.85166666666667
143105,31.614615384615384,74.78999999999999
143107,31.607799999999997,74.70727272727272
143108,31.6375,74.65916666666666
143109,31.7977875,74.78200000000001
143111,31.5547988,75.16909090909091
143112,31.505000000000003,75.194
143113,31.622042857142855,75.01428571428572
143114,31.674,75.233
143115,31.514444444444443,75.09666666666666
143116,31.637,75.08500000000001
143117,31.448442999999997,75.01202616666666
143118,31.4514,75.11285714285714
143119,31.69604166666667,75.08790833333333
143149,31.56666666666667,75.08111111111111
143201,31.510227999999998,75.26742166666666
143202,31.5860505,75.21483251666666
143203,31.60071455,75.3075
143204,31.55666666666667,75.32333333333332
143205,31.592499999999998,75.2875
143301,31.47714285714286,74.79714285714286
143302,31.424250000000004,74.82444444444444
143303,31.346484833333335,74.69689849999999
143304,31.306159818181815,74.75987336363636
143305,31.386777272727272,74.6009090909091
143401,31.457758,74.918607
143402,31.46004386666667,74.91747713333332
143406,31.481428571428573,74.98571428571428
143407,31.33,75.21166666666666
143408,31.292959666666665,74.9864345
143409,31.791695,75.13414374999999
143410,31.313875442857142,74.91571428571429
143411,31.375963291666665,74.97573791666666
143412,31.206666666666667,74.92166666666667
143413,31.47666666666667,74.31666666666666
143414,31.502580000000002,74.68199999999999
143415,31.3429697,74.86480207777778
143416,31.292761555555558,74.80000000000001
143419,31.207230485714287,74.59982734285714
143422,31.3475,75.1225
143501,31.663333333333338,74.95666666666666
143502,31.726049999999997,75.03
143504,31.76660714285714,74.98857142857142
143505,31.817374666666666,75.20327383333334
143506,31.76617428571429,75.24132
143507,31.814780730769233,75.12965143846154
143511,31.916111272222224,75.16777000555555
143512,31.857142857142858,75.16428571428571
143513,31.89775625,75.08663125
143514,31.6782375,75.3399375
143515,31.68015,75.4419875
143516,31.802857142857142,75.38571428571429
143517,31.857142857142858,75.50142857142858
143518,31.790636033333335,75.28453551111112
143519,383.29622307777777,75.3028576
143520,32.025919333333334,75.32876444444445
143521,32.043274,75.39888
143525,32.1508185,75.37722
143526,32.083153511111114,75.311669
143527,31.8040774,75.456888
143528,31.83221233333333,75.41148
143529,31.9833185,75.38972
143530,32.01925266666667,75.46098666666666
143531,32.061,75.474
143532,31.810000000000002,75.40629333333334
143533,32.1175,75.5675
143534,32.18415925,75.46111
143601,31.76375,74.97375
143602,31.86777777777778,74.99
143603,31.883997383333334,74.84870986666667
143604,31.968279166666665,75.06902083333334
143605,31.932,75.088
143606,31.788,74.8
144001,31.326802416666666,75.58692566666667
144002,31.3553402,75.5417788
144003,31.330615333333338,75.50893133333334
144004,35.01406983333333,71.90318183333333
144005,31.300299,75.630428
144006,31.300299,75.630428
144007,31.300299,75.630428
144008,31.337791142857146,75.56515457142858
144009,31.326723,75.586847
144010,31.300299,75.630428
144011,31.326723,75.586847
144012,31.1923,75.3453
144020,31.261099666666667,75.627876
144021,31.2701615,75.5895985
144022,31.308899333333333,75.612552
144023,31.300299,75.630428
144024,31.2688598,75.6564856
144025,31.376715375,75.630918375
144026,31.349315375,75.61331837499999
144027,31.326723,75.586847
144028,31.339561500000002,75.6019735
144029,31.1284598,75.8594456
144030,31.3677115,75.6961735
144031,31.52747,75.8066
144032,31.3173942,75.7494385
144033,31.529533349999998,75.10347893333334
144034,31.263732700000002,75.75927002
144035,31.37264,75.787995
144036,31.2797394,75.7768346
144037,31.37990716666667,75.76805503333334
144039,31.29339924,75.58624008666668
144040,31.18342775,75.48753939285714
144041,31.3250078,75.6801143
144042,31.52747,75.8066
144043,31.269416500000002,75.77559516666666
144044,31.527470000000005,75.8066
144101,31.3381205,75.65755783333334
144102,31.382029363636363,75.27666790909092
144103,31.390774333333336,75.70004899999999
144104,31.364911499999998,75.6714235
144105,31.23328307142857,75.47171457142858
144106,31.452617571428572,75.73469242857142
144201,31.326524882352942,75.577581
144202,31.4346575,75.123413
144204,31.447043333333337,75.37621733333333
144205,31.81726,75.657304
144206,31.445753333333332,75.44910133333333
144207,67.38670375,40.0473315
144208,31.011726,75.4447304
144209,31.134315,74.89182600000001
144210,31.263894285714287,75.57532914285714
144211,31.54752982222222,75.88395572222223
144212,31.565251111111113,75.83081155555556
144213,31.825452000000002,75.6514608
144214,30.9834075,75.343413
144216,31.483629999999998,75.403652
144221,31.59978923076923,75.63825415384616
144222,31.629452000000004,75.5274608
144223,31.2059075,75.00716299999999
144224,29.792465714285715,76.942472
144301,31.40750575,75.63403675
144302,31.10955575,75.27058675
144303,31.409524599999997,75.63800940000002
144305,31.3496575,74.973413
144306,31.877726000000003,75.7737304
144311,31.5988089,75.33605044999999
144401,31.24946078,75.80020157999999
144402,31.222771775,75.76192555
144403,31.2816033,75.74274720000001
144404,31.439031857142854,75.70590114285713
144405,31.424457925,75.831573375
144406,30.9829815,75.662002
144407,31.31413362,75.7905912
144408,31.3488818,75.8688551
144409,31.110208999999998,75.75620254545454
144410,31.1108987,75.7593876
144411,31.235035714285715,75.74185828571429
144415,31.300299,75.630428
144416,31.155299666666664,75.797276
144417,31.1843495,75.816414
144418,31.144156125,75.8686535
144419,31.11489975,75.804707
144421,31.13464983333333,75.96965466666667
144422,31.135533,75.85274266666666
144501,31.22072475,75.794432
144502,31.17988557142857,75.846704
144503,31.234724875,75.85477850000001
144504,31.230149833333332,75.833638
144505,31.210058166666666,75.889538
144506,31.21524975,75.901757
144507,31.144557,75.90931828571429
144508,31.300299,75.630428
144509,31.203033,75.851676
144510,31.231579800000002,75.9446456
144511,31.2188598,75.9890056
144512,31.180512375,76.0408035
144513,31.1674998,75.9628856
144514,31.209999666666665,75.98672044444444
144515,31.098914142857144,76.11946114285715
144516,31.128537375,76.1009785
144517,31.133799666666665,75.954176
144518,31.076749875,76.0060785
144519,31.5166446,75.5922616
144520,31.144327166666667,75.652334
144521,31.25542592857143,75.64742885714286
144522,31.25799471428571,75.76200057142857
144523,31.366995375000002,75.5680005
144524,30.979327166666668,75.34566733333334
144525,31.221192600000002,75.5068008
144526,31.247996916666665,75.576167
144527,31.211596300000004,75.04640040000001
144528,31.300322299999998,75.5421308
144529,38.414327166666666,68.41400066666667
144530,31.499192599999997,75.84680080000001
144531,31.075321,75.48800133333333
144532,31.338245375,75.5655005
144533,31.516,75.904
144601,31.378162324999998,75.368267025
144602,31.34831,75.41814
144603,31.342213127272725,75.39317332727272
144606,31.372412000000004,75.3143652
144620,31.301283666666663,75.49027564444445
144621,31.584605879999998,75.51883644
144622,31.503503100000003,75.53478278888889
144623,31.309078375000002,75.39802262500001
144624,31.54171132,75.45143396
144625,31.22237515,75.90248385
144626,31.200785,75.19937625
144628,31.460331783333334,75.30020241666666
144629,31.179997200000003,75.49204878181818
144630,31.217889875,75.57359112500001
144631,31.49894025,75.90678460000001
144632,31.2034279625,75.76629083750001
144633,31.182486666666666,75.69027369999999
144701,31.23512837,75.45318440999999
144702,31.224140849999998,75.32937419166666
144703,31.594578410000004,75.66414395000001
144801,33.917515,75.445728
144802,31.45744794285714,75.36476064285715
144803,31.271604949999997,75.68808005
144804,31.481772433333333,75.40885172222222
144805,31.3975124,75.4119183
144806,31.33219915,75.5474037
144819,31.561669066666667,75.56493803333333
145001,32.271991099999994,75.661832
145022,32.4008689,75.81242102
145023,32.28054566666666,75.59814666666666
145024,32.196636999999996,75.50444
145025,32.217772833333335,75.54074
145026,32.19109133333333,75.41962666666667
145027,32.31083,75.51967333333333
145029,32.277758,75.60296
145101,32.1226728,75.579192
146001,31.515963,75.904004
146021,31.3391926,75.5588008
146022,31.2426605,75.247334
146023,31.3331926,75.48480079999999
146024,31.497418,75.17828685714287
146101,31.423990749999998,75.751001
146102,31.445996636363635,75.76400036363636
146103,31.415321000000002,75.60133466666667
146104,31.211995375,75.7005005
146105,31.56865433333333,75.612668
146106,31.555321000000003,75.64800133333334
146107,31.215321,75.574668
146108,31.2726605,75.38900066666666
146109,31.2185963,75.4814004
146110,31.4331926,75.6628008
146111,31.5085963,75.5564004
146112,31.404178454545455,75.680364
146113,31.613020272727272,75.700664
146114,31.572419999999997,75.51910133333332
146115,31.439086666666668,75.47910133333333
146116,31.454315,75.346826
147001,30.648333330000003,71.81195556
147002,30.3500139,76.44208335
147003,30.34918055,76.41615279999999
147004,30.44975463333333,76.26790276666667
147005,30.336398133333333,76.3251852
147006,30.416666666666668,76.375
147007,30.28894258888889,76.33494999999999
147008,30.334,76.386
147021,30.365111116666668,76.470625
147101,30.11415277777778,76.22563734444445
147102,29.3073645875,77.80429166249999
147103,30.2869028,76.48836109999999
147104,30.560644439999997,76.40700555999999
147105,29.9585017375,76.134375
147111,30.17218504615385,76.52941025384615
147201,30.305904591304348,76.21003743913043
147202,30.522867523076926,76.21047863076923
147203,30.602934345454546,76.21257828181818
147301,30.658122220000003,76.25553332
148001,30.24544445,75.84039585
148002,29.96546328461538,76.78973724615385
148017,29.7961288,76.74353735
148018,30.399159233333336,76.01089843333334
148019,30.596912200000002,75.864079
148020,25.39627754545455,76.69225336363637
148021,30.6561877,75.83050485
148022,30.65904,76.029212375
148023,25.456289184210526,61.45955624210526
148024,30.400809533333334,75.89691956666667
148025,35.9257605,66.23750969
148026,29.25002417647059,76.431594
148027,28.587127880000004,75.40388794
148028,29.077595181818182,76.61889105454544
148029,30.1225866,75.67004766666668
148030,35.55084035555555,75.76648337777777
148031,24.692289475,63.390555025
148033,27.618476293333334,71.25601182
148034,30.877367675,72.92862567499999
148035,33.400998336363635,58.22789506363636
148100,28.89036995,76.62115252
148101,29.989769666666664,75.20385381666667
148102,29.35469176,75.54205202
148103,29.333030033333333,74.46844453333334
148104,29.825719199999998,75.08386915555555
148105,29.67080508,75.46128421
148106,16.626128918181816,28.557657818181816
148107,30.343467583333336,75.38010108333333
148108,31.67500928888889,67.95157301111111
148109,30.040271142857144,75.866716
151001,30.17087786,74.90886554
151002,30.210319666666667,74.90790733333334
151003,30.160259,74.891122
151004,30.160259,74.891122
151005,30.012198315789473,74.8880812631579
151006,30.2046,74.949
151101,30.14143263636364,75.08783836363637
151102,30.308294875,75.06327775
151103,30.24431557142857,75.208296
151104,30.302911799999997,75.1772044
151105,30.213179500000003,75.072261
151106,30.334086333333335,75.10950733333333
151108,30.28650842857143,75.14166028571428
151111,30.22246475,75.0994555
151201,30.019303470588238,75.41144835294118
151202,30.43082248,70.58061681000001
151203,30.666212,74.740482
151204,30.558825022222223,74.80514595555556
151205,30.477354016666666,74.9349324
151206,29.341891800000003,74.9424644
151207,30.62193124444444,74.84243442222221
151208,30.485216183333335,74.85929471666667
151209,30.6237735,74.77478933333333
151210,30.28495516666667,74.43937473333334
151211,30.182206285714283,74.87834
151212,30.408547525,74.93742725
151213,30.68893417,74.77313503
151214,30.688839837499998,75.306547475
151301,30.01160655555556,74.95768022222222
151302,29.965657266666664,75.09780146666667
151401,30.1103349375,74.819870125
151501,30.015544875,75.32924025
151502,29.929803687499998,75.533157625
151503,29.864719875,75.43221525
151504,30.091938090909093,75.48045290909091
151505,29.97448349,75.265201085
151506,33.48697376923077,71.62011707692308
151507,29.7189059,75.2286622
151508,30.29800842857143,75.19601742857142
151509,30.074455307692308,75.20583246153845
151510,30.1504798,75.3017524
152001,30.927545999999996,74.610497
152002,33.88985413333333,71.69896493333333
152003,31.00006,74.66028
152004,30.077434,74.58004633333333
152005,30.6348290875,74.8332295375
152020,30.4884651625,74.1311540875
152021,30.7174953,67.36611495
152022,30.678177036363635,74.39654188181818
152023,30.855684485714285,74.43156217142857
152024,30.60255553846154,74.27131184615385
152025,30.50073525,74.67803380000001
152026,30.5268593,74.567797655
152028,30.933427408333333,74.77685755833333
152031,30.5313744,74.7825711
152032,30.41414930909091,74.48703849090909
152033,30.905656314285714,74.62531617142858
152101,30.286965325,74.70298920833334
152107,30.326223399999996,74.60969437
152112,30.345153807692306,74.35893013076924
152113,30.11361716923077,74.57303232307693
152114,30.158831109090908,74.6523475
152115,30.635595428571428,74.67829371428572
152116,30.373735938888885,74.19603480555556
152117,30.462909846153845,74.46982637692307
152118,30.61806152,74.44926892
152121,30.35560161,69.79729444
152122,30.272767929999997,74.13136547
152123,30.457769075,74.113160675
152124,30.405676853846156,74.39953628461538
152128,30.52003885,74.30867729285714
152132,30.220996508333332,74.15727385833334
160001,30.7594611,76.80309813333334
160002,30.691591066666664,76.76118296666665
160003,30.684289399999997,76.7465939
160004,30.6473056,76.7890278
160005,30.9666111,76.3715277
160006,30.742,76.7834
160009,30.74430555,76.79504165
160011,30.756722250000003,76.78575000000001
160012,30.7543194,76.7834861
160014,30.71767502,76.72056821999999
160015,30.74956945,76.77491665
160016,30.692051,76.69841
160017,30.7420833,76.7833611
160018,30.73716665,76.78965275
160019,30.727920275,76.8038375
160020,30.7420833,76.7833611
160022,30.725069474999998,76.76956945
160023,30.7396389,76.7670278
160025,30.7529722,75.7185
160030,30.7264448,76.77729
160036,30.710368833333334,76.72572926666668
160043,30.7420833,76.7833611
160047,30.699714139999998,76.54545667
160055,30.77094262,76.05824399999999
160059,30.85058055,75.1582
160062,30.7630211,75.94146055
160071,30.9666111,73.53025
160101,30.703414375,76.7680939
160102,30.6921644,76.75401055
160103,30.692051,76.69841
160104,30.692051,76.69841
171001,31.101995366666667,77.17462871666667
171002,31.088777766666666,77.1761852
171003,31.234090275,77.49246945
171004,31.183222200000003,77.28163334999999
171005,31.198484433333334,77.29729506666666
171006,31.136990275000002,77.26824305
171007,36.3256809,72.22543925555556
171008,31.1045556,77.10925
171009,31.122566666666668,77.25316666666667
171010,31.0765556,77.1394167
171011,31.05189305,77.28572361250001
171012,31.0988645875,77.3742258375
171013,31.26126,77.5273415
171014,28.71832,77.298893025
171015,31.1669,77.1746
171018,31.2918076375,77.26891945
171019,31.21565412857143,77.31636397142857
171102,35.13365646363636,72.88274232727274
171103,31.2084811125,77.304588975
171201,36.903687500000004,71.60600000000001
171202,36.94322865625,71.5404454375
171203,30.995204757142858,77.30301111428571
171204,31.08960535,77.233531125
171205,36.9352611,71.445289625
171206,31.195512,77.407103
171207,54.19445384615384,77.49921538461538
171208,31.171994615384616,77.3770323076923
171209,31.18672571428571,77.23631514285715
171210,29.998133042105266,77.56610011578948
171211,34.75617760769231,73.8090117923077
171212,31.21240375,77.410621
171213,31.257018516666665,77.39471065
171214,40.41558956,67.997516
171215,31.1088795,77.6664896
171216,39.07603783333333,69.77757466666667
171217,31.152156514285714,77.46830301428572
171218,31.0238333,77.1908333
171219,31.0561389,77.141520825
171220,31.12303916666667,77.32680108333334
171221,31.211680366666666,77.63318776666667
171222,26.4199861,77.367548625
171223,31.2086944,77.7001111
171224,31.2852778,77.6988889
171225,31.448034,77.5837626
171226,31.060225000000003,77.48774889
171301,31.3799,77.13291334
172001,31.42443505,77.68805949444445
172002,31.52679537142857,77.65097189999999
172021,31.30929285,77.58342795
172022,31.411829054545453,77.63800611818182
172023,31.608975333333333,77.45857156666666
172024,31.320032933333334,77.48647106666667
172025,31.250394399999998,77.48767132
172026,31.437944385714285,77.4897930357143
172027,31.3250323,77.39367303333334
172028,31.33668,77.55055
172029,31.3154552,77.4486103
172030,31.36407456,77.74939184
172031,31.315974266666668,77.45536973333334
172032,31.452973333333336,77.57667333333333
172033,31.355536666666666,77.60092333333334
172034,31.61723,77.78191
172101,31.524492191666667,77.78489619166666
172102,31.496305733333333,77.7943475
172103,31.5551944,77.9768056
172104,31.524863775,78.01784805
172105,31.493188179999997,78.22233012000001
172106,31.382322766666665,78.3772898
172107,31.536807875,78.25815801249999
172108,31.578749533333333,78.26006840000001
172109,31.584745914285715,78.49960007142856
172110,31.7180095,78.488359425
172111,31.77809712,78.53577156
172112,31.856692549999998,78.5683852
172113,32.3556673,77.84256339999999
172114,32.43158796,77.70551917
172115,31.6485811,78.09467862
172116,31.585355175,78.35276555
172117,32.225145733333335,77.8752003
172118,31.645519999999998,78.053935
172201,31.9774225,78.104735
173001,30.64189493478261,77.32156730434782
173021,30.593385425,77.411973
173022,30.71783565,77.39007476666667
173023,30.730009711111116,77.39766017777778
173024,30.792067888888894,77.24363302222223
173025,30.554012806666666,77.52458177333332
173026,30.6166944,77.1834722
173027,30.8405955875,77.3224784
173029,30.661597115789476,77.52505695789473
173030,30.636504733333336,77.25852208333333
173031,30.70616115,77.29640144999999
173032,30.8140320375,77.2986608625
173101,30.8138648875,77.2952362625
173104,30.75944366,77.38361092
173201,30.9018056,76.5641389
173202,30.9019722,76.9940556
173204,30.9032268,76.98831936666667
173205,30.909468157142857,77.05086498571428
173206,30.9385757,77.05979346666668
173207,35.579142000000004,72.45435146
173208,30.93202767777778,77.08216347777778
173209,38.60450221666667,69.39953926666668
173210,30.8782222,77.0581944
173211,30.9109907,77.08077
173212,30.904593662499998,77.09813255
173213,30.9374009,77.0959676
173214,30.916729099999998,77.1053402
173215,30.919510324999997,77.10029505
173217,30.911328933333337,77.13011178888888
173218,38.633506849999996,77.05808555
173220,30.87296388333333,77.02781286666668
173221,30.930348862499997,77.07790095
173222,31.0546944,77.0245833
173223,30.773974822222222,77.30771828888889
173225,30.915036966666666,77.05240733333333
173229,30.844628311111112,72.03132067777779
173230,30.8591111,77.1685833
173233,31.04710306,76.9676546
173234,30.9570243625,77.0999921875
173235,30.906055459999997,77.09854992000001
173236,30.9731,76.9672
174001,31.326333499999997,76.778215
174002,53.82105,65.267375
174003,31.44836666666667,76.73899999999999
174004,31.385683333333333,76.71634999999999
174005,31.3121,76.7613
174011,31.29636,76.7308
174012,31.384133333333335,76.84673333333333
174013,31.46613333333333,76.70183333333334
174015,31.282249999999998,76.67015
174017,31.298119120000003,76.64696
174021,31.454200000000004,76.69768
174023,54.093225,54.06155
174024,31.34396666666667,76.69913333333334
174026,31.50638888888889,76.72755555555555
174027,37.1489125,71.0479
174028,31.518150000000002,76.698
174029,31.44996666666667,76.63730833333334
174030,31.415975,76.560175
174031,31.3675,76.6452
174032,31.269575,76.86013055000001
174033,31.327866675,76.76894999999999
174034,31.33874,76.68612
174035,31.340733333333333,76.59393333333334
174036,31.38425,76.87299999999999
174101,30.985567745833333,76.92454422083334
174102,31.005717976470585,76.95821603529413
174103,30.901899866666668,76.96562413333334
174201,31.383642857142856,76.46368571428572
174301,31.359933239999997,76.33302202
174302,31.56043315,76.21395695
174303,31.503239241666666,76.26724203333333
174304,31.6156889,76.45307223333333
174305,31.506685714285712,76.47617142857143
174306,31.441285540000003,76.32195036
174307,31.641958419999998,76.33650164000001
174308,31.565722885714283,76.39859805714286
174309,31.510550000000002,76.48445000000001
174310,31.27395,76.599275
174311,31.61627221666667,76.51842685
174312,31.611780550000002,76.45680278333333
174314,31.609705066666667,76.22561206666667
174315,31.469624271428568,76.42809550000001
174316,31.5894483,76.18708290000001
174317,31.4778889,76.1735
174319,31.808661833333332,75.97927893333333
174320,31.6511667,76.2725556
174321,31.535169125,76.355025275
174405,31.626266666666666,76.4872
174503,31.3718339,76.19612933333333
174505,54.0662472,54.0674222
174507,31.372591,76.26896583333333
175001,31.706430664,76.927300352
175002,31.584715275,76.888215275
175003,31.723493144444447,76.89135524444444
175004,31.679226725,76.882254225
175005,31.726077019999998,76.94872302
175006,31.69231592,76.93744524
175007,31.70855855,76.93211855
175008,31.603336025,76.8860405875
175009,31.648600975,76.95074195000001
175010,31.600817771428574,76.99769714285715
175011,31.375276315789478,77.26388888947368
175012,31.873300509090907,76.91173737272727
175013,31.7494497,76.92061025
175014,31.756022533333333,76.89412103333333
175015,31.81787977826087,76.88411863478261
175016,31.88800819,76.79741007
175017,31.4595139,76.965833325
175018,31.691706891666666,76.92743725833334
175019,31.546060366666666,76.90476963333333
175020,31.9639,76.8523
175021,31.688804799999996,76.92905636
175023,31.6301632,76.82765972499999
175024,31.691972225,76.74197453333333
175025,31.76518334,76.70957222
175026,31.749532400000003,76.66605093333334
175027,31.55060556,76.95268333
175028,31.5463889,77.02277776666666
175029,31.53106481111111,77.11295678888888
175030,31.442888879999998,76.81466666
175031,31.4577361125,77.007347225
175032,31.73197776153846,76.91742186153846
175033,31.689383725,76.910481775
175034,31.542571428571428,76.74353174285714
175035,31.606898150000003,77.17060185000001
175036,31.624800185714285,76.90168524285714
175037,31.7129722,76.690375
175038,31.293451400000002,77.12513195
175039,31.50416665,77.0826389
175040,31.7083316375,76.9315616375
175042,31.709729175,76.7001875
175045,31.509999999999998,76.9875
175046,31.377027775000002,77.1234236
175047,31.477944439999998,77.27783334
175048,31.670219775,76.7577991
175049,31.7004983,76.9139019125
175050,31.74937536666667,76.78044495
175051,31.8656389,76.71275
175052,31.729770825,76.89360417500001
175075,31.77,76.98
175101,31.96433167,77.11463889000001
175102,31.9671,77.04720556
175103,32.289770825,77.1639236
175104,32.07475,77.138125
175105,32.0020216,77.27180864444443
175106,31.661836110000003,77.27312222
175121,31.71204864,77.01676598
175123,31.619705556,77.363144804
175124,31.67074167,77.08560278
175125,31.864020200000002,77.13808838181818
175126,31.8944537,77.11310186666667
175128,32.0309236,77.111
175129,32.11169906666667,77.13117593333334
175130,32.1163611,77.1724722
175131,32.15109444,77.15919444000001
175132,32.56792041666667,135.37757216666668
175133,32.60386666666667,76.93462593333334
175134,31.769152775,77.32846759166667
175136,32.062736099999995,77.1479861
175138,31.98742593333333,77.12942593333334
175139,32.6489889,76.81632406666667
175140,32.4790926,77.09040186666667
175141,31.84838195,77.223590275
175142,32.72488426666667,76.59201296666667
175143,32.19672223333333,77.1935648
176001,34.65187569411765,76.26570445882352
176002,32.100477,76.307544
176021,32.05510842857143,75.97216728571428
176022,32.14246657142857,76.018014
176023,32.13130392857143,75.94767428571429
176025,32.09403816666667,75.92589566666668
176026,31.9344616,76.2192384
176027,32.061467625,76.140015125
176028,31.96240933333333,76.17491266666667
176029,32.07495175384616,76.30498712307693
176030,31.912522000000003,76.3269646
176031,31.931756454545454,76.27212345454545
176032,31.83492133333333,76.39893433333333
176033,32.0038226,76.14793979999999
176036,31.895509875000002,76.32280725000001
176037,32.035914285714284,76.29501542857143
176038,31.84965956,76.10678212
176039,31.521261114285714,76.54590714285713
176040,38.07026825714286,70.10023332857143
176041,31.60446,76.5701
176042,31.60256,76.57668
176043,31.60876,76.61484
176044,31.59895,76.6773
176045,31.636088888888892,76.64566666666667
176047,32.086193538461536,76.363184
176048,31.61173146666667,76.70597593333333
176049,31.581789999999998,76.5239
176051,32.07657477777778,76.02947977777778
176052,32.163209685714286,76.40477565714286
176053,32.094905966666666,76.04429876666667
176054,31.994304375,76.321813
176055,31.50372265,76.5456745
176056,32.110701666666664,76.30440158333333
176057,32.1931923,76.34851781666667
176058,32.02175752,75.86602512
176059,32.126815666666666,76.47007087777779
176060,43.171097525,65.344024475
176061,32.11012405882353,76.53734252941177
176062,32.1031389,76.5510278
176063,32.072724183333335,76.56562286666666
176064,31.921357850000003,76.40304673333334
176065,32.03537465,76.40870960000001
176066,31.829682,76.277577
176067,32.07193433333333,76.54287466666666
176071,32.02754013333333,76.56032846666666
176073,31.921712533333334,76.5012002
176075,31.5525,76.4712222
176076,32.00971136,76.58555781999999
176077,32.0735314,76.6351563
176081,32.07674576,76.59863692
176082,31.931203800000002,76.5013671
176083,31.982869599999997,76.51886838
176084,32.014167671428574,76.47327447142857
176085,32.056698159999996,76.4753506
176086,31.9601669125,76.521885075
176087,32.02019006,76.53159941999999
176088,31.93702402222222,76.64870102222223
176089,31.900298675,76.66765185
176090,31.8357638875,76.6565520875
176091,31.88581076666667,76.63286746666667
176092,39.404481616666665,69.03525448333333
176093,40.85944644,67.52541527999999
176094,31.78667496,76.5740528
176095,31.94589182857143,76.59145451428572
176096,31.921631700000002,76.55334894285714
176097,31.889062950000003,76.51809985
176098,31.84548684,76.45587068
176101,31.873228985714288,76.44102682857144
176102,32.06974838,76.49968806
176103,32.045987912499996,76.5661830375
176107,32.0038903,76.4219094625
176108,31.83125,76.57405
176109,29.399,81.3468
176110,31.824485,76.51140166666666
176111,31.736585714285717,76.52792857142857
176115,32.077464140000004,76.63614792000001
176125,32.0477031,76.64187292222222
176128,31.972779516666666,76.67324605
176200,32.19340375,76.0587602125
176201,32.23530699230769,75.83868907692307
176202,32.255443650000004,75.9520979625
176203,31.937044433333337,76.13839993333333
176204,32.22099624545455,75.8067662909091
176205,32.189890559999995,76.20848772000001
176206,32.209898485714284,76.23455618571428
176207,32.33762122352942,76.09165660588235
176208,32.14491011111111,76.23643577777779
176209,32.143513125,76.2823265
176210,32.1226795375,76.167402975
176211,32.377246299999996,75.900269075
176213,32.199573300000004,76.31386206666667
176214,32.1359376,76.2370316
176215,32.21371296666666,76.32203700000001
176216,32.2408608,76.31183595
176217,32.21285088888889,76.26316254444444
176218,32.21275,76.36725
176219,32.2407979,76.32927115000001
176225,32.1778428,76.17527193333333
176301,32.47106625,75.93180375
176302,31.563672184615385,76.46217363846154
176303,32.537128333333335,75.96878500000001
176304,32.54178,75.967945
176305,32.54439,75.96516
176306,32.577525,75.9761975
176308,32.299802,76.176562
176309,32.45145814285714,76.42953685714285
176310,32.557666499999996,76.12453049999999
176311,32.37169157142857,76.31411971428572
176312,32.67164643571429,76.05042352857143
176313,32.461115,75.9769625
176314,32.548359175,76.23142548
176315,32.50062142857143,76.62172285714284
176316,32.86879470588235,76.15007000000001
176317,32.72039,76.0812
176318,32.411712916666666,76.30437708333334
176319,32.605307777777774,76.06313133333333
176320,32.457758,76.193062
176321,32.74412455333333,76.15973696666667
176323,32.73056773333334,76.821791
176324,32.461549,76.36445444545456
176325,32.62587666666667,75.91879
176326,32.32015783333333,76.490115
176401,32.12865629,75.69256788999999
176402,32.182457549999995,75.7147325
176403,32.19630610909091,75.68589610000001
176501,31.9048534,75.9459338
176502,32.026642,76.11279250000001
176601,31.4112765375,76.2358004375
177001,31.583006666666666,76.57862
177005,31.70415,76.524
177006,31.63185,74.89425
177007,31.68025,76.46195
177020,31.688584266666666,76.50258333333333
177021,31.12,76.6622
177022,31.704169999999998,76.5996
177023,31.639318516666666,76.60498333333334
177024,31.650472228571427,76.68935714285713
177025,40.651723340000004,76.61838
177026,31.633940000000003,76.47292
177027,31.7139,76.5508
177028,31.82558333333333,76.56541666666666
177029,31.837211116666666,76.516
177031,31.6107674,76.69902
177033,31.773766666666663,76.33018333333332
177034,31.59475925,76.626535
177038,31.69265,76.4311
177039,31.5708867,76.43744453333333
177040,31.6929,76.41395
177041,31.670386514285717,76.40516667142857
177042,31.72258,76.37826
177043,31.837403375,76.25012275
177044,34.76635556666667,56.66243333333333
177045,31.7425,76.4165
177048,31.517560000000003,76.44064
177101,32.003666,76.176777
177103,31.849001,76.189242
177104,31.885331333333337,76.2268475
177105,31.899386333333336,76.07226
177106,31.863774999999997,76.1796742
177107,31.823048,76.211715
177108,31.8109195,76.23472666666667
177109,31.768675166666668,76.17111106666667
177110,31.821291109999997,76.07971117
177111,31.8817605,76.28300025
177112,31.876395000000002,76.0568084
177113,31.967444,76.16620066666667
177114,31.93456625,76.21539775
177117,31.8934925,76.248944
177118,54.1798611,54.0224611
177119,42.8147,65.3049
177201,31.652426666666667,76.05681406666666
177202,31.7093056,76.0872778
177203,31.689665662499998,76.1185361375
177204,31.778368866666668,76.11911162222222
177205,31.501,76.5299167
177206,31.667976266666667,76.40714466666667
177207,31.512130433333336,76.16394703333333
177208,31.59132462,76.17535528
177209,31.457492666666667,76.2033757
177210,31.704972433333335,76.1862861
177211,31.623364728571428,76.15366347142857
177212,31.581894849999998,76.17076915
177213,31.59648515,76.162052825
177219,31.71983925,76.06982740000001
177220,31.413081716666667,76.23226623333333
177301,31.703599999999998,76.36200000000001
177401,31.624475,76.58695
177501,31.64753333333333,76.61556666666667
177601,31.706645825000003,76.673275
180001,32.72429145555556,74.85841293333334
180002,32.72368671428571,74.83876957142856
180003,32.88947615,75.00765578333333
180004,32.6964616,74.86153915
180005,32.745369679999996,74.85543867999999
180006,32.722836,74.8740985
180007,33.756913499999996,74.85779350000001
180009,32.652915,74.807113
180010,32.668291,74.866795
180011,32.6781095,74.91028075
180012,32.65693257777778,74.93457881111111
180013,32.772311,74.839821
180015,32.692392,74.894569
180016,32.7320065,74.8595375
180017,32.750950180000004,74.94032906
180018,32.743578,74.811964
180019,32.72965,74.80659
180020,32.69575,74.87556
181101,32.6151155,74.590165375
181102,32.57833990666667,74.75795781333333
181111,32.5314952,74.64507160000001
181121,32.74707,74.83399933333334
181122,32.83783144444445,74.763244
181123,32.7863375,74.82315249999999
181124,32.750648,74.820327
181131,31.691609,74.2200625
181132,32.00490425,74.87394345833333
181133,32.61970083333333,74.80750183333333
181141,32.532017833333335,75.120357
181143,32.532127450000004,74.911362225
181145,32.71631025,74.864274
181152,32.710377,74.906262
181201,32.811996246666666,74.64635068000001
181202,32.55786485,74.726961275
181203,32.79184245454545,74.59526572727272
181204,32.836095433333334,74.4273929
181205,34.75832,74.814157
181206,32.74487858333333,74.71827866666666
181207,32.7985762,74.60417935000001
181221,32.772992,74.86209383333333
181224,32.702844875,75.0657325125
182101,11.630431073333334,25.728881553333334
182104,32.9095278,75.1062222
182121,3.470038461538462,6.653138461538461
182122,2.6888527736842103,4.8788678315789475
182124,4.9850694375,10.272020825
182125,4.20444,8.408150000000001
182126,6.287365733333334,13.363185183333334
182127,7.34483888,15.83582222
182128,4.498355555555555,9.254566666666667
182141,3.669912033333333,7.1903912000000005
182142,9.019222225,19.573354175
182143,4.569074077777778,9.258151233333333
182144,3.472530769230769,6.703092307692307
182145,4.120089999999999,8.41133
182146,6.881646636363637,14.482585
182147,9.02325,19.5675
182148,4.21929167,8.43024444
182161,11.6671,25.73776666666667
182201,2.6070284999999997,4.72778445
182202,4.2140569999999995,8.4555689
182203,2.8403674999999997,7.206108333333333
182204,5.912500153846154,12.507023076923076
182205,3.9295636363636364,7.766609090909091
182206,33.1844,75.4639
182207,33.1353,75.5175
182221,10.170268285714286,22.315192999999997
182222,8.8962,19.607625
182301,5.587214285714286,11.498685714285713
182311,8.393314823076922,18.05879973076923
182312,17.053125,37.94706945
182313,2.8888529411764705,5.322988235294117
182315,5.0138125,10.18635
182320,32.941270900000006,74.95446615
184101,32.3673333,75.5223333
184102,32.25778475,75.4561118
184104,33.84776731428571,67.40077529999999
184120,32.565973625,74.84299250000001
184121,32.29009111111111,74.83276977777777
184141,32.84992142857143,74.63567071428572
184142,32.4642216,75.0314066
184143,32.366554111111114,74.95132488888889
184144,32.46771678571429,74.89394
184145,33.5923875,74.70893799999999
184148,32.43693785714286,74.35034942857143
184151,32.4589672,75.4110574
184152,32.419610750000004,75.53594225
184201,32.511910428571426,75.50238535714286
184202,32.34374975,75.129185
184203,32.43064254545454,75.08943790909092
184204,30.59762681818182,76.30347440909091
184205,32.62676266666667,75.349445
184206,31.140031727272728,79.44591236363637
185101,3.496515384615385,6.6195615384615385
185102,6.92922909090909,14.405440909090911
185121,2.704294736842105,4.902857894736843
185131,3.697668983333333,7.109099533333333
185132,2.7984459888888886,5.072733022222222
185133,33.375711,74.6178268
185135,9.0714,19.311
185151,3.842951469565217,7.273245495652174
185152,4.21225833,8.33572222
185153,7.40997778,15.697794440000001
185154,32.848938833333335,74.615442
185155,5.0154625,10.1317625
185156,5.842231483333333,13.23677315
185201,3.9232626272727273,7.6753661636363635
185202,6.856455272727273,14.348964290909093
185203,3.139213513333333,5.913232586666667
185211,2.63835625,4.65460165
185212,4.5914222222222225,9.469077777777777
185233,3.6102833333333333,7.115416666666667
185234,11.7905396,25.437667466666667
190001,34.07669906666667,74.81847685000001
190002,26.192430549999997,57.0046111
190003,84.699372975,87.05467625
190004,34.0639722,74.8484166
190005,34.0343333,74.8004722
190006,34.16535565555555,74.84189678888889
190007,33.9998889,74.7688889
190008,34.0615247,74.82350873333333
190009,35.015194400000006,58.50089813333333
190010,34.067919933333336,74.8073477
190011,34.0997043,74.7448803
190012,34.1009722,74.7345556
190014,34.0376694,74.7871666
190015,34.066645466666664,74.74721333333333
190017,34.09964625,74.68819435
190018,65.90714936666667,73.9536272
190019,73.65825,85.57126389999999
190020,34.1529167,74.8017222
190021,34.0213056,74.7696944
190023,34.061257,74.817321
190024,34.1642778,74.8303611
190025,34.1425901,74.8607518
191101,34.09715265,74.73445348333333
191102,34.0263611,74.96675
191103,49.5288429,68.1052464
191111,132.01854411764705,79.52729248235293
191112,69.04049602857143,74.65067777142858
191113,262.7245092117647,277.3455952705882
191121,34.13526733333333,74.87791399999999
191131,82.05451312,71.70658096
191132,34.0045833,74.7947778
191201,34.260244888888884,74.81028555555555
191202,33.5291965875,60.9393456375
192101,33.87101646,74.9877521
192121,34.09685256666666,74.69216955
192122,130.1738507,72.34412499999999
192123,168.4934225,223.63585278
192124,121.96970368,81.36022704
192125,96.44746875,120.30583680000001
192126,135.27675,400.31176385
192129,33.8767063,75.1553293
192201,115.74495939999998,72.13370726153846
192202,49.78026545714285,78.29103594285714
192210,33.76677732,75.08968852000001
192211,99.85343917499999,111.77033775
192212,132.56206882222222,107.93575646666666
192221,54.564597146666664,65.22932342
192231,65.0278540375,104.82470324166667
192232,168.74077516923077,101.57049789999999
192233,33.556261864285716,71.20550517142857
192301,131.08773139411764,674.694834382353
192302,34.98680683333333,42.353220533333335
192303,28.994625926666668,23.815418519999998
192304,33.9439481,74.93551376666666
192305,116.9561574111111,86.03167592222222
192306,33.82231356666667,74.83921211666667
192401,52.00980719230769,37.54479048461538
193101,34.148328666666664,74.0800347225
193103,34.22517939,74.400538445
193108,34.187464999999996,74.44795153999999
193109,34.176412666666664,74.43027266666667
193121,34.142671511,74.5591263165
193122,34.144910083333336,73.98690599999999
193123,34.090774,74.03974965454546
193201,34.30438708,74.4639461125926
193221,34.40031713,74.53673379666667
193222,34.497218126,74.28355759266667
193223,34.15198757142857,74.57966185714285
193224,34.51168310526316,74.12913610526316
193225,34.38472857142857,73.91399999999999
193301,34.313023622,74.317772933
193302,34.33730300916667,74.30088636083333
193303,34.3150653,74.32175065
193401,34.08950838333333,74.62030996666667
193402,83.9873794625,153.457261175
193403,34.031827,74.235936
193404,34.08091746153846,74.53033138461538
193411,107.72605271764706,83.90064076470588
193501,34.26308149538461,74.62858241846153
193502,34.4421470625,74.673811631875
193503,34.60902346153846,74.79109566923077
193504,40.92980396666667,67.90940261666667
193505,34.390670666666665,74.52898028333333
194101,34.152838,77.577038
194102,34.553506,76.135043
194103,34.553506,76.135043
194104,34.152838,77.577038
194105,34.553506,76.135043
194106,34.152838,77.577038
194107,34.321115,77.1917725
194109,34.46271,76.333985
194201,34.152838,77.577038
194202,33.205916,78.648384
194301,34.553506,76.135043
194302,34.0081535,76.5068125
194303,34.553506,76.135043
194401,34.4779465,77.309121
194402,34.152838,77.577038
194404,34.152838,77.577038
201001,28.66605334,77.4516707
201002,28.679884966666666,77.4466494
201003,28.7143361,77.39404051428572
201004,28.6920556,77.4503333
201005,28.6846783,77.36324135000001
201006,28.689016000000002,77.327417
201007,28.6681111,77.4284722
201008,27.318514999999998,77.78128674999999
201009,28.64701677,77.44141692
201010,28.654838475,77.36378967499999
201011,28.664917,77.330289
201012,28.6532778,77.3566944
201013,28.6837778,77.4854167
201014,28.6681111,77.4284722
201015,28.68973288,77.57117874000001
201016,28.629409,77.432905
201017,28.6681111,77.4284722
201018,28.651964,77.436632
201019,28.6681111,77.4284722
201020,28.6845277,77.4459166
201021,28.63408,77.345364
201102,28.744497014285713,77.3311963
201103,28.79153205,77.25111960000001
201201,27.762380714285715,77.8946382857143
201204,28.838134142857143,77.538673
201206,28.798789340909092,77.55052159090909
201301,23.871139999999997,78.31805833333333
201302,28.5787,77.3134
201303,24.71687,78.477465
201304,27.3077465,77.6808755
201305,24.948850999999998,77.976603
201306,26.73980233333333,77.80609666666668
201307,25.10219066666667,78.17665133333333
201309,25.246191666666665,78.137134
201310,26.652117500000003,77.1233612
201311,27.524475,77.75572166666666
201312,26.831502666666665,77.770334
201313,25.648745,77.8542698
201314,28.540864666666664,77.51132133333334
201315,45.9874534,27.321466
201316,45.4462114,23.456644
201317,45.4654414,22.4564454
201318,28.6681111,77.4284722
202001,27.452190940357145,78.00541289678571
202002,27.893921158214287,78.07463367928572
202121,27.77334410909091,78.26453696363636
202122,27.990126671428573,78.06234831428571
202123,28.026129066666666,78.76085299166667
202124,27.719653326666666,77.93599024666668
202125,27.422652945454544,78.61477749090909
202126,28.000724885714284,78.10308862857143
202127,28.014688009999997,73.13121298
202128,27.8816232,78.24687084
202129,27.855483745454546,78.31707719090909
202130,27.916882175,78.3670319375
202131,27.926112030000002,78.31983533
202132,28.076289437499998,77.87428835
202133,27.958228530434784,78.45767160869566
202134,29.5385081,74.81191044444444
202135,27.405056555555557,77.64336408888889
202136,28.0344556,77.980060975
202137,28.080665720000002,77.6666601
202138,33.121627363636364,69.37557595454545
202139,25.1643405,78.61814276
202140,28.52245715714286,79.8507875
202141,27.984393075,77.80353605
202142,28.0308412875,77.93404746249999
202143,28.09211498333333,77.84446636666667
202145,27.673394327272728,77.90838068181819
202146,27.9001111,78.0728333
202150,27.951896336363635,77.68281102727273
202155,27.0083119625,78.2423451125
202165,28.008760833333334,77.56444528888889
202170,27.712921674,78.22380719399999
202280,32.372857574545456,74.23150168000001
202281,28.3100055625,78.171626025
202282,27.44720345,77.151998725
203001,28.360554012121213,77.87299333636363
203002,28.36419308,77.81845916
203129,28.203650009090907,77.9682625090909
203131,28.230545596428573,77.88583374642857
203132,28.207734057142858,77.80735215714286
203135,28.174728685714285,77.60938185714285
203141,28.16581260769231,77.7226063
203150,28.36833274545455,78.00713746363637
203155,28.1428335125,77.639572525
203201,28.34061544,77.6375242
203202,28.388174033333332,77.66668968888888
203203,28.305215441666665,77.70890715833333
203205,28.473501458333335,77.73334443333333
203206,28.440237500000002,77.7467628
203207,27.8848116,77.66629375
203209,28.2402062,77.5780652
203389,28.177331900000002,78.366884
203390,28.320641433333336,78.20747999166666
203391,28.346768033333333,78.14777201666666
203392,28.21992566875,78.165690025
203393,28.203821400000002,78.29186554117646
203394,28.138872626315788,78.05373467894738
203395,28.333656528571428,77.97345974285714
203396,28.169506425,78.0585914875
203397,28.1087821375,78.1492336125
203398,28.451192506666665,78.19062258000001
203399,28.13107775,78.399134825
203401,28.474251966666667,77.87878896666668
203402,28.63202895,77.93726606
203403,28.57649588181818,78.10409196363636
203405,28.5185312,78.05507098000001
203407,28.503262614285713,77.89973904285714
203408,28.53899664761905,77.8041110904762
203409,28.42509361666667,77.9622645
203411,28.596071466666668,77.89948614166667
203412,28.619701575,78.043024
204101,27.124255089655172,78.36576972068966
204102,28.201121855555556,77.8761263
204211,27.724898064285714,78.27614102142857
204212,27.736361886666668,71.69659130666668
204213,27.566297044444447,77.95767126666667
204214,27.588097011111113,78.7708411888889
204215,30.8139133375,75.3371342
204216,27.38075805833333,78.90511318333334
205001,25.826995736666667,78.50299967333333
205119,27.582236242857142,78.64563244285715
205121,24.75724281818182,78.32389713636364
205247,24.86310571,78.84272643
205261,24.78534790909091,78.93620860909091
205262,25.370674205555556,78.70799207222223
205263,26.655828250000003,78.35775012
205264,25.024999776923078,78.79971843076922
205265,26.457266091666668,78.47021954166667
205267,27.440279536363633,78.53759199090909
205268,27.21887958888889,78.2658560888889
205301,25.290785438461537,78.02250796923077
205303,27.13535612,78.21674726
205304,27.396312025,72.579316475
206001,26.77744975,79.02029531000001
206002,26.814601266666667,78.98512848333333
206003,26.7557519,79.04658372
206120,26.655812,79.28157986666666
206121,26.5440107,79.30235273157894
206122,26.47530279,79.51454951000001
206123,26.930092533333333,79.2008522
206124,26.677979060000002,79.18241615000001
206125,26.533370899999998,79.10972708823529
206126,26.72589188,79.10861007
206127,26.649554366666667,79.11715396666666
206128,26.602844414285716,79.24154309999999
206129,26.503317919999997,79.38421922666666
206130,26.940797959999998,78.96114118
206131,26.73480115833333,78.90368354166667
206241,26.6978831,79.40185858461538
206242,26.787039146153845,79.25487575000001
206243,26.803989146666666,79.54758624666667
206244,26.624859694117646,79.57492288823529
206245,26.88692512857143,78.8666065857143
206246,26.60540345,79.6414616375
206247,26.592544375,79.4614018
206248,26.7463726,79.60166715555556
206249,26.775310066666666,79.43658347777779
206250,26.700292400000002,79.5000546
206251,26.83983065,79.65211769999999
206252,26.87617395,79.415236075
206253,26.87840429230769,79.06900786923076
206255,26.77665096,79.70073158
207001,27.557049,78.65853375
207002,27.43730769230769,78.66807692307692
207003,27.52067652173913,78.80694434782609
207120,27.625,78.54875
207121,27.423636363636362,78.75545454545454
207122,27.571604933333333,78.47376234444444
207123,27.797765625,78.68155903125
207124,27.867500000000003,78.57166666666667
207125,27.682,78.65299999999999
207241,27.701999999999998,78.75699999999999
207242,27.732857142857142,78.91707737857143
207243,30.704040847058824,76.09285784117647
207244,27.574545454545454,79.1309090909091
207245,27.7820173625,78.8188888875
207246,27.63357142857143,78.86428571428571
207247,27.469444444444445,79.15944444444443
207248,27.536363636363635,78.88636363636364
207249,27.49748704,79.08185185333333
207250,27.365000000000002,79.26
207301,27.445,78.44571428571429
207302,27.473177534782607,78.30998550869565
207401,27.75769230769231,78.53153846153846
207402,27.88,78.8275
207403,27.908298608333336,78.70136110833333
208001,26.45690548736842,80.35430900210527
208002,26.48025209,80.31678686000001
208003,26.460041699999998,80.3304722
208004,26.451523166666664,80.36188426666666
208005,26.474993075,80.31571525
208006,26.461125000000003,80.32638885
208007,26.42518954,80.36184622
208008,26.413791699999997,80.3974722
208009,26.46569445,80.27120830000001
208010,26.4292778,80.40299999999999
208011,39.907692225000005,66.858478025
208012,26.47197872857143,80.31237695714286
208013,26.4718148,80.34427773333333
208014,26.43955555,80.31391665
208015,26.4126944,80.3717778
208016,26.5119167,80.2364167
208017,26.480507766666666,80.29279238333334
208019,26.476375,80.3063194
208020,26.471812800000002,80.2874472
208021,26.463584914285715,80.39742460000001
208022,26.4582778,80.31688885
208023,26.4394028,80.3370833
208024,26.495874999999998,80.2763889
208025,26.477,80.29168055
208026,26.4735556,80.3506944
208027,26.4295528,80.3113061
209101,26.388396466666666,76.36687713333335
209111,26.23860775,79.837697125
209112,26.1790554,79.79757099999999
209115,26.30345694736842,79.71480257894737
209121,26.32014157142857,80.09331766666666
209125,26.382851384615382,79.64953476923077
209202,26.83314688,80.00914936
209203,26.607182125,80.15545374999999
209204,26.61413257142857,80.02943792857143
209205,26.66905033333333,80.13998891666667
209206,26.1246632,80.183168
209208,26.171425777777777,79.97637366666667
209209,26.199968,80.28221655555555
209210,26.684446,80.05895957142857
209214,26.3302508,80.27280895
209217,26.55286913333333,80.2245125888889
209301,26.523502181818184,79.75548836363636
209302,26.556354833333334,79.76377025000001
209303,26.5134306,79.94276553333333
209304,26.426109162499998,80.1687716625
209305,26.712323150000003,79.76455203333335
209306,26.705514235294117,79.81600994117647
209307,26.10190057142857,76.26098671428572
209308,26.380346777777778,80.01170277777777
209310,26.496623333333332,79.70289655555555
209311,26.338126166666665,80.01324016666668
209312,26.299424199999997,79.8564538
209401,26.243969935294118,80.42813418235293
209402,26.34655204736842,80.34123
209501,73.56880693333332,33.33795286666666
209502,27.529828427272722,79.34290545454544
209503,65.37165935,40.26861195
209504,27.56466592,79.33677345999999
209505,34.99334198571429,71.89659624285714
209601,30.93793218,76.10935803333334
209602,26.952851528571426,80.74559577142857
209621,27.511910733333334,79.60322546666667
209622,27.7954312,78.51966142857144
209625,32.96771972631579,74.03534667368422
209651,33.104197325,75.94862475
209652,75.4625768,31.311130753846154
209720,27.1211324,79.4855072
209721,27.14803122352941,79.46684037058824
209722,27.1172882125,79.7276071125
209723,32.231180699999996,74.402693
209724,27.263616409999997,79.630383
209725,40.1869193,66.73978265
209726,27.0285833,79.9258889
209727,76.79392319411765,30.15061304117647
209728,76.40462172352942,30.118125788235293
209729,72.65407300000001,36.811555799999994
209731,74.17255705000001,33.309676075
209732,72.24516612857143,34.508350414285715
209733,27.0847194,79.8288239
209734,72.35384928571429,34.58163171428571
209735,62.09457176666667,44.470216666666666
209736,26.8995009,79.854341125
209738,40.367279825000004,66.3551796875
209739,26.100759355555553,82.8537442
209743,27.1335139,79.68747863749999
209745,68.96722345999999,37.93594368
209747,71.94779272857143,34.38857457142857
209749,27.322830366666665,79.61935986666667
209801,26.6345413625,80.457350378125
209821,26.471479428571428,80.9437693047619
209825,26.487018625,80.77213641666667
209827,26.414353142857145,80.8011112857143
209831,26.684120569230767,80.70848722307693
209841,26.91300025,80.568518
209859,26.5771739,80.74303466153846
209860,26.455710617647057,80.55890991764706
209861,26.493874225,80.39616445
209862,26.5315909,80.4266729
209863,26.28274441875,80.6929537875
209864,26.1972815,80.65723125
209865,26.377607272727275,80.65418670909091
209866,26.33836318181818,80.82099981818182
209867,30.883671225,76.42532838333334
209868,26.88785411875,80.23453911875
209869,26.916054114285714,80.07118128571427
209870,26.77059285,80.50793852727273
209871,26.75281956,80.309867704
209881,26.666876666666667,80.56414533333334
210001,27.860087330434784,77.96504877173913
210120,25.352436325,80.55699685833333
210121,25.568174708,80.64400895200001
210123,25.726289675,80.49609985000001
210125,25.57225814782609,80.91101783043477
210126,25.8139307,80.41276193333333
210128,25.63250668,80.53841063
210129,25.163460426315787,80.4271331368421
210201,25.313056933333332,80.57892696666666
210202,25.21631558,80.65538071333334
210203,25.39928085625,80.7160346875
210204,25.20272278,80.83457798
210205,25.21343442,80.97455983500001
210206,25.35302525,80.94786243749999
210207,25.461190363636366,81.12584236363637
210208,25.30423825,81.44574666666666
210209,25.329661135294117,81.26741914117646
210301,25.88617022222222,80.04637755555557
210341,25.709590057142858,80.00052054285713
210421,25.47291093,79.81112873
210422,25.789610500000002,80.114257625
210423,25.2127423,79.5255617
210424,25.419971733333334,80.02577666666666
210425,26.0486808,79.72819913999999
210426,25.300472466666665,79.63584306666667
210427,25.315827755555556,79.88085706666666
210428,25.6503305,79.45251116666667
210429,25.365957252380955,79.4291471
210430,25.75683079,79.45054723
210431,25.70290811764706,79.92447307647059
210432,25.793077399999998,79.696725
210433,25.230777222222223,79.80792266666667
210501,25.789250400000004,79.945722
210502,25.846571240000003,80.18137634
210504,25.51880400909091,80.3801373909091
210505,25.96235469090909,80.04251318181818
210506,25.6617619,79.8084245
210507,25.672821652173912,80.16828139130435
211001,25.419949066666664,81.77929721666666
211002,25.441769272727274,81.81696718181819
211003,29.752354699999998,76.86851896666667
211004,25.4949685,81.8612755
211005,25.4320833,81.87425
211006,25.446925,81.61675
211007,25.43478545,81.83777864999999
211008,25.396272,81.86324641428571
211010,25.42117075,81.85154625
211011,25.446677675,81.7811101
211012,25.442783527272727,80.87063372727272
211013,25.536713624999997,81.87115525
211014,25.4750833,81.8177778
211015,25.4358,81.8463
211016,25.440246333333334,81.823829
211017,25.4525,81.8212778
211018,25.4591,81.842
211019,25.42806,81.91170480000001
211020,25.42073975,81.896047575
211021,25.535074,81.853147
211022,25.428619,81.809372
211023,25.4534,81.8272
212104,25.6143548,82.04376426666666
212105,25.3745833,81.8525833
212106,25.334131444444445,81.8086785
212107,25.590927809523812,80.46437414285714
212108,25.2292515,81.843897
212109,25.723687428571427,81.29540042857141
212111,25.332996066666666,81.81239566666666
212201,25.615586000000004,81.59232027272728
212202,25.865160336363637,80.94000062727272
212203,27.2743883,79.2964056125
212204,26.090600240000004,80.927694
212205,24.065540666666667,80.83645783333333
212206,25.4531056,81.7393592
212207,25.31899285714286,81.7806
212208,25.5191855,81.70795637500001
212212,25.4743,81.6708
212213,25.46023816666667,81.79440116666666
212214,25.4397291,81.73210329999999
212216,25.449027222222224,81.64437522222222
212217,25.45100480952381,81.80080323809523
212218,26.778558828571427,80.169109
212301,25.402360833333333,81.85677588888888
212302,25.32462191666667,81.94860025
212303,25.35239217647059,81.86946358823529
212305,25.616592076923077,81.49578884615383
212306,25.323071119999998,81.96983616
212307,25.409843111111112,81.89113422222222
212308,25.1417,81.9846
212401,25.544009769230772,82.18569584615383
212402,25.764464666666665,81.93857173333335
212404,25.452888,81.972719
212405,25.17334766666667,81.548148
212502,25.136500555555557,82.45392588888889
212503,25.539649555555556,81.81232866666667
212507,25.484975285714288,81.84382492857142
212601,25.943126813043477,80.77868146086958
212620,25.778202391666667,80.8615623
212621,25.8425783375,80.7745621375
212622,25.810160715384615,80.84331406153845
212631,25.949414585714287,80.35790797142856
212635,26.023450472727276,80.55950543636364
212641,25.880355883333333,80.70058665833334
212645,25.941501375,80.66798915000001
212650,25.8824514125,81.2394773375
212651,25.81373837142857,80.96475632857143
212652,25.903173392857145,81.03551167857142
212653,25.75435625,81.19226875
212654,26.00842666666667,80.84249999999999
212655,25.801440826086957,78.4402945826087
212656,25.564731909090913,81.11488272727273
212657,25.778976450000002,80.42940783333333
212658,26.02522416153846,80.80607522307693
212659,26.102312650000002,80.375663075
212661,25.853688400000003,80.58602814285713
212663,25.88205843,80.71149362999999
212664,26.02050042307692,80.7284634
212665,26.131240181818182,80.58013659090909
221001,25.270063699999998,83.04057305416667
221002,25.329966972727274,82.98562140909091
221003,25.357081833333336,82.96149966666667
221004,25.23269445,82.77020834999999
221005,25.31664,83.08521111111111
221006,25.44296296666667,82.84242593333333
221007,25.363279040000002,83.0171943
221008,25.2832451,83.06141873333333
221009,27.1731,83.0447
221010,25.341393936363637,82.99382070909091
221011,25.28071,82.9823225
221012,25.281,83.119
221101,25.493082083333334,83.01253333333334
221103,25.3022778,82.9697778
221104,25.471095714285713,83.05081761904762
221105,25.371597216666668,82.90968055
221106,25.30243052,82.95123036
221107,25.296340533333336,82.93727030000001
221108,25.30675,82.96154165
221109,25.211598,82.819827
221110,25.27646,83.03345
221112,25.49391,83.01285
221115,25.493914,83.126397
221116,25.451328,83.01285
221201,25.45023889,82.73075833
221202,25.4280607,82.8083702
221204,25.42108788,82.81034757
221206,25.4656424,82.792846
221207,25.49459916666667,82.69962666666667
221208,25.50818888888889,82.88723333333334
221301,25.378488166666667,82.54616733333334
221302,25.42048202,82.87181982000001
221303,25.26627468888889,82.40144444444445
221304,25.359234845454544,82.48492676363637
221305,25.16912,82.76415999999999
221306,25.2455455,82.5144015
221307,25.2659568,82.7260232
221308,25.309755,82.3034725
221309,25.302591477777778,82.27374633333334
221310,25.293309528571427,82.35854761428571
221311,25.26939833333333,82.86231500000001
221313,25.26355725,82.803951
221314,25.26987157142857,82.5944617142857
221401,25.37446875,82.5518854125
221402,25.36997208,82.64034468
221403,25.35434848181818,82.73356565454546
221404,25.45253268235294,82.40693464117646
221405,25.34,82.83125
221406,25.398313333333334,82.45202833333333
221407,25.31566,83.01146
221409,25.380259,82.55998866666667
221502,29.17695006666667,78.2834416
221503,25.4476353875,81.850031875
221505,25.54519575,81.80354266666667
221507,25.45621812,81.88662289999999
221508,25.494831166666668,82.17512008333334
221601,26.197142857142858,83.71714285714286
221602,25.35875,74.50874999999999
221603,26.12219230769231,83.18160897692307
221701,25.835,83.92642857142857
221705,25.958461538461542,83.67923076923077
221706,25.929188030769232,83.73121581538462
221709,25.861428571428572,83.87714285714286
221711,25.94608695652174,83.8804347826087
221712,25.861153846153847,84.09
221713,25.752857142857145,84.04857142857144
221715,29.136315789473684,80.82578947368421
221716,26.055555555555557,83.75555555555555
221717,30.07304365,74.44848809285715
221718,25.237272727272728,82.93
222001,25.976819999999996,82.3345
222002,25.79121438235294,82.74542418235293
222003,25.999344444444446,82.29935555555556
222105,25.974185714285714,81.61932857142857
222109,25.951509090909088,82.06430999999999
222125,26.043294015384614,81.97304743846153
222126,25.92398,82.683
222127,26.1266,82.33009761428572
222128,26.2704537,81.82516666666668
222129,26.25732221818182,81.77437828181819
222131,26.27126,81.310524
222132,26.116094450000002,82.52262036666667
222133,26.203420366666666,82.46736481111111
222135,25.91271334,82.84742888000001
222136,25.837600795238092,81.87108677142858
222137,26.0601604125,81.87592430000001
222138,25.632722233333336,82.01774073333333
222139,25.940736112499998,81.917615975
222141,26.414557142857145,81.9002
222142,26.305041113333335,82.43004055333333
222143,25.80310833333333,82.268575
222144,25.7813676,72.46220926666666
222145,25.977208081818183,82.22338939090909
222146,26.240671428571428,82.44941428571428
222148,26.348399999999998,82.70421999999999
222149,25.93617142857143,82.61852857142857
222161,26.017853286363632,82.02461691818182
222162,25.851231249999998,82.31106770625
222165,25.666913891666667,82.11926018333334
222170,25.853128475,82.43014236249999
222175,25.7693,82.164675
222180,26.321849999999998,82.1022375
222181,25.609033333333333,82.56318333333333
222201,26.236644446153846,82.5757164076923
222202,25.748984725,82.40789675833334
222203,26.09268375,81.6799375
222204,26.04828333333333,82.62920333333334
222301,26.044021899999997,82.3235884
222302,28.222557903703702,80.14024191111112
222303,26.348444145454547,80.55109884545455
223101,25.841128571428573,82.41552857142857
223102,26.049655555555557,82.5932111111111
223103,25.609354545454547,82.41982727272728
223104,25.814628571428575,82.21505714285715
223105,25.649171428571428,83.00311428571429
223221,26.18014930625,82.90942534999999
223222,26.0728254,83.12607142857144
223223,11.22110243125,16.084253475
223224,25.99,82.76
223225,26.130000000000003,82.81
223226,26.060000000000002,82.60833333333333
223227,26.3425486125,82.68992361250001
224001,26.727876069999997,82.14359278666667
224116,26.795786777777778,81.75871222222221
224117,26.740657666666667,81.63133766666667
224118,26.682947117647057,81.67085129411764
224119,26.807010428571427,81.61421214285714
224120,26.7439525,81.76792830000001
224121,26.677955133333334,81.85396146666668
224122,26.47343265263158,82.4989815631579
224123,26.764205600000004,83.373934
224125,26.067105044444443,82.61736841111112
224126,27.00562811111111,81.41262744444445
224127,26.553833400000002,82.10030040000001
224129,26.452477853333335,82.78036613333333
224132,26.37874175,82.37026658333333
224133,26.719937,82.1500725
224135,26.7300985,82.2081105
224137,26.669552818181817,82.45377770909091
224139,26.371644692307694,82.92836153846154
224141,26.594355933333336,82.2761014
224143,26.4975693125,82.6605605
224145,26.763864375,82.27153275
224146,33.380685375,75.50433625
224147,26.2811641,82.84655380000001
224149,26.33616965217391,82.96864265217391
224151,26.4686282,82.5460913
224152,26.48636225,82.38943141666665
224153,26.553136749999997,81.91836941666666
224155,26.0006737625,82.989814
224157,26.20780142857143,82.71614185714286
224158,26.650866166666663,81.99411741666667
224159,26.20793441666667,82.68246216666667
224161,26.8458305,82.09714100000001
224164,26.605424714285714,81.92516792857144
224168,26.2734679375,128.87747825
224171,26.359592666666668,81.54833066666667
224172,26.708486100000002,82.281149375
224176,26.600755222222222,82.67463544444445
224181,26.42081152631579,82.18656784210526
224182,26.766727200000002,81.9706454
224183,26.412648333333333,83.32086416666667
224186,26.33686175,82.5173185
224188,26.7453529,82.0025143
224189,26.5757921,82.0108432
224190,26.485586842105263,82.75616863157896
224195,26.5652145,81.964729875
224201,26.71854,82.34492511111111
224202,40.25433595,82.15851775
224203,26.588298666666663,82.278888
224204,26.602675947368418,82.13981294736841
224205,26.458855181818183,82.24916109090908
224206,26.509575166666668,82.19731741666666
224207,26.724684749999998,82.09578475
224208,26.650159333333335,82.04104708333334
224209,26.470783384615384,82.02087584615384
224210,26.415399714285716,82.62722514285714
224225,26.273638285714288,81.80369757142856
224227,26.427843,82.9099197142857
224228,26.545156714285717,81.87814242857144
224229,27.52444385714286,81.86492657142857
224230,26.1674005,82.97992066666667
224231,27.11072753846154,81.57961601538462
224232,26.567282,82.618629
224234,26.1555502,82.59917
224235,26.386594000000002,82.63447625
224238,26.597508,82.581817
224284,26.32266783333333,82.22136766666667
225001,26.827076010000003,81.20080534
225002,26.927186,81.191429
225003,26.932062375,81.299971625
225119,26.719428075,81.317793225
225120,26.7653764,81.293225825
225121,26.87241542857143,81.45271742857143
225122,26.8048495,81.59279
225123,26.9254299,81.26782426666666
225124,26.636480415789475,81.38127028421053
225125,26.645548400000003,81.49935629999999
225126,26.641542129999998,81.26666508
225201,26.969407999999998,81.40827112
225202,27.261604233333333,80.88131698333333
225203,26.9065636,81.32598279999999
225204,26.963033000000003,81.247896
225205,26.805769271428574,81.52713805714286
225206,26.88237518181818,81.64677873636363
225207,26.912193566666666,81.47461207777778
225208,26.764915733333336,81.36282870000001
225301,27.044659173913043,81.16747604347826
225302,27.0709,81.07116
225303,26.932509999999997,81.3977
225304,27.232979450000002,81.3546870875
225305,27.21544206060606,81.11656091818182
225306,27.18925,81.06075
225401,26.8151391125,81.620132325
225403,26.891648314285714,81.6519016
225404,26.8925142,81.51193574999999
225405,26.85802318181818,81.60296909090908
225409,26.76084119375,81.4960675625
225412,26.920120364285715,81.27901010000001
225413,26.7570651875,81.40940155
225414,26.864235633333333,80.93497509999999
225415,26.95814176875,81.5843219125
225416,26.890798964285715,81.39502322857142
226001,26.849856654545455,80.94430159090909
226002,26.804088563157894,81.02023374210526
226003,26.863907594444445,80.90940078333333
226004,26.846229779999998,80.92525979
226005,26.82598407777778,80.91852002222222
226006,26.87565275,80.959625
226007,26.8659548,80.9512122
226008,26.786901088888886,80.8496493
226009,26.8074445,80.9121125
226010,26.863002,80.85799507142858
226011,26.816896,80.892826
226012,26.823256,80.9181385
226013,26.904178666666667,80.92659366666668
226014,26.7445,80.9388611
226015,26.8951388,80.9835833
226016,26.87924185,80.99157106999999
226017,26.943733025,80.14239685
226018,26.83978245,80.92866081999999
226019,26.91975,81.0629166
226020,26.885291757142856,80.94206544285714
226021,26.907681233333335,80.95029813333333
226022,26.89681615,80.96458415000001
226023,26.8208665,80.91526200000001
226024,26.8934083,80.94589673333333
226025,26.7642777,80.9268888
226026,26.523883583333333,81.72697013333334
226027,26.8447,80.945626
226028,26.88148625,81.010286125
226029,26.781374,80.958468
226030,26.794722,81.007825
226031,26.906258,80.948475
226101,26.868939036363635,80.72828044545454
226102,26.911037181818184,80.75049653636364
226103,26.9700768,80.67821386666667
226104,26.979078285714287,80.9727960952381
226201,26.971467999999998,80.9118294
226202,26.952215666666664,80.90591
226203,27.037486,80.90539776470588
226301,26.709919928571427,80.94911164285715
226302,26.9037306,80.9534262
226303,26.808216285714284,80.97458528571428
226401,26.673083727272726,80.85895090909091
226501,26.79187988888889,81.04309266666667
227304,26.18158360833333,82.102393475
227405,26.641015644444444,81.31970268888888
227406,25.686246333333333,82.14275916666666
227407,38.01416308,70.20375428
227408,34.1336807,73.82871955714286
227409,26.33761908235294,81.60388284705881
227411,26.04637477777778,82.14112333333334
227412,26.2145388,81.8210664
227413,26.1603531125,81.986165275
227801,29.132033185,78.93479818
227805,26.408435663636364,81.6972719090909
227806,26.285223999999996,81.80728353846153
227807,32.516924888888894,81.80881688888888
227808,26.267544916666665,81.99452183333334
227809,26.5124633125,81.2663504375
227811,26.312819199999996,81.622529
227812,26.439590775,81.963081075
227813,25.9190493375,81.40776555625
227814,31.4012486,77.18714475454546
227815,31.461879881818177,76.74061072727272
227816,29.4854049375,79.0190051875
227817,26.4796667,81.5690833
228001,34.929368532,72.966061212
228118,26.276888,82.07610299999999
228119,41.41796945454546,66.69537254545455
228120,26.246257800000002,82.202105475
228121,26.123451439999997,82.49076294
228125,26.561009789999996,82.05125118
228131,28.80253599090909,79.81861924545454
228132,26.257398327272725,82.11182667272728
228133,26.340628279999997,82.39924828000001
228141,26.263461916666667,82.25209875
228142,26.364657570000002,81.43682227000001
228145,26.258871135294118,82.24733480588236
228151,26.438977455555555,82.08485903888888
228155,26.295094399999996,82.01103728181819
228159,26.5886764375,81.5057306875
228161,25.95976795263158,83.0069576263158
228171,31.670918210000004,76.91724064
228172,35.26766666666666,73.09616666666666
229001,25.608751339999998,78.792986295
229010,26.122033199999997,81.4042016
229103,23.83561825,81.970126
229120,26.234946,81.241008
229121,25.783301585714288,80.74999602857143
229122,24.28922221428571,79.51074205714285
229123,26.48502222,78.71419444
229124,26.124376185714286,81.30522381428571
229125,30.13075231666667,76.19826619999999
229126,26.644559528571428,81.60367857142857
229127,26.3119716,71.13495185555556
229128,26.309788885714283,81.2665992
229129,24.17450995,79.82295843333334
229130,25.112918880000002,79.3404
229135,25.41273888,80.04294444
229201,26.13271112,81.36045555999999
229202,24.34750575,79.2563885
229203,24.95,80.4603621125
229204,26.21707995625,78.97087549375
229205,26.13814142,81.69237202000001
229206,26.085942000000003,81.235916
229207,27.3722916625,88.5238368
229208,26.045125,82.521479175
229209,26.1958333,80.55575
229210,26.2617915,81.166044
229211,24.990340633333332,83.32068765000001
229212,23.2514893,79.59094235555555
229215,25.53216666666667,80.12705555000001
229216,25.869215275000002,79.78645601666666
229301,25.392421570588237,84.06663071764706
229302,26.768583333333336,74.84971296666667
229303,26.990449636363635,82.79190981818182
229304,27.097314816666668,81.29076388333333
229305,27.562920000000002,81.38721666
229306,26.4773923,81.01357540000001
229307,36.136117455555556,65.66044622222222
229308,27.27273071818182,78.8330147
229309,26.812080541666663,73.99821674166667
229310,26.397919755555556,80.98867592222223
229311,26.817819450000002,80.876770825
229316,26.582125,79.2495139
229401,26.764174627777777,81.28343333333333
229402,25.62061123076923,82.07575976923077
229404,25.769654013333334,79.76188122666666
229405,26.876989200000004,80.1002016
229406,27.471648666666667,80.580336
229408,22.759364257142856,81.5930171
229410,22.852457,66.733733
229411,24.360909,81.30305157142857
229412,25.745339222222224,81.74766322222223
229413,25.650596,81.62056971428571
229801,26.42577332857143,79.46107937142857
229802,30.08756944,84.38150278
230001,25.91602018333333,81.99776463333333
230002,22.415402800000003,81.44302478
230121,22.9271142,81.558161025
230124,21.55615798181818,81.20672580909091
230125,21.74790151666667,81.38025495000001
230126,23.280335,81.84796
230127,21.916788257142855,81.39126941428572
230128,21.650540000000003,81.36303916666667
230129,21.925209945454547,81.7169298909091
230130,26.241304,84.071794
230131,22.19809772222222,81.75498184444444
230132,21.648314285714285,81.62823571428571
230133,25.889882439999997,81.95730428
230134,21.83065625,81.638013875
230135,21.85807253333333,81.59594586666667
230136,22.200590833333333,81.43217633333333
230137,22.33488925,81.46705850000001
230138,22.3671348,81.5823182
230139,21.822949538461536,81.38861146153846
230141,21.613231076923075,81.49533292307692
230142,21.926117285714287,81.62722557142857
230143,21.801745,81.37580333333334
230144,24.579435714285715,81.71619657142857
230201,21.627813333333332,81.37939499999999
230202,21.7845525,81.39206745
230204,21.644837499999998,81.41394166666666
230301,21.915494811111113,81.5185577111111
230302,22.2730435,81.67766816666666
230304,21.729211527777778,81.54254517777778
230306,22.4133042,81.5322934
230401,22.450427083333334,81.35979341666666
230402,21.560306214285713,81.54793971428572
230403,21.710310363636363,81.56192381818181
230404,22.978859,81.59903100000001
230405,22.179713333333336,81.53240833333334
230501,21.954796642857143,81.35425448571428
230502,21.836249908333333,81.399025
230503,22.136592928571428,81.4963784
231001,25.1462301125,82.63471475
231205,24.558125,83.05557146153845
231206,24.6430546,83.0969675
231207,24.483564225000002,83.144029775
231208,24.2497940125,83.1882265875
231209,24.3612,83.1236
231210,24.755392213636366,82.94299706363637
231211,25.076223711111112,82.41437779259259
231212,24.272046,83.1000875
231213,24.673212579999998,83.24855624666667
231215,24.662835,82.92047600000001
231216,24.760241340000004,82.99637925200001
231217,24.18658926666667,83.0337142
231218,24.144208499999998,82.672833
231219,24.45330452,82.96373248
231220,24.156356,82.795152
231221,24.3020589,82.9385161
231222,24.16825975,82.59489775
231223,24.0936089,82.90115807
231224,24.1057,82.4657
231225,24.677551,82.8761584
231226,24.383049184615384,83.30982476923077
231301,25.1595758,83.11783199999999
231302,25.152326635714285,82.99795114999999
231303,25.1947607,82.468241
231304,25.12745624242424,82.88539721212122
231305,25.48443508,83.48105889333333
231306,25.129986857142857,82.78527028571429
231307,25.13396093529412,82.55139813529411
231309,24.67475988888889,82.505433
231311,24.955528,82.883865
231312,25.180817875000002,82.551101875
231313,25.1451999125,82.592015175
231314,25.2022411,82.6765587
231501,25.205704613333335,82.64748009333333
232101,25.275372666666666,83.14523933333334
232102,25.35316090909091,83.19023272727271
232103,25.276789411764707,83.12311823529411
232104,25.281564666666664,83.248396
232105,25.323618888888888,83.06190666666666
232106,25.521028095238098,83.35401857142857
232107,25.297597,83.17351666666667
232108,25.31004153846154,83.07965384615385
232109,25.321158014285714,83.03781627142858
232110,25.281688889999998,83.358969445
232111,26.808544,83.23922999999999
232118,25.292255857142855,83.12679285714286
232120,25.255875,83.037925
232325,25.5765,83.5731944
232326,25.4219306,83.67029165
232327,25.4949028,83.80818055
232328,25.5356111,83.7142778
232329,25.4010833,83.55269445
232330,25.4301944,83.7063333
232331,25.4160278,83.5598056
232332,25.5198056,83.6054167
232333,25.4567222,83.7373889
232336,25.5195,83.6503056
232339,25.4824444,83.7685556
232340,25.5765,83.5731944
233001,25.581590249999998,83.581118035
233002,25.5675833,83.5600833
233221,25.53530556,83.22177778
233222,25.7590833,83.6916111
233223,25.5765,83.5731944
233224,25.4891944,83.4636667
233225,25.4205833,83.6693889
233226,25.8047778,83.5541389
233227,25.6306111,83.7576111
233228,25.7278333,83.9326111
233229,25.76269444,83.69058333
233230,25.8091389,83.6485278
233231,25.65388889,83.55333333
233232,25.4626667,83.4710556
233233,25.6489722,83.8842222
233300,25.72258333,83.54827778
233301,25.5765,83.5731944
233302,25.622,83.7557778
233303,25.6145,83.6095
233304,25.5559028,83.39748610000001
233305,25.65388889,83.55333333
233306,25.54241667,83.25866667
233307,25.3775,83.20544444
233310,25.6294444,83.8165833
233311,25.5524722,83.4015
241001,27.366612323809527,80.01517885000001
241121,27.331110333333335,80.55238296666667
241122,27.341703380000002,80.18545326
241123,27.00190717826087,77.53307822173913
241124,27.562499910000003,77.40993624000001
241125,27.567977433333333,80.04484415333333
241126,26.46978026,79.2730349
241127,27.3986944,80.1285
241201,27.229008538461542,80.18413376923075
241202,27.15195952727273,801.5306411909091
241203,26.321105669230768,79.76442812307693
241204,27.130293946666665,76.91722443333333
241301,27.207457076923074,80.05817734615385
241302,27.169474533333332,80.145375
241303,27.055994470588235,80.15717675294117
241304,27.280796789473687,72.05242220000001
241305,27.0686700125,80.2976466375
241401,27.338959866666666,80.06892511111111
241402,31.249280499999998,79.84316088888889
241403,27.25877583,79.94395477
241404,27.46085597272727,80.25613208181818
241405,27.528201114285714,80.14693508571429
241406,27.64722003076923,76.16363387692307
241407,27.715612413333336,55.726321553333335
242001,27.8840620375,79.91241273333334
242021,28.150329,78.7707727
242042,27.884320635714285,79.91256468571429
242127,27.8840620375,79.91241273333334
242220,27.885148150000003,79.91305093333334
242221,29.460584512121216,79.91235471515151
242223,27.884094949999998,79.91243207272727
242226,27.88543778,79.91322112
242301,27.884094949999998,79.91243207272727
242303,27.893244073333335,79.88797370666666
242305,27.884368376923078,79.91259273846154
242306,27.88424305625,79.9125191
242307,27.885630866666666,79.91333457777779
242401,27.884134445,79.91245527999999
242405,27.901822453846155,79.91778473846153
242406,27.884368376923078,79.91259273846154
242407,27.894250000000003,79.90984656190476
243001,28.35284068333333,79.41505254166667
243002,28.419907875,79.37936425
243003,28.512720264285715,79.45052152142857
243004,74.29589726,33.39492854
243005,28.372746,79.472788
243006,28.37212945,79.44335985000001
243122,28.453294485714284,79.45247232857142
243123,28.569834345454545,79.55094343636364
243126,28.43935305,79.5166386
243201,28.718961186956523,79.54091213043478
243202,28.538722466666666,79.47348055555555
243203,28.61976193333333,79.55780498888889
243301,28.450557777777778,79.60691177777778
243302,28.578844329411766,79.51734247058823
243303,28.543751853333333,79.37831185333333
243401,28.47622857142857,79.34848571428572
243402,28.348480000000002,79.43815
243403,28.186945,79.2577885
243407,28.4977688,79.5822725
243501,28.314989625,79.2896871375
243502,28.747853091666666,79.53982553333333
243503,28.71133876956522,79.58850797826086
243504,28.491741658333336,79.47093481666667
243505,28.637978852941178,79.29620194705883
243506,28.589803875,79.5156572875
243601,28.014204310714288,79.13975964821428
243630,28.0943091,79.37387067499999
243631,27.87609908,79.30576575
243632,28.367508516666664,78.94860539166667
243633,28.143970308333333,78.91942445416667
243634,28.125084587499998,79.238295125
243635,27.99564536923077,79.39217434615384
243636,27.951581809090907,78.93073333636363
243637,27.9844231,79.227566625
243638,28.027971932258065,78.7753398032258
243639,28.00868596666667,79.00481611666666
243641,27.808677985714287,79.24220681428572
243720,28.292492327272726,78.94522231818182
243722,28.11569553529412,78.48463024117646
243723,28.1894178,78.77925587647059
243724,28.23990273076923,78.83941585384615
243725,28.231954146153846,79.11527490769231
243726,28.180851590909093,79.07373115454546
243727,28.269241750000003,78.5925019
243751,28.27313732,78.54364278666667
244001,28.75362635142857,78.45064533142857
244102,24.541476043750002,83.084337775
244103,29.0439722,78.7511944
244104,28.805401518181817,78.93310353636363
244105,28.846666666666664,78.75666666666666
244221,71.85258851333333,35.51557111333333
244222,28.835305514285714,78.47327771428571
244223,28.8381667,78.3734167
244225,28.8381667,78.3734167
244231,28.953583300000002,78.2593333
244235,28.8381667,78.3734167
244236,28.87116667142857,78.4347738142857
244241,28.8381667,78.3734167
244242,28.856878281818183,78.44062474545454
244245,28.8915,78.4691667
244251,28.83810952857143,78.37340238571429
244255,28.85090123333333,78.43410185555555
244301,29.04390481333333,78.75110629333334
244302,29.042937921739128,78.7510084521739
244303,28.54905555,78.5651083375
244304,28.87244262222222,78.50355317777777
244401,29.043908022222222,78.75111048888888
244402,28.95030056,78.83000555999999
244410,28.397022876470587,78.62405065294118
244411,28.7777581,78.77700115833333
244412,29.934109566666663,79.55228857777779
244413,28.6662963,78.42504166666666
244414,29.043908022222222,78.75111048888888
244415,38.65264444,66.43685556
244501,29.060999999999996,78.62683301666668
244504,28.81293254285714,78.81897222857143
244601,29.16618632307692,78.85400213846154
244602,29.235115733333334,78.75511573333334
244701,28.613752336842104,79.15838391578947
244712,28.855178619999997,79.3837353
244713,29.302559244705883,79.11037157529412
244715,29.493967094736842,78.8522648631579
244716,29.248137333333332,79.159095
244717,29.124,78.5624
244720,29.1569,79.056
244901,28.793490497368424,79.03129020789474
244921,28.61060496842105,79.16152075789473
244922,28.610143822222224,79.16214382222222
244923,27.337584914285713,80.2982992
244924,28.652553706666666,79.12691296
244925,28.97110944,78.93990443999999
244926,28.7536944,79.0526944
244927,28.635901518181814,79.14326515454546
244928,28.6106944,79.1696944
245101,28.40639455483871,77.44067408064517
245201,28.413704364285714,76.6978024142857
245205,28.276027750000004,78.03401192999999
245206,28.835055714285716,77.75455571428571
245207,28.61742209090909,77.07454736363637
245208,28.343252500000002,77.91214896666666
245301,28.621674666666667,77.65706433333334
245304,28.674913521052634,77.6851262368421
246001,30.14631053684211,78.7764310526316
246113,68.6974888857143,78.73657197142857
246121,29.90173742352941,78.65461619411765
246123,30.110970468421055,78.92518804736842
246124,29.88167036666667,78.60832866666667
246125,30.0962872,79.01763629999999
246127,29.80677268333333,78.60934703333332
246128,29.937053675,78.63570684999999
246129,29.870581,78.932831
246130,30.146731260000003,78.98625434
246131,29.92786028333333,78.82523073333333
246141,30.428674044444442,78.90718011111112
246142,29.4907778,78.7643333
246144,29.7700921875,78.840825975
246146,30.156162057142858,78.82042571428572
246147,30.17216698888889,78.86798713333332
246148,26.44697942,80.63512607999999
246149,29.760501388235294,533.0740150294118
246150,29.829764,79.053206
246155,29.79354801875,78.72236350625
246159,30.138281016666667,78.74722351666666
246161,29.738676972727273,79.01290596363636
246162,29.96238545454545,78.8664
246163,30.006942000000002,78.74058555714285
246164,30.067220666666667,78.87783085555556
246165,30.06710695,78.81110902500001
246166,30.083857860000002,78.76670951999999
246167,29.92760584666667,78.84486269333334
246169,28.4475650125,83.3605040875
246171,30.293935171428572,78.99125726190476
246172,29.91703251764706,78.70948130588236
246173,29.999319215384617,78.57935444615386
246174,30.19453727,78.79934862
246175,30.027976857142857,78.70224270000001
246176,30.04311876,78.79954862
246177,29.879211666666667,79.0044776
246178,30.222732,78.816132
246179,29.791975523529413,78.87624380588235
246193,29.8634962,78.68504635
246194,30.17817472857143,78.70689548571428
246275,29.912960938461538,79.08327699230769
246276,29.830372788888887,79.05190443333333
246277,29.770211346666667,79.04012614666667
246278,29.893314224999997,79.025472675
246279,29.764707871428573,79.03798662857142
246285,30.00868535384615,79.1258854
246401,31.9726149,81.4096766625
246419,30.465886544444444,79.11261054444445
246421,29.26773384166667,80.11781255833334
246422,30.727925466666665,79.50033143333333
246424,30.297455233333334,79.55233538333333
246425,30.41099742,79.09746742666667
246426,30.2756794,79.20074665
246427,30.07877730526316,79.62926650526316
246428,30.30307499,79.42290187
246429,30.29017164375,79.1733366875
246431,29.969759725,79.329423
246435,38.91330824705882,67.89717312352941
246439,34.25386473846154,75.42093824615384
246440,30.618088163636365,78.2466727090909
246441,30.005756199999997,79.4984943
246442,30.35016145,79.1405554875
246443,30.565688342307695,79.51666898846155
246444,30.317474261538464,79.25591764615385
246445,30.284557,78.981174
246446,30.341419899999998,79.32381466666668
246448,30.3442778,79.0103056
246449,30.2963081375,79.4188866375
246453,30.188364699999997,79.35738462857144
246455,30.290251478571427,79.42005182857143
246469,30.4165131,79.15568733333333
246471,30.5504568,79.03260045714286
246472,30.404062720000002,79.44033878666666
246473,30.39359935625,79.20859700625
246474,30.2196512875,79.2612953875
246475,29.05132067619048,79.11718007619048
246481,30.157078171428573,79.44793545714286
246482,30.04248035,79.524533475
246483,30.4913297,79.63102789999999
246486,30.092834800000002,78.01324083333333
246487,30.199922757142854,79.19830124285714
246488,30.18239585,79.3354303
246495,30.38566,79.24947766666666
246701,29.054886678571428,78.43630907142857
246721,29.346990233333333,78.12798913333334
246722,19.849723766666667,78.4216280888889
246723,29.626338466666667,78.12363376666667
246724,22.6508426,78.33726853333333
246725,28.898106609523808,78.79704742380952
246726,29.222757163636366,78.45423687272728
246727,20.38324691111111,78.43823765555557
246728,27.904326457142854,78.2578714
246729,29.25288297142857,78.20181037142856
246731,28.67881188461538,78.29482350769231
246732,28.791579560000002,79.13826552
246733,19.97523080909091,78.40199772727273
246734,19.94666481333333,78.43652407333335
246735,20.9701713,78.38788426666667
246736,28.95232636,78.28142932
246737,29.3735278,78.1348056
246745,20.550003475,78.4005382
246746,21.493027766666668,78.47128703333334
246747,20.061534184615386,78.44862179230769
246749,29.506995683333333,78.08941045
246761,19.958130753571428,78.36869331785715
246762,22.5422793,78.6149940631579
246763,29.455527325000002,78.30196165
246764,28.48633143636364,78.25821141818182
247001,29.957238057446812,77.55369129361702
247002,29.9780404,77.5038933
247120,30.082028655555558,77.61455181111111
247121,30.212047891666668,77.64871063333334
247122,30.3160989,77.6460028
247129,30.14342807777778,77.7310193888889
247231,30.093736625,77.479456675
247232,30.013019215384613,77.39976360769231
247340,29.836372525,77.3639067625
247341,29.74958315454545,77.23336054545454
247342,29.92694935,77.28327635
247343,29.6695316,77.3223915
247451,29.81917814705882,77.4848251
247452,29.711678600000003,77.40760884444444
247453,29.710904433333337,77.5042115
247551,29.844613390909092,77.64171084545454
247554,29.69726868214286,77.677134925
247656,29.83330444,77.98289334
247661,29.95555555,77.975184025
247662,30.074126353846154,77.81442495384616
247663,33.04143740666667,74.87341918666667
247664,29.8165139,77.9188139
247665,41.8551761,65.814339175
247666,29.7603648,77.55304813333333
247667,29.883411335999998,78.079076448
247668,41.8397639,65.9249861
247669,29.9668608,77.67829475
247670,34.51787333,73.01889
247671,29.9373176,78.08069351666667
247771,29.3324402,77.37885800000001
247772,29.59087866666667,77.499204
247773,29.51207342857143,77.27996900000001
247774,29.2526078625,77.29230845000001
247775,28.529422088235293,77.31987085294118
247776,29.449949737931032,77.22413463103447
247777,27.991010222222222,77.38962811111111
247778,29.614547800000004,77.295265
248001,30.306652866666667,78.03791058095237
248002,30.345281466666666,77.97773853333332
248003,30.371390133333332,78.00219073333334
248005,30.282325559999997,78.06086
248006,30.332736150000002,77.994125
248007,30.34692308,77.96424309333334
248008,30.308942927272724,78.1627712090909
248009,30.36747223333333,78.05902776666666
248011,30.3553056,77.8543611
248012,30.29759165,78.04741945
248013,30.36335654,78.09418024
248014,30.3301147,78.05765275
248015,30.2995556,78.0849083
248016,30.2599222,78.11683335
248018,30.321915,78.026619
248019,30.2662,78.1062
248121,30.283875000000002,74.03677780000001
248122,30.4392778,78.0861944
248123,30.600101542105264,77.90454941578948
248124,34.54053679166667,74.02199824166667
248125,30.472471533333334,77.82803093333332
248140,30.210052774999998,78.08818536666666
248142,30.4491838875,77.7406681625
248143,30.211690957142856,78.18170904285715
248145,30.226222233333335,78.1414926
248146,30.3096389,77.9943611
248158,33.92600732142857,74.53797504285714
248159,30.40071005,77.96433585
248165,30.58284685,77.82897565
248171,30.33445835,78.01514165
248179,30.458081622222224,78.07126493333334
248195,30.3445278,78.0333056
248196,30.473695321428572,77.97414775
248197,30.406832876923076,77.88317353076924
248198,30.440305566666666,77.8461611
248199,30.47313936875,77.95910098750001
249001,30.39351275,78.41467703333333
249121,30.357803085714288,78.57383624285714
249122,30.233130583333335,78.584912375
249123,30.085930114285713,78.35223772857144
249124,30.3795,78.4673611
249125,30.5177592,78.61766299444444
249126,30.234555466666666,78.67531609999999
249127,30.18385574285714,78.729385
249128,31.027380235714286,78.11343116428573
249130,30.387845614285713,78.44530284285715
249131,30.350858244444446,78.54702775555556
249132,30.545630600000003,78.36518208571428
249135,30.8796732625,78.6447306375
249136,30.9947,78.9398
249137,30.201347249999998,78.2961944
249141,30.881863013333334,78.26809003333332
249145,30.3528241375,78.33667045
249146,30.243585380000003,78.47480797333334
249151,30.67603867272727,78.33354045454546
249152,30.684982950000002,78.28603695000001
249155,30.437476770370367,78.68146311851852
249161,30.2433397125,78.74627307916667
249165,30.498274095,78.519784215
249171,30.742351,78.11307561875
249175,30.2688542,78.39883806153847
249180,30.499313914285715,78.14843354285713
249181,30.399351775,78.6087678625
249185,30.8244931125,78.0968321
249186,30.56894737777778,78.03023762222222
249192,30.11815237,78.45329738000001
249193,30.76560355,78.43722462
249194,30.757773525,78.82013255000001
249195,30.7526944,78.605
249196,30.585243339999998,78.35295822666667
249199,30.30868939090909,78.43394163636363
249201,30.22975,78.1581111
249202,30.068319449999997,78.2671111
249203,30.0747222,78.2856111
249204,30.306277766666668,78.15650926666666
249205,30.02669445,78.2093472
249301,30.144918583333332,78.5978841
249302,30.1242778,78.3301667
249304,30.040231771428573,78.39726662857143
249306,30.0304362,78.24087545
249401,29.9104045,78.14033900000001
249402,29.92352778333333,77.9810324
249403,29.93701808,78.09863486
249404,36.81121905714286,71.23903571428572
249405,29.9022222,77.9347361
249407,29.493351866666668,78.1842963
249408,45.64192593333333,62.07157406666667
249410,29.9823056,78.1898056
249411,29.9913333,78.1924722
250001,29.04239386216216,77.74389531891892
250002,28.991977326086957,77.68646807826087
250003,28.9893,77.724
250004,28.93895278,77.77729556
250005,28.9737222,77.6411111
250101,28.860586907142856,77.34621952142857
250103,29.021032625,77.51706825
250104,28.875349566666667,77.88779855
250106,28.896918,77.883962
250110,29.16449125,77.70915575000001
250205,28.90002,77.597922
250221,29.136420112499998,77.69897055
250222,29.114176666666665,77.82458333333334
250223,29.196767216666668,77.71112221666667
250341,29.076999999999998,77.61
250342,29.191394705555556,77.60756976666667
250344,29.12792,77.512817
250345,29.08974135,77.37788849285714
250401,29.114766677272726,77.89076522727272
250402,29.074574066666667,77.92124073333333
250404,29.14729536666667,78.00208139166666
250406,29.00488588,77.91352895333333
250501,28.9679312,77.547584725
250502,29.03098333333333,77.558418
250601,28.976649377777775,77.2895209888889
250606,29.029453,77.39883
250609,28.93470734,77.23527222
250611,29.152443728571427,77.21725159285714
250615,28.91091682857143,77.3554127
250617,29.212541538461537,77.18155384615385
250619,29.022591119999998,77.19212888
250620,29.1419574,77.32771853333334
250621,29.141902775,77.274895825
250622,29.185609285714285,77.41076388571427
250623,29.21037692307692,77.28030615384615
250625,29.214807999999998,77.347942
250626,28.935094266666667,77.45035093333333
251001,29.46405589,77.69056515000001
251002,29.4727376,77.692532
251003,29.432437,77.6878606
251201,29.261392172,75.796053544
251202,35.569278125000004,71.6681065
251203,29.38948272727273,77.71326027272727
251301,29.456964625,77.482212125
251305,29.4835109,77.44867919999999
251306,29.467568749999998,77.59605225
251307,29.57940657142857,77.772049
251308,29.481934166666665,77.85865199999999
251309,29.281547268,77.470629356
251310,29.5727154,77.85396499999999
251311,29.52543557142857,77.56128
251314,29.325025673333336,77.82985792666666
251315,29.302928366666666,77.94399513333333
251316,29.409961666666668,77.99301011111112
251318,29.377108333333336,77.58864899999999
251319,29.41411125,77.487759125
251320,29.364538500000002,77.841161
251327,29.6508758,77.89823200000001
261001,27.540105159523808,80.83702844285715
261121,27.767281121739128,80.73318989565219
261125,27.55789688888889,80.71781044444444
261131,27.51809454545455,80.76377854545454
261135,27.781036695652173,80.90575360869566
261136,27.567806666666666,80.58009333333334
261141,27.73069947692308,80.47572531923078
261145,27.585542909090908,80.98829036363637
261151,27.54265,80.40818
261201,27.493524222222224,80.9966805925926
261202,27.748294342857147,80.75294154285714
261203,27.300096373333336,81.13267767333333
261204,28.717202611764705,79.16000980588237
261205,27.500899304166666,80.96211925833333
261206,27.774168338461543,80.63906387692307
261207,27.704176585714286,80.90003405
261208,27.515671828571424,81.00620674285713
261301,27.28081098235294,80.92364098235294
261302,27.244771105882354,80.85624251764705
261303,29.197520832142857,80.83690476071429
261401,27.417852138461537,80.51335470000001
261402,27.357566666666667,80.4482
261403,27.3357551,80.5843282
261404,27.523966666666666,80.63441083333333
261405,27.404922228571426,80.68063651428572
261501,28.015686666666667,80.60744666666666
261502,27.867993679999998,81.1017814
261505,27.795877705882354,80.40366279411764
261506,28.074990125,80.7809084375
262001,30.12829941764706,78.18524786764705
262121,28.699841572727276,79.78735526363636
262122,28.531268263333335,80.10973192666667
262123,27.978237500000002,79.899425
262124,28.531176,80.1454504
262201,29.839536653125,78.178428778125
262202,28.58021347777778,79.83007154444445
262203,28.41706476,79.883762435
262302,28.53186595,79.9139517
262305,28.700754433333334,80.0194963
262308,29.04868074117647,79.79142716470588
262309,29.0698333,80.11275
262310,29.164420999999997,80.08728500000001
262311,29.026692333333333,79.51464076666667
262401,29.190189754545454,79.20168168181819
262402,29.0947361,79.5281528
262405,29.045514939999997,79.67032793
262406,28.6093097,79.58534927619047
262501,29.60364049444444,80.15316857777778
262502,29.576351366666668,80.19769073333333
262520,29.538019525,80.2636514
262521,29.55993,80.32204422222223
262522,29.733897082352943,79.89603632352942
262523,29.310689534782608,80.15154243478261
262524,29.401551666666666,80.13071666666667
262525,29.429830499999998,80.13188133333334
262526,28.5725556,80.1731389
262527,29.51,79.98166666666667
262528,29.395,79.993
262529,29.54415333,80.10021667
262530,29.549856428571427,80.20187665714286
262531,29.7702036875,80.04313155625
262532,29.782663492857143,79.84731245714285
262533,29.784991428571427,79.94848571428572
262534,29.711218666666664,80.04224096666667
262540,29.625549727777777,80.28371284444444
262541,29.676560373333334,79.85001962666666
262542,29.69573103333333,80.19745462222221
262543,29.726873554545456,80.31492543636364
262544,29.871429915384617,79.95998889230769
262545,30.031045945,80.24592466499999
262546,30.1519361,80.85703335
262547,29.748709,80.40698499999999
262550,29.77644445,80.28284719999999
262551,29.71725697777778,80.00073845555556
262552,29.789412341666665,80.15886276666667
262553,29.978238461538464,80.07503769230769
262554,30.01968694375,80.1511513875
262555,29.915595262500002,80.2515411625
262561,29.43019444285714,80.03156745714286
262572,29.83636518333333,81.16806203333333
262576,29.8055057,80.43825231111111
262580,29.387400000000003,79.96664
262701,28.097326035714286,80.690035
262702,27.894921,80.8072675
262721,27.8449842,80.8414535
262722,27.873149578947366,81.16708078947369
262723,27.954986833333333,81.03454458333333
262724,28.04688333333333,81.04203333333334
262725,27.868307,80.7474225
262726,27.927049999999998,80.86416666666666
262727,27.8369842,80.5294535
262728,27.903984200000004,80.8884535
262801,28.179977428571426,80.49636214285715
262802,28.036301135135133,80.47240635135135
262803,28.1524605,80.44363375
262804,27.973922364285716,80.29960964285715
262805,27.9359842,80.5534535
262901,28.233315777777776,80.58939277777777
262902,28.413324555555555,80.61525194444444
262903,28.2041535,80.84454458333333
262904,28.5259842,80.4184535
262905,28.119977428571428,80.89779071428572
262906,28.401141666666664,80.92455
262907,28.176658363636363,80.681285
262908,28.567678505882355,80.70020979411764
263001,29.38045293333333,79.44012967777778
263126,29.439055336363637,79.6403038909091
263127,29.342609324999998,79.48671995
263128,29.32515045,79.45915355
263132,29.378755419999997,79.60384282
263134,29.568389125,79.5797441625
263135,29.4878487,79.46809657
263136,29.410092593333335,79.52952222
263137,29.402341271428572,79.59995238571427
263138,29.5884704,79.49941278
263139,29.205714312500003,79.55321762916667
263140,29.323024175,79.25995495
263142,29.1121,79.5237
263145,29.030703133333333,79.4459501
263148,28.960127905263153,79.45112137894736
263149,29.0157,79.2905
263150,29.063482,79.331106
263151,29.0055,79.6550833
263152,29.142115185714285,79.30092812857143
263153,29.1920773125,79.3655990125
263156,29.3795,79.5416
263157,29.24135404375,79.70214678125
263158,29.428819320000002,79.52770161999999
263159,29.4419574,79.36748265454546
263160,29.073136899999998,79.31932416666666
263601,29.61187997647059,79.66385072058823
263619,35.21583722222223,74.07446627777777
263620,29.8454167,79.6004167
263621,29.721270933333333,79.46370703333334
263622,29.63082660909091,79.84470732727273
263623,29.508864969565217,79.81680655652174
263624,29.593694153846155,79.69136007692308
263625,29.4828489375,79.80469745625
263626,30.08668918888889,80.00378481111112
263628,29.752498823076923,79.75397345384614
263629,29.814069333333332,79.59970683333334
263630,29.784122166666666,79.75471116666667
263631,29.800647174999998,79.84465340000001
263632,30.08864956,79.85768055999999
263633,29.906246844444443,79.91657395555555
263634,29.926074110000002,79.89463089
263635,29.838787692857142,79.66602326428571
263636,29.743882066666668,79.61492928333332
263637,29.799774275,79.54533295
263638,29.755763,79.6162574
263639,29.818174700000004,79.5977583
263640,29.72608458181818,79.76413172727273
263641,29.887549214285716,76.05952360714286
263642,29.858025786206895,79.78508703103448
263643,29.619685266666668,79.61493816666666
263645,29.66807321923077,79.43917483076923
263646,29.614245681818183,79.36065686363636
263651,29.6104,79.4507
263652,29.648458285714288,79.44409371428571
263653,29.69224685882353,79.43430452352942
263655,29.72664256666667,79.59061351666666
263656,29.863344506666667,79.37060294666666
263658,29.87586168888889,79.34237285555555
263659,29.6846080625,79.3188669375
263660,29.6091342,69.4246192
263661,29.84363086666667,79.20711738
263663,29.594268433333337,79.37779343333334
263664,29.65191994,79.48080364
263665,29.68833675,79.41508825
263667,29.65538310909091,79.4062838
263676,29.62987197142857,79.4191522
263678,29.597901066666665,79.66017086666666
263679,29.919333507142856,76.30610361428572
263680,29.5897989875,79.3910733375
271001,27.130905933333334,81.9415089
271002,27.14389195714286,81.97572022857142
271003,27.132352665000003,81.97508791999999
271122,27.258868771428574,81.89413676428572
271123,27.045729171428572,82.05239393571428
271124,27.123379133333334,81.863092525
271125,27.112107425,81.8711248625
271126,27.129321228571428,81.80069394285714
271129,25.155549540000003,84.38811072
271201,27.25506211818182,82.24397855454545
271202,27.330957666666666,82.08568393333333
271203,27.557090914285713,82.53622080000001
271204,27.36404817,81.95220314
271205,27.49328587,82.32821174
271206,27.56226951851852,82.68114991111112
271207,27.634192239999997,82.22836737
271208,27.532610066666667,82.39974224666666
271209,27.41999254,82.04444592
271210,27.51265143846154,82.45107377692308
271215,27.473867394736843,82.64767688421053
271301,27.095600063636365,82.11222587272727
271302,26.883785291304346,82.16131563913044
271303,26.58863051818182,82.0626576
271304,26.8741667,82.1501667
271305,26.71461124166667,82.26595925
271306,27.16195234285714,82.29191767142856
271307,26.732824672727272,81.45716116363637
271308,27.068,82.2339167
271309,26.885463544444445,82.05356153333334
271310,27.034407120000004,82.20178356
271311,27.091897477777778,81.63099452222222
271312,25.9926570125,80.5630642375
271313,26.63262137272727,82.56699136363636
271319,27.17203653333333,80.28635031666666
271401,26.97800823529412,81.90343666470588
271402,26.90646793,81.85236322
271403,26.88571018888889,81.98746916666667
271502,27.124437407142857,81.74051247142857
271503,27.23214748125,81.785615975
271504,27.01826314615385,81.75205598846154
271601,27.15639084,82.07642424000001
271602,27.20090945,82.1557672875
271603,27.2315527125,82.15749645
271604,27.28180259130435,82.43459880869565
271607,27.36349837142857,82.29044187142857
271609,27.261248685714286,82.30014085714286
271801,27.57416028,81.59452682
271802,27.580029711764706,81.5680268882353
271803,27.56674126153846,81.66239487692307
271804,27.59661561818182,81.8185327090909
271805,27.45014073333333,81.96999190000001
271806,27.480819999999998,81.72718083333334
271821,27.506448563636365,81.47797188181818
271824,27.549292316666666,81.32392416666666
271825,27.433429620000002,81.54051988666667
271830,27.7610055375,81.4639258625
271831,27.682424714814815,81.99154990740742
271835,27.538983809090908,81.87204752727273
271840,27.650394173913043,82.04086691304349
271841,27.900933,81.37208233333334
271845,27.51304371666667,81.95597025
271851,27.82070285263158,81.3626079631579
271855,28.060884896969696,81.32710386363637
271861,27.510382657142856,82.21303711428571
271865,27.85202429375,81.525139871875
271870,27.4758347,81.778391175
271871,27.42104483076923,81.77525222307692
271872,27.34951344,81.68321425333333
271875,27.822773714285713,81.41352747857142
271881,27.64203023,81.66799566
271882,27.71883620909091,81.52209528181818
271901,27.220209699999998,81.46888905
271902,27.400010865217393,81.48479321304349
271903,27.321709776470588,81.63014449411764
271904,27.2703444625,81.5162045
272001,26.793556499999998,82.72899063333334
272002,26.903734513513513,82.73414262162163
272123,26.640306499999998,82.18953723333333
272124,26.817633545454544,82.76898481818182
272125,26.910080285714283,82.94105780952381
272126,26.9095255,82.92490550000001
272127,27.5170192,82.21064366
272128,26.7242655,82.43891575
272129,26.80113,82.31483028571428
272130,26.792674833333333,82.47022455
272131,26.752212636363637,82.5934525
272148,26.97023891666667,82.85199308333334
272150,26.95977275,82.829865125
272151,26.96674726666667,82.79999946666666
272152,27.12602463636364,82.98899005454545
272153,27.16793731578947,82.71914345263157
272154,27.081870428571428,83.06553885714285
272155,26.86210575,82.86725745833333
272161,26.13608125,82.462450325
272162,26.084197470588236,83.0167374117647
272163,26.90828842105263,82.57148684210526
272164,26.667382846153846,83.31158461538462
272165,26.54145975,83.025843355
272171,26.6597824,82.822072
272172,26.633325,82.990725
272173,26.752722799999997,83.1099044
272175,26.78790624137931,83.07839993103447
272176,26.948583384615386,83.09648576923077
272177,26.6859404,82.54270002000001
272178,26.86378152173913,82.41442091304347
272181,26.87173388888889,82.513004
272182,26.851401,82.72582525
272189,27.19578945,82.64816015
272190,26.929438,82.714613
272191,27.174345250000002,82.653216125
272192,27.328361,82.70081958333334
272193,26.94098071,82.77067122999999
272194,26.90480890909091,82.53127002727273
272195,27.040757625,81.934338075
272199,26.668487666666667,82.25319046666667
272201,27.35882611111111,82.80199322222222
272202,27.382073555555554,83.10439088888889
272203,27.30143666666667,83.094761
272204,27.345715,83.124141
272205,27.391932,82.97183530769232
272206,27.37386711764706,83.15757911764706
272207,27.2772035,83.08488975
272208,27.179555999999998,83.11367653846153
272270,26.998993875,83.0421135
272271,26.974408,83.19970799999999
272301,26.639008999999998,82.68320031578948
272302,26.73069057142857,82.68056757142857
273001,26.7565482625,83.365269725
273002,26.46913911111111,83.70858444444444
273003,26.7910833,83.3866944
273004,49.39719650000001,61.552814999999995
273005,26.744445175,83.360993425
273006,26.772,83.3857778
273007,26.50983569090909,83.137288
273008,26.7487115,83.391133
273009,26.7513889,83.3815833
273010,26.7258105,83.41605
273012,26.750888866666667,83.3810926
273013,26.834892166666666,84.18198071666667
273014,26.82020308,83.38518136
273015,26.762160483333332,83.33190581666666
273016,44.92962184545455,83.37535039090909
273017,26.7276944,83.3853889
273151,26.226078583333333,82.93695816666667
273152,26.825121000000003,83.53670075000001
273155,26.950467294117647,83.33839223529412
273157,26.8567834,83.2137807
273158,27.01087175,83.2684911875
273161,27.189101375,83.30982337500001
273162,27.16739708333333,83.42581458333333
273163,26.864696833333333,83.2889171111111
273164,27.363348916666666,83.42636116666667
273165,26.921403820833333,83.2915979
273201,26.676353454545453,83.58522827272726
273202,26.682386615384612,83.53882169230769
273203,26.5827718,83.58586199999999
273207,28.321670285714283,82.30472171428572
273209,26.73716437826087,83.1172700826087
273211,26.444325428571428,83.43322657142858
273212,26.566296337931032,83.18902436551724
273213,26.46010096666667,83.32850314166667
273301,26.960250000000002,83.58187122222222
273302,26.83959172222222,82.97963728333333
273303,27.10659803703704,83.40740659259258
273304,27.306758125,83.7226869875
273305,27.401855899999997,83.6777793
273306,27.842677499999997,81.58368816666668
273308,27.473454800000003,83.4648802
273309,27.690506,82.71485588888888
273310,27.006775375,83.46393925
273311,26.068011428571428,82.68872657142856
273401,26.624597909090905,82.69338967272728
273402,26.251581133333335,82.79912382380952
273403,26.009303715384615,82.14217611538461
273404,26.56861109090909,83.17662772727273
273405,26.012442999999998,72.83611585714286
273406,26.63503308888889,83.29898476666666
273407,26.366883323809525,83.26363721904761
273408,26.558988223076923,83.40765737692307
273409,26.377326600000004,83.25800919999999
273411,26.194574953846157,83.34179914615385
273412,33.118869966666665,78.81722660555555
273413,26.639716092,81.832788792
274001,26.2554537,83.346625
274149,26.695333333333334,83.28800000000001
274182,26.35,83.77
274201,26.671666666666667,83.32416666666667
274202,27.51842105263158,83.28842105263158
274203,26.758823529411764,83.3229411764706
274204,26.70263157894737,83.28842105263158
274205,27.08375,83.34750000000001
274206,26.682727272727274,83.28727272727274
274207,26.7395216,83.73051852222221
274208,26.672222222222224,83.28666666666668
274301,26.692857142857143,83.28785714285716
274302,27.179230769230774,83.81384615384614
274303,26.651,83.736
274304,26.7532778,83.9775
274305,26.856875,83.81
274306,26.716,83.32266666666668
274307,26.691139999999997,83.82339999999999
274308,26.677774999999997,83.80775
274309,26.677774999999997,83.80775
274401,26.706363636363633,83.28863636363637
274402,26.695333333333334,83.28800000000001
274403,26.21,83.26
274404,26.473636363636363,83.71727272727273
274405,26.381650000000004,83.92933333333333
274406,26.635,84.06833333333334
274407,26.724670628571427,83.41717062857143
274408,26.62,83.8925
274409,26.641399999999997,84.31524999999999
274501,26.375,83.7825
274502,26.20090909090909,83.89636363636363
274505,26.271250000000002,83.81125
274506,26.27857142857143,83.85142857142857
274508,26.169999999999998,83.82
274509,26.315714285714286,83.82785714285716
274601,26.271250000000002,83.66
274602,26.184285714285714,83.78285714285714
274603,26.455454545454543,83.16909090909091
274604,26.245555555555555,83.72222222222223
274701,26.223627272727274,83.93554545454546
274702,548.449375,80.163125
274703,26.59,83.88444444444445
274704,26.47,83.776
274705,26.15,83.7175
274801,26.675,83.605
274802,28.522142857142857,77.53999999999999
274806,27.052500000000002,83.28625000000001
274807,25.66222222222222,84.62944444444445
274808,26.290000000000003,83.81
275101,25.945749999999997,83.55279444
275102,23.68446833333333,82.53942666666667
275103,25.944916333333335,83.57470049999999
275105,25.94,83.47
275201,25.5765,83.5731944
275202,25.8018889,83.4235
275203,25.74175,83.3714444
275204,25.67322222,83.30341667
275205,25.6750556,83.3775
275301,25.386907408333332,83.50524074166667
275302,27.304763883333333,62.06631481666667
275303,20.295619042857144,20.966920628571433
275304,25.944999999999997,83.54
275305,24.64243727272727,82.94423272727272
275306,29.390000000000004,32.198
275307,25.37483333333333,83.14296604444445
276001,26.057101833333334,83.17439816666666
276121,23.142680558333335,17.3916713
276122,20.24837769230769,49.57587384615385
276123,13.029187172727273,63.05781090909091
276124,27.67122098888889,79.1388216
276125,13.56307344,77.71972067
276126,29.564353500000003,27.999002625000003
276127,20.73029815,71.23398055
276128,13.344218823529411,65.84874823529412
276129,29.3327309,31.93697916875
276131,29.37,31.570909090909094
276135,13.80925625,61.407849999999996
276136,20.77856,63.35418
276137,13.189655,56.48078
276138,21.72264285714286,70.51347142857142
276139,21.59075308888889,76.38270925555555
276140,16.827873333333333,79.18104
276141,12.196980478571428,28.71452214285714
276142,11.923374285714285,44.95305714285714
276143,25.8825,83.205
276201,13.327447999999999,63.621936000000005
276202,13.63642894736842,50.79662736842105
276203,17.718984444444445,57.24774222222223
276204,15.235873333333332,63.183936
276205,14.465675,75.25770666666666
276206,23.55123818181818,81.93664727272727
276207,14.8976075,72.71785
276208,14.593111477777777,58.90912493333334
276288,26.07375,83.01625
276301,17.121489569230768,64.62348136923077
276302,15.03300625,43.54914
276303,16.117808522222223,78.19521284444444
276304,26.07,82.86999999999999
276305,26.03848056,83.03714167
276306,24.54992033,85.69697144
276402,29.027272727272727,37.04636363636364
276403,26.495087938095235,35.91040936666667
276404,29.296000000000003,32.738
276405,29.5953854125,28.00974305
276406,29.0878333375,35.86836805
277001,25.876981538888888,84.15900068888888
277121,25.805,84.01375
277123,25.788,84.02
277124,25.8715763875,84.1273541625
277201,25.757101849999998,84.39480555
277202,25.87680952857143,84.20381745714285
277203,25.812861114285713,198.4909960285714
277204,25.74285714285714,84.53571428571429
277205,25.765447740000003,84.41081984
277207,25.945371525,84.149152775
277208,25.75933565,84.42253240833334
277209,25.79076923076923,84.38000000000001
277210,25.670652775,84.317208325
277211,25.79,84.31
277213,25.92,84.1725
277214,25.8168,84.46836112
277216,25.733768516666668,84.41980554999999
277219,25.892883340000004,84.25271666
277301,25.820652775,84.105458325
277302,25.918019842857145,84.05489682857142
277303,26.0475,84.04875
277304,25.868571428571425,84.11142857142856
277401,25.7790216,84.2287284
277402,25.747826387499998,84.2686041625
277403,25.775018516666666,84.37198148333333
277501,25.63,83.98428571428572
277502,25.7025,84.015
277503,26.02,84.1
277504,25.656666666666666,84.00333333333333
277506,25.758666666666667,84.119
281001,27.466276416666666,77.64699942222222
281003,27.5156582,77.6623182
281004,27.472477759999997,77.69277776
281005,27.454962966666667,77.69006945
281006,27.4120486,78.0312986
281104,27.437974999999998,78.05265
281121,27.473025800000002,77.62899333333333
281122,27.456386363636362,77.69642424545454
281123,27.443574857142856,77.64309142857142
281201,27.5406417,77.69627178333333
281202,27.4907395875,77.6928611125
281203,27.595907399999998,77.67619443333332
281204,27.48074225882353,77.70167605294118
281205,27.491511907142858,77.71514285714285
281206,27.4715486,77.6917361
281301,27.46481713333333,77.70090046666667
281302,27.470440471428567,77.90649205714286
281303,27.43889,77.71972
281305,27.4673036,77.70731359999999
281306,27.570927779999998,78.01256667
281307,27.47819,78.02113
281308,27.491663699999997,77.8224192
281401,27.4707743,77.67961805
281403,27.483734641176472,77.66228248235294
281404,27.473742057142857,77.73670634285715
281405,27.508264999999998,77.663195
281406,27.471642624999998,77.802056375
281501,27.4728475,77.648265
281502,27.472027778571427,77.65582737857143
281504,27.48361,77.6402075
282001,27.098525710526317,78.00598066842105
282002,27.14776939375,77.99782433749999
282003,27.143060666666667,78.01030844166667
282004,27.147211357142858,78.00955914285714
282005,27.182476416666663,78.00789655
282006,27.152768883333334,78.05922945833333
282007,27.170492323076925,77.9270758
282008,27.160152,77.982412
282009,27.10502255,78.00593940833333
282010,27.090301216666663,77.99917938333333
283101,27.193117578571428,77.73440559999999
283102,27.083854384615385,77.90467703076924
283103,25.2741342,178.899790075
283104,26.87188670666667,78.56861762666668
283105,27.154088100000003,77.8883042076923
283110,27.051397442857144,77.70371688095238
283111,27.039577981481482,78.22506348148147
283112,26.94775617,78.0501075
283113,26.047777777777778,78.07555555555557
283114,26.847416753333334,78.72021406666666
283115,26.866161425,77.56903346666667
283119,27.0057195125,77.7877402125
283121,25.84727516,78.43349954
283122,27.09587615,77.76538584
283123,26.887089008333334,78.37155704999999
283124,26.968813053846155,77.9461993076923
283125,27.032656805555558,78.10741095
283126,27.277306815384616,78.01980898461538
283130,24.6895265,78.8208895625
283135,24.87342328571429,78.23901584285714
283136,24.86868777,78.46523891000001
283141,25.27839058,78.14920722000001
283142,24.711871527272727,72.02683753636364
283145,24.67782612222222,78.59707164444444
283151,24.623485754545456,78.35055843636364
283152,24.808502536363633,78.18086771818183
283201,27.334700494117644,78.17248320588236
283202,27.240813057142855,78.15844578571429
283203,24.836171553125,78.218746340625
283204,25.354428953846156,78.40741576538461
283205,27.1281111,78.4575833
283206,27.486248414285715,79.37011847142857
283207,25.38108916666667,78.25196915
284001,25.442677983333336,78.57550468333334
284002,25.460365850000002,78.57841445
284003,25.45643828181818,78.55178646363636
284120,25.4407778,78.5765556
284121,25.51125878,78.72970056
284122,25.3983764,79.6000264
284123,24.6923056,78.4200556
284124,24.5425,78.201
284125,24.6923056,78.4200556
284126,25.0390833,78.4323056
284127,25.366843333333332,78.59974629999999
284128,25.462106666666667,78.6209126
284135,25.3920833,78.5552778
284136,25.0344,78.2304
284201,25.289934433333332,78.7428548
284202,25.59763777894737,79.16196099473684
284203,25.52278111111111,79.30082888888889
284204,25.295715174285714,79.14046552285714
284205,25.261289357894736,79.03615108421053
284206,25.4762774,79.11678073333333
284301,25.52926678,78.74708156
284302,25.739626828571428,79.15241491428571
284303,25.75000991851852,78.95243687407408
284304,25.84383578,79.33002866
284305,25.3043,78.4454
284306,25.851947614285713,79.05728984285714
284401,24.69191665,78.36747779999999
284402,24.6923056,78.4200556
284403,24.51918625,78.35288750000001
284404,24.2236,78.4808
284405,24.5808672,78.78088945
284406,24.4126,78.2501
284419,25.434298333333334,78.45081166666667
284501,25.2728,81.3156
285001,26.178852310714287,79.36614362857142
285121,25.662183464705883,79.17204299411765
285122,25.91700714285714,79.80058
285123,26.160662675,79.358673471875
285124,26.38757875,79.244165
285125,26.418731428571427,79.38998531428571
285126,26.219722087500003,79.25969945
285127,26.2564958375,79.2073032
285128,26.257396985714283,79.38060825714285
285129,26.275309449999998,79.3308476
285130,26.31275733,79.43128233
285201,25.88679575294118,79.19680869411765
285202,25.977465,79.45088055625
285203,26.15320083125,79.47683811875
285204,26.1307725,79.62934625
285205,26.072955987096773,79.15799623548388
285206,26.134611560000003,79.03034066000001
285223,25.8703681,79.31330651428571
301001,27.50525281111111,76.88227778888889
301002,27.5525,76.6102778
301018,27.7146474,76.8267714
301019,28.20934846666667,76.8701095
301020,27.23592485,75.91293625
301021,27.45917090909091,76.84085430909091
301022,27.44355930714286,76.32492950714285
301023,27.657461316666666,76.61019103333332
301024,27.56693499375,76.3575272625
301025,27.656974766666664,76.78650615555556
301026,27.49349776153846,76.79775132307692
301027,27.426528689999998,76.35750232000001
301028,27.547300245454547,76.73749044545455
301030,27.4662285875,76.68268635
301035,27.38717853636364,76.69705588181819
301401,27.871665154545454,76.56160524545454
301402,27.498290100000002,76.26029547777779
301403,27.878548885714284,76.6214829142857
301404,27.762131306666667,76.92758794666666
301405,26.979737086363638,77.09134626363635
301406,27.392098157142858,76.64140222857144
301407,27.614275316666667,76.3563932
301408,27.3216826375,76.1336706875
301409,27.286432957142857,76.68991361428571
301410,27.258756870000003,76.46108816
301411,26.7285997,75.66275715555555
301412,27.6905013,76.49775958571429
301413,27.34139538,76.77690910999999
301414,27.344119377777776,76.5946053
301415,27.3257016125,76.527381025
301416,27.5613889,76.6122222
301427,27.845301,76.29944201111111
301604,27.755991599999998,76.86663008571428
301701,27.590664193333335,76.93799958666666
301702,27.71223537692308,75.15106436923077
301703,27.991014525,76.3499434125
301704,28.119695044444445,76.37347626666667
301705,28.008515520000003,76.37963954
301706,27.98461185,76.5889372
301707,27.553045259999998,76.70532507
301708,28.268616020000003,77.06063976
301709,27.97635684,66.61498114
301713,27.909668116666666,76.21904295
301714,27.948461666666663,76.4393943
302001,26.920560116666667,75.80878025
302002,26.940328774999998,75.81459344999999
302003,26.917083333333334,75.83337963333334
302004,26.895384611111112,75.82701865555556
302005,26.89938308,75.79987668
302006,26.913191480000002,75.7866135
302012,26.98928305714286,75.70386078571428
302013,26.98806295,75.29044265
302015,26.880087500000002,75.80086750000001
302016,27.03224144,74.94853724
302017,26.87219776666667,75.78798706666667
302018,26.8472222,75.7933333
302019,26.91925,75.7196389
302020,26.854962599999997,75.76477446666667
302021,26.9116667,75.74
302022,26.754603850000002,75.83860165
302026,26.852031433333334,75.68915980000001
302027,26.62294072857143,76.03022065714286
302028,27.065419249999998,75.9546203
302029,26.604354219999998,75.74178918
302031,26.898576633333334,74.13560773333334
302033,26.84304165,75.7632778
302034,26.91925,75.7196389
302036,26.91925,75.7196389
302037,26.91925,75.7196389
302038,27.050998,75.905675
302039,26.961462800000003,75.76222226666665
302040,26.975584,75.733509
302041,26.924370266666667,75.71136486666667
302042,26.853545,75.636444
302043,26.806861,75.749681
302044,26.953393,75.702683
302045,26.92206,75.68768
302046,26.92098,75.79422
303001,28.36202006,77.83412017
303002,27.251815271428573,76.11419772857143
303003,27.4328056,76.2370556
303004,27.1733283,76.1640134875
303005,25.7633834,75.69399468666667
303006,27.3779542,70.83560224444444
303007,26.46195,75.60398972
303008,26.075085966666666,76.87364626666667
303009,26.544641984285715,74.50236968285715
303012,28.5232146625,67.9980450875
303102,26.410972020000003,75.6159448
303103,29.672064322222223,73.96501854444445
303104,26.91925,75.7196389
303105,27.23289895,76.11284415
303106,27.5860833,76.0740278
303107,27.6068056,76.0885
303108,27.117236875,75.7195527125
303109,26.523720736363636,76.46514010909091
303110,27.173148949999998,76.15101085
303119,27.40679377142857,76.05908467142856
303120,26.84491530833333,76.065910775
303121,26.91925,75.7196389
303122,26.91925,75.7196389
303123,26.732591,76.152288
303124,28.206532666666664,75.67476166666667
303301,26.387659,75.78524463333333
303302,26.25508471111111,75.44494308888889
303303,27.12023647,76.759926
303304,31.308088175,61.362858825
303305,24.804028133333333,75.30687623333334
303313,28.03339385,72.99144545555555
303315,27.1455,76.5103889
303323,19.9476622,88.89953843333335
303325,25.627780089999998,75.52611769
303326,26.43080587777778,75.70567121111111
303327,26.8908889,76.3378889
303328,25.66796178888889,76.39773104444446
303329,26.9719722,75.3807222
303338,26.837672650000002,75.49554679166667
303348,26.570228634285716,74.89726711142858
303501,26.8067955,76.28957455
303502,25.71977771666667,77.47203848333332
303503,25.41967929047619,77.19811286666666
303504,27.295645275,76.1358326125
303505,28.94124334545455,78.84497734545454
303506,26.808437457142855,76.12380252857143
303507,26.772116644444445,76.1428742
303508,26.314712966666665,75.63177776666667
303509,25.71277139,71.65450589
303510,26.884630800000004,76.12298706
303511,26.6230482,76.3739281
303601,27.46470598333333,76.17339263333334
303602,26.1519784,75.13837345555555
303603,26.34100262307692,75.69238899999999
303604,26.103608329999997,75.10904722000001
303701,27.07559502,75.9150987
303702,26.829333159999997,75.99183556
303704,27.29254933333333,75.90098553333333
303706,26.26063148333333,77.0753071
303712,26.88765088888889,75.95406543333334
303801,27.531894799999996,75.55357461999999
303803,27.224324300000003,75.81362368333333
303804,26.198940625,75.5635284875
303805,27.1520833,75.8085278
303806,27.2007778,75.80975
303807,26.657108360000002,74.72220486
303901,26.54868163333333,75.88852646666668
303903,26.479556230000004,75.62137546
303904,27.431013810000003,76.362138916
303905,26.98410886,75.71254702
303908,27.045892425,76.41631093333334
304001,25.549919509375002,75.2213004625
304021,26.506648215000002,73.540926555
304022,26.369879166666667,75.3309445
304023,26.149570076923077,76.44087884615384
304024,25.87447682307692,75.29473778461539
304025,26.254252785714282,75.69090745714286
304026,25.98535418181818,75.89660245454546
304501,26.292623,75.46619774999999
304502,26.43732328,75.188656432
304503,26.510720857142854,75.28885228571428
304504,26.567861999999998,75.343562625
304505,25.9248346,75.23045165263159
304507,26.47467794285714,75.46846377142857
304801,26.89580361818182,75.60065733636362
304802,26.016982545454542,75.54819090909092
304803,25.8971586,75.57549032
304804,26.0457204125,75.3242544125
305001,26.447160815789474,74.63891081578947
305002,26.327318475,74.662453025
305003,26.353855550000002,74.70825646666667
305004,26.4933664,74.7923549875
305005,26.438090275,74.569202775
305007,26.4515903,74.405277775
305009,26.5088611,74.6755556
305012,26.3611941,74.6469717
305021,26.612935699999998,74.6341893
305022,26.46024056,74.62953278
305023,25.594232220000002,74.67288056
305024,25.562444433333336,80.70994259999999
305025,26.053127936363637,76.2578815909091
305026,26.57070312,74.46574704
305201,26.27618305,74.34980585
305202,25.790972216666663,77.48483796666666
305203,26.25675556,74.55081666
305204,26.336652775,74.38274305
305205,25.85766666,78.25172556
305206,26.3569854625,74.5450781625
305207,26.312412033333334,74.4435787
305401,26.342272216666668,74.69229536666667
305402,25.953204757142856,77.3528754
305403,26.06027222,75.01018334
305404,25.96454700769231,75.1564935923077
305405,25.948198414285713,75.01085714285715
305406,26.08841112,75.17238888
305407,25.836594908333335,75.14904630000001
305408,25.753534000000002,74.561154125
305412,26.24029012222222,74.71266357777778
305415,26.0334352,75.29191666666667
305601,26.282685186666665,74.70594444666668
305621,26.078114285714285,74.74126508571429
305622,26.04444444,74.77426666
305623,26.068245723076924,74.35253418461538
305624,26.118703936363637,74.72183343636364
305625,25.935541675,74.9069514
305627,26.267888879999997,74.74761112
305628,26.0484895875,74.7941666625
305629,25.498958325,79.17725695
305630,26.09184444,74.60764444
305631,26.0725,74.391
305801,26.567408035,74.97540927
305802,25.975261616666668,77.81513883333334
305811,26.611317775,74.6673770875
305812,26.694179966666667,74.95583793333333
305813,26.522730653846153,75.08308441538462
305814,26.809873036363637,74.95863315454545
305815,26.70043718,74.81414592
305816,26.160157400000003,75.28872036666667
305817,26.632134,74.871447
305819,26.1981611,74.53161945
305901,26.150592595238095,74.22267724761905
305921,25.76079722,74.09685833
305922,25.924893657142857,74.21080937142857
305923,25.9071736,74.2438125
305924,25.9065528,74.1320161
305925,26.06252778,74.4255
305926,25.783515,74.3550283375
305927,26.04138334,74.17679444000001
306001,25.706094185714285,73.56181941428572
306021,25.633679016666665,73.92870375
306022,25.498879042857144,73.72634334285713
306023,25.681267907692305,73.77145126153846
306101,26.133917014285714,73.95123572857143
306102,26.052412263636366,74.07654123636364
306103,25.89089110952381,73.72965733809524
306104,26.00917102222222,73.60445287222223
306105,26.0616491,68.0722984875
306114,25.705505074999998,73.74487897499999
306115,25.349278424999998,73.44029933333333
306116,25.233556,73.25990928
306119,25.475989985714286,73.40656871428571
306126,25.45182834285714,73.23675464285714
306301,26.323208933333333,73.96377051666667
306302,26.22170948666667,73.96390377333334
306303,26.189864975,73.95260725
306304,26.036024866666665,74.02655973333333
306305,26.10813365,73.9633763
306306,25.935180075,73.9498150875
306307,26.016999185714287,73.95283055714286
306308,26.278234466666664,73.93321876666667
306401,25.718612800000002,73.254873176
306421,25.896743700000002,73.15141001875
306422,25.6157881125,73.290962275
306501,35.30550466,62.395714180000006
306502,25.311406209090908,73.37736001818182
306503,25.5105903,69.47758786666667
306504,24.859321111111107,73.16295617777777
306601,25.324689666666668,73.42238286666667
306602,25.392009933333338,73.1257549
306603,25.34105047272727,73.70450077272727
306701,25.18668104,60.08995386
306702,25.26120985,73.58936440000001
306703,25.275286425,73.5511836
306704,25.21378735,73.41445114999999
306705,25.2096607,73.340633175
306706,25.123769625,73.320082775
306707,25.161847266666665,73.28686148333334
306708,25.2589578125,73.1233046875
306709,24.907337499999997,73.9996139
306901,25.364597571428572,73.16019472857144
306902,25.202052355555555,73.09334601111111
306912,25.2136441,73.06148076666666
307001,24.858712725,72.79538405625
307019,24.70678145,73.0187355
307022,24.7851052,73.0117049
307023,24.681127225,72.89795744999999
307024,24.56798955,72.9558615375
307025,24.37784090909091,73.17404040454545
307026,24.483080500000003,72.7143610076923
307027,25.076645759999998,73.01935372
307028,25.103311544444445,72.96943007777777
307029,27.372788304347825,71.49315069565218
307030,25.375493235294115,72.94181147058823
307031,24.778569700000002,72.98775906666667
307032,24.615558833333335,72.84609423333333
307043,25.011300114285714,72.90688265714286
307501,24.603222575,72.72187725
307510,24.5449333,72.795498
307511,24.6772862,72.65415240833333
307512,24.74420958,72.53091368
307513,24.65696063333333,72.4235281
307514,24.591234663636364,72.50527814545454
307515,24.841005375,72.422001
307801,25.01781486875,72.77918174375
307802,24.888466183333335,72.6002081
307803,24.964002400000002,72.7835057
311001,29.727711499999998,70.15267491818182
311011,25.353081229411764,74.71726782352941
311021,25.871996116666665,74.60366898333334
311022,25.86251295,74.7072025
311023,25.7748846,67.72325077142857
311024,25.651692992857143,71.06947045
311025,25.213914475,74.70649425833334
311026,25.4969419,74.47966182500001
311030,25.7168629,74.73232734999999
311201,25.637737269230772,75.1908709076923
311202,25.5496739,75.06152513076924
311203,25.43018498,75.07360983999999
311204,25.77518194545455,74.42689818181817
311301,25.683712889473682,74.30385492631578
311302,25.782558407692306,70.66438103076923
311401,25.581349183333334,70.53011958333333
311402,25.34648824,74.45372253000001
311403,25.446126718181816,74.47870548181818
311404,25.605503145454545,74.90847646363636
311407,25.7994296375,74.818225125
311408,25.61449747777778,74.72449353333334
311601,25.264514990000002,74.99957488
311602,25.19092736,75.16562574666666
311603,25.401603111764707,74.90542513529412
311604,25.30069502,71.70742868666666
311605,25.403707700000002,75.09764297692308
311606,25.34205936,75.30530139999999
311801,25.282486992307692,74.39819917692307
311802,25.2876614,71.75985092222223
311803,25.40923222307692,66.6683837923077
311804,25.55138311764706,74.28400446470587
311805,25.30495118888889,74.22225392222222
311806,25.17228353,74.27510101
312001,24.8861733,74.62624296666667
312021,24.91203682,74.71803072
312022,24.90304721111111,74.76618072222223
312023,24.967166615789473,75.01949096315789
312024,24.675444,74.53063122142858
312025,24.859101,74.61306925
312027,24.72915995,74.44798965
312201,24.524388870000003,74.33998120999999
312202,24.8701745625,74.35897303750001
312203,25.047141936363634,74.37935175454545
312204,24.716283914285714,74.22396858571429
312205,24.66147598,74.3207932
312206,25.062862733333333,74.42762783333333
312207,24.925774311111113,74.47947277777777
312401,24.4730062,74.4586925
312402,24.125462033333335,74.51462587777777
312403,24.459431008333336,74.52605447500001
312404,24.484793116666665,74.42810196666666
312601,24.608875211111112,74.68729111111111
312602,24.67780314,74.50186876000001
312603,24.5768779875,74.40815645
312604,24.37453248125,74.716448875
312605,24.26917924897959,74.80104778163266
312606,24.69927955,74.90495765
312612,24.833271685714287,74.56198028571428
312613,24.809575459999998,74.65992453999999
312614,24.524874514285717,74.56981252857143
312615,24.097854166666664,74.75362282222221
312616,24.389523661538462,74.72648892307691
312617,25.1131667,72.8190278
312619,24.25169470625,74.9629435375
312620,24.69052554285714,74.70511085714286
312622,24.756,74.6062778
312623,24.427787264285715,74.6937869357143
312624,23.740229357142855,74.64370671428571
312625,24.0707145,74.37873806249999
312626,23.97412294545455,74.36558910909092
312627,25.11659,74.5915
312901,24.993021680000002,74.68808935
313001,24.620921803703705,73.6818641962963
313002,24.56725,73.7262778
313003,24.52470778,73.89022778
313004,24.5915278,73.6918611
313011,24.214117283333334,73.64839444444445
313022,24.617550933333334,73.89994445
313024,24.6013373,73.8208888857143
313026,24.025607142857144,73.88957142857143
313027,24.166528933333336,74.0349201375
313031,24.512212966666667,73.61743981666666
313038,24.0217673625,74.12444791875001
313201,24.720219699999998,73.84980808181818
313202,24.7699784,73.74887963333333
313203,24.788595677777778,73.98612963333333
313204,24.81937778,73.87298889
313205,24.610500000000002,74.01377778
313206,24.7125,73.97577778
313207,25.02362222,74.23055556
313211,24.803629633333333,74.02835184999999
313301,24.941444446153845,73.8116859
313321,25.093175,73.67516944
313322,24.849211110000002,73.74912778000001
313323,24.97761904285714,73.90781745714285
313324,25.027675499999997,73.79263257272727
313325,25.018057866666666,73.56812268333333
313327,25.090789685714288,73.94538491428571
313328,25.03679166666667,74.06791666666668
313329,25.0055729125,74.0636145875
313330,25.246376985714285,73.99946031428571
313331,25.484912278947366,73.94709064210527
313332,25.47000595,73.99072420714286
313333,25.26500555333333,73.75279629333333
313334,25.177619042857142,73.82819444285714
313341,25.627746525,73.9465382
313342,25.0204074,73.919375
313601,24.615681818181816,73.99444444545455
313602,24.579619661538462,74.04589102307692
313603,24.516875,74.14157407500001
313604,24.36359532105263,74.25295555789474
313701,24.283057692307693,73.37280128461538
313702,24.36328889,73.48553749999999
313703,24.340208333333333,73.90990740833332
313704,24.94249305625,70.40566145625
313705,24.71813235294118,73.52330555294118
313706,27.916767857142855,118.09127182857142
313708,24.7384504,73.3425377
313801,24.2828125,73.6733611125
313802,24.08578125,73.68118055625
313803,24.026345677777776,73.54855864444444
313804,23.957321428571426,73.4784920642857
313805,23.98,73.73
313901,24.33602315,73.75099536666667
313902,24.1455,73.8672963
313903,24.051590275,73.823409725
313904,24.20350556,73.81597778
313905,24.229050509090907,73.88015909090909
313906,24.561504633333332,73.4163287
314001,23.85484586666667,73.60313356190476
314011,23.868655725,73.62609298333334
314021,23.9540140875,74.0871773875
314022,23.86764458095238,74.14332970952381
314023,23.828725255555558,73.9919355888889
314024,23.77663503333333,73.96552166666667
314025,23.677974742857142,74.0153196
314026,23.54231235,74.00801565
314027,23.622933583333335,69.76609071666667
314028,23.7102222,73.91341584999999
314029,23.715751555555556,73.92758644444444
314030,23.501008295238098,73.91091614285713
314031,23.63007915,74.07250695
314032,23.755078466666667,74.09376392222222
314034,23.91605774736842,73.91513584210526
314035,23.546904516666668,73.95933953333333
314036,23.83712409230769,73.84036978461539
314037,23.756217319999998,73.8126733
314038,23.86438515714286,74.07563720714286
314401,23.687404885714283,73.84636128571428
314402,23.648875240000002,73.74596374000001
314403,23.55334046666667,73.69154549166667
314404,23.701472833333337,73.69452658333333
314406,23.507565253846153,73.79001633846154
314801,23.79887149333333,73.48461674666667
314804,23.827330825,73.60364061666667
321001,28.74208027586207,77.70496348965517
321021,27.219800933333335,77.51301851666666
321022,27.541499110526317,77.26971799473684
321023,27.629034507692307,79.19405223076923
321024,27.48050863157895,77.18185574210526
321025,27.2565173625,77.5339166625
321026,27.2196145875,77.3855520875
321028,27.104791666666667,77.26009490833333
321201,27.400830199999998,77.15426989090909
321202,27.370321375,76.79597715
321203,27.458599047058822,77.32036783529412
321204,27.518405722222223,80.19945460555556
321205,27.41631705263158,77.08680652105262
321206,27.289108083333332,77.041397825
321301,27.088023149999998,77.48718054999999
321302,27.168322019999998,76.86251872
321303,27.172109128571428,77.07132341428571
321401,26.941313921052632,77.29462254210526
321402,26.98408789,77.42554301
321403,26.889717349999998,77.49185193333334
321404,26.999919686666665,77.61181547333334
321405,26.866826323076925,77.37954833846153
321406,27.039365822222223,77.15036309999999
321407,27.141624,77.072445175
321408,27.022017823076922,77.18889086923076
321409,26.954426716666664,77.10148741666667
321410,26.9148957,76.51034598333334
321411,26.86611568,77.20983198666666
321601,27.193387849999997,77.15884243333333
321602,27.21442445238095,77.27611027142856
321605,27.350918306666664,77.05170234
321606,27.23246081,76.98398519999999
321607,27.573992407142857,77.78226748571429
321608,26.647813253846152,76.87804479230769
321609,35.066020275,70.2833457375
321610,27.111031616666665,76.71241703333334
321611,26.878259305,76.86643679
321612,26.310300259999998,77.01813498
321613,26.81058872,76.22880222
321614,26.311213600000002,78.27790761428571
321615,27.143143350000003,77.12485526666667
321633,27.336342225,76.696603875
321642,27.139833825,77.240278575
322001,25.957665780952382,76.34339443809525
322021,25.995444433333333,76.04441666666666
322023,26.62145738125,76.1693849375
322024,26.30612348888889,76.13345008888889
322025,28.669145930000003,76.69348151
322026,25.659347049999997,76.1542876
322027,26.112533660000004,76.35685810999999
322028,26.15956356,76.49353058
322029,26.202400766666667,76.491639
322030,26.274328633333333,76.36302975555556
322033,24.85576202857143,78.34656368571429
322034,26.226136150000002,76.52536238333333
322201,27.43896358888889,75.88442537222221
322202,25.54040083,77.27521627
322203,25.93021589,76.103472
322204,27.638174714285714,63.03566898571429
322205,26.59296945,76.83618735
322211,29.35699333636364,70.18656505454545
322212,25.615842283333336,76.32015969999999
322213,26.612752999999998,77.83502897272727
322214,26.96702112777778,76.62502468888889
322215,26.69813129,76.64244526
322216,27.16965002,76.92631872
322218,29.64976224666667,73.39554233333334
322219,26.49499449230769,76.56047855384615
322220,26.673209241666665,77.274657525
322230,27.688972319047622,74.17909122857142
322234,26.640812209090907,76.97139497272727
322236,25.333132618181818,77.01860734545454
322238,26.7929864625,70.581060625
322240,26.503914855555553,82.14873881111112
322241,26.587761778947367,76.91088033684211
322242,26.779336230769232,77.13423056153846
322243,25.760420086666667,76.83749694
322249,26.42334712857143,77.0156336142857
322251,26.375808080000002,77.19195783
322252,26.806806016666666,77.13070801666667
322254,26.775638128571426,76.96747295714286
322255,26.64947288666667,76.765588
322701,26.113638883333333,76.27990463333333
322702,26.438118514285716,76.78157298571429
322703,26.1805181,76.07891295
322704,26.213217450000002,76.0561644
323001,25.75675768235294,75.95444942941175
323021,25.72550920625,75.7766211875
323022,25.36215629090909,75.43181691818182
323023,25.557232966666664,75.49040169999999
323024,25.930386916666667,75.2242502
323025,26.475786290000002,75.34309679
323026,26.275283454545455,75.66988881818182
323301,25.769906477777777,75.56393423333333
323303,24.7274722,74.3231111
323304,24.888222116666668,75.19264968333333
323305,24.8827778,74.6225
323306,24.95564573333333,75.5275862
323307,24.871385628571428,68.47223742857143
323601,25.2997778,75.9351944
323602,26.169263563636363,75.26501842727272
323603,25.387664985714284,75.89885069285715
323613,26.7164701,75.892092
323614,26.264168483333332,76.05094678333333
323615,26.1188333,75.7189444
323616,25.542588811111113,75.60202077777778
323801,25.863452264285716,75.69541227142858
323802,25.332476545454544,75.40585945454545
323803,25.716677282352943,72.53254313529412
324001,25.204861100000002,75.85872917500001
324002,25.210092588888887,75.88972222222223
324003,25.170420800000002,75.87497105
324004,25.1325,75.8941667
324005,25.140857920000002,75.8499681
324006,25.177870366666667,75.8385185
324007,25.167604175,75.853743075
324008,25.2025926,75.81962963333332
324009,24.632217,75.89043
324010,25.037694433333332,75.76162963333333
325001,25.032599670588237,75.33950653529412
325003,25.021930666666666,75.95957828888889
325004,25.48143376153846,76.38986110769231
325009,25.6760787,76.32606018333333
325201,25.340238099999997,75.87597222857143
325202,25.186194444444443,76.2827963
325203,25.16228611,76.09938333
325204,25.250116684210525,76.19844368421053
325205,25.03739814761905,76.53218518571428
325206,25.2428576375,76.348128475
325207,24.900706788888886,76.57249691111112
325208,25.27018055,75.040145825
325209,25.036320800000002,76.4103569
325214,25.324180549999998,76.5218287
325215,25.22995011111111,76.57147388888889
325216,25.047678,76.66628111111112
325217,25.19723190909091,77.09347863636364
325218,25.09730983076923,76.40425213846154
325219,24.736907408333334,76.65935648333333
325220,24.951804444,76.57014666799999
325221,24.660580917391307,76.67697946956523
325222,25.2282257,76.48301388750001
325223,24.737101855555554,76.55450925555556
325224,25.0337342,76.8270744
325601,25.002974533333333,76.185527775
325602,25.095148144444448,76.05384258888888
326001,24.559262649999997,76.18297575
326021,24.4493390125,76.2920228375
326022,24.33869841818182,76.23642884545455
326023,24.47017314117647,76.16585318235293
326033,24.3813451875,76.563617125
326034,24.449283728571427,76.09231745714285
326035,24.505451387500003,76.378375
326036,24.406629626666664,76.204
326037,24.398173675,76.69995520416667
326038,24.7279403,76.35418016666667
326039,24.324620799999998,76.43150857857142
326501,24.515330560000002,76.09415833
326502,24.40875652222222,75.96136382222222
326512,24.270442811764706,75.89566012941177
326513,24.35135243125,75.9084809
326514,24.713634093333333,75.69752111999999
326515,23.890393157142856,75.58231428571428
326516,24.072587575,75.7562893125
326517,24.7198125,76.2761389
326518,25.2706493,75.8746145875
326519,24.6295138875,75.9657638875
326520,24.723027775,75.93263195
326529,24.837405666666665,75.44681
326530,24.6687361,76.04691665
327001,23.604063434545452,74.49149594
327021,23.760689184615387,74.28217795384616
327022,23.626169888235296,74.17965935294117
327023,23.7480336,74.37888331999999
327024,23.59125,74.1755
327025,23.617491357142857,74.25909222142857
327026,23.68621774,74.5288992
327027,23.823519200000003,74.4761926
327031,23.395053516666664,74.08634166666667
327032,23.43631506363636,74.1695203
327034,23.52183596923077,74.20687077692308
327601,23.292522172727274,74.19297293636363
327602,23.22048090526316,74.30071357368422
327603,23.454101783333332,74.28642943333334
327604,23.417333745454542,74.36467465454545
327605,23.76611762,74.18948981999999
327606,23.32780297777778,74.33128293333333
327801,23.24239760909091,74.47953230909091
328001,26.739308549999997,77.63344785000001
328021,26.63641229,77.613369115
328022,26.784335485714287,77.37194085714286
328023,26.876880918181822,77.80534111818181
328024,26.842997747058824,77.93293698235294
328025,26.869435818181817,78.13425854090909
328026,26.491308075000003,77.36284131666666
328027,26.82389620714286,77.24140778571429
328028,26.58863716666667,77.82096635
328029,26.766476364285715,78.05597286428572
328030,26.729707627272727,77.82788073636362
328031,26.62091535,77.54831051666666
328041,26.720768546153845,77.7157227
331001,28.342134251612904,74.9351702064516
331021,28.224478140000002,74.95728746
331022,28.111513045945944,73.39545050810811
331023,28.678116717948715,75.36971187179488
331024,28.146481729999998,74.99537359
331025,28.276897639999998,75.29524377999999
331026,28.394905283333333,75.21500136666667
331027,28.229255242857143,75.21127599285715
331028,28.336689775,75.281623775
331029,28.46770484166667,75.13738934999999
331030,28.20159555,75.06868270000001
331031,28.273182975,74.87147300000001
331301,28.543718975,75.5707312875
331302,28.779969875,74.8053222625
331303,28.36549691818182,75.39075891818182
331304,28.6836112,74.8790726060606
331305,28.542646788888888,75.44909598888889
331402,28.401918385714286,74.65780968571428
331403,28.459400426666665,74.45393633333333
331411,28.654626249999996,74.3588955
331501,27.831172633333335,74.32212573333334
331502,27.8021394,74.44369209999999
331503,27.7744612,74.38058186666666
331504,28.283550839999997,74.63674906
331505,27.969602114285713,74.6168437
331506,27.80148766,74.73408998666667
331507,27.6982776,74.50231317692308
331517,27.71231294,74.08517062
331518,27.654920779999998,74.19763739
331701,28.894344890000003,75.34022812
331801,28.270955559999997,73.88473444
331802,28.06615491875,74.39892609375
331803,28.15555376129032,74.00692777741935
331811,28.109171828571426,73.59432341428571
332001,27.61563321,75.12370355
332002,27.510143366666668,75.00755773333333
332021,27.596442489999998,75.19827455999999
332023,27.438392558333334,75.17976011666666
332024,27.69346864285714,75.18723980000001
332025,27.390111089999998,74.93507904
332026,27.6123154,74.8009269
332027,27.65210825,75.2726229125
332028,27.5341174625,74.8547909875
332029,27.654356449999998,74.739205075
332030,27.463273575,74.865505275
332031,27.775499611111112,75.19011555555556
332041,27.635476190909092,74.99519801818182
332042,27.569264500000003,75.01430452
332301,27.976049910526314,74.96433311578947
332302,28.130629233333334,74.96263363333334
332303,27.9493237625,75.0806656
332304,28.009209849999998,74.82569665
332305,27.974985275,75.24713415
332307,28.103963833333335,75.08237673333333
332311,27.838651407692307,74.96798588461539
332312,27.720785366666668,74.89728253333334
332315,27.730030618181818,75.0655246
332316,27.8400186625,75.1733845375
332317,27.822673899999998,75.013895625
332318,27.772256316666667,74.82814570000001
332401,27.903088580000002,75.11209424
332402,27.489221535714286,75.37960795000001
332403,27.52488038888889,75.25812816666667
332404,27.35859713,75.53103565
332405,27.58822328,75.33280432000001
332406,27.433265111111112,75.20703912222223
332411,27.026638279999997,74.56167608
332601,27.343555258333335,75.27355379166666
332602,27.3693582,75.37421267142858
332603,27.3549636,75.6206552
332701,27.436862158333337,75.85958200833333
332702,27.3091271,75.185754
332703,27.230374575,75.209123925
332705,27.629813855555554,75.87982277777778
332706,27.62382902,75.50827574
332707,27.61885595714286,75.81296747142856
332708,27.582801216666667,75.65908519166666
332709,27.593874126315793,75.52313525263158
332710,27.239482342857144,75.23428891428571
332711,27.534855728571426,75.55156594285714
332712,27.423848833333334,75.71094538333334
332713,27.756941341666664,75.80861589166666
332714,27.6408495,75.74599068
332715,27.475439799999997,75.61031821904761
332716,27.845781320000004,75.62240892
332718,27.80890136875,75.9776028
332719,27.530787325,75.74513915
332721,27.619113400000003,75.31080372
332722,27.50417007142857,75.5197707
332742,27.214499033333336,75.1580737
332746,28.0517192625,75.9675815
333001,28.124361834615385,75.37504595769231
333010,27.975453,75.185619
333011,28.228607,75.33656126666666
333012,27.91856921666667,75.48983045
333020,28.227197,75.17853
333021,28.02161682222222,75.46708545555556
333022,27.8406307875,75.5190571
333023,28.204154284615388,75.47958308461538
333024,28.122142233333335,75.49945768333333
333025,28.28875617142857,75.44792902857144
333026,28.154905169565218,75.6560498347826
333027,28.17300201666667,75.6367008
333028,28.09361864,75.60266397000001
333029,28.314218822222223,75.75848672222223
333030,28.336054920000002,75.68580474000001
333031,28.416639250000003,75.647863645
333032,27.856061133333338,75.4339029
333033,28.151691233333334,75.97594750833333
333034,28.257291527272727,75.95638362727273
333035,28.308863775,75.59842677500001
333036,27.978811483333335,75.90437895000001
333041,28.061566433333336,75.2970512888889
333042,27.845856227272726,75.30747493636363
333053,27.856983054545456,75.63876034545454
333055,28.274024,75.751479
333302,27.736421619999998,75.58611842
333303,27.72369775,75.4116882
333304,27.794424279999998,75.33026066
333305,27.916754014285715,75.41897484285714
333307,27.7373234,75.4561334
333308,27.85864315,75.350979775
333501,27.926009566666668,75.70162835000001
333502,28.19923659230769,72.20345256153846
333503,27.99118143076923,75.82621093846154
333504,28.10630731666667,75.78901535
333514,28.0528387,75.71441691428572
333515,28.173891416666667,75.96476644166667
333516,28.133992473333333,75.79927394666667
333517,28.140323,75.761827
333701,27.9795964,75.19106595
333702,27.9025556,75.2276389
333704,28.07418387857143,75.18196870714284
333705,27.948297739999997,75.24678867
333707,27.972773336363637,75.34008215454546
333801,27.748423133333333,75.30153235
334001,28.073378385,73.2524282975
334003,28.0208333,73.3158333
334004,28.028559266666665,73.30304073333333
334006,28.1722222,73.04
334021,28.616933330000002,73.21768333
334022,28.112140333333333,73.4923505
334023,28.48581805,73.0301083375
334201,27.86126112,73.52532
334202,27.93640872857143,73.66681508571428
334302,27.746129166666666,72.92546851666667
334303,27.74887222857143,72.73414682857143
334305,28.07487036666667,72.5643963
334401,27.9830556,73.2986111
334402,27.996166666666667,73.46166573333333
334403,27.9741667,73.2986111
334601,28.31382857142857,73.48778651428572
334602,28.246515733333336,73.83853518333333
334603,28.5560382,73.78377619285713
334604,28.7624291625,73.8114791625
334801,27.7650382,73.404015275
334802,27.67463684210526,73.7043947368421
334803,27.59393703809524,73.34484814761905
334804,27.80832333,72.90188111
334808,28.488020825,72.8059111
335001,29.875585304,73.822438716
335002,29.859422,73.8942210909091
335021,27.793683350000002,77.6406632
335022,29.424433333333333,73.96407806666666
335023,29.8542095,73.80828933333333
335024,29.41725801333333,74.07032042
335025,29.974144560000003,65.59045705999999
335027,30.1768664,73.71263239999999
335037,29.765055750000002,74.18241325
335038,29.508315770000003,73.55416932
335039,29.561551490909093,73.67265937272727
335040,29.7938525,73.60252224999999
335041,29.23455257894737,74.16159468421053
335051,29.453786625000003,73.66831695833334
335061,29.391125425,73.5789718375
335062,29.8971954,74.23562306666666
335063,29.810464333333332,74.43127033703703
335064,29.853344342857145,74.64987185714287
335065,28.82501915,75.06831013333333
335073,29.77057406666667,73.72659562222222
335501,28.051521025,74.76803410833334
335502,28.9199908,75.60140971
335503,29.072871444444445,75.33604356666666
335504,28.98506357333333,74.77782574666666
335511,29.15237423,75.03026578000001
335512,29.636311666666668,74.29193392500001
335513,29.62919573,74.41834993
335522,28.930703,74.209623
335523,29.145715023684215,74.71165744210526
335524,29.247288387096773,74.37082087419356
335525,29.5116725,74.57817505
335526,29.519917907142858,74.49047241428572
335701,28.757315333333334,73.25017641666666
335702,29.0222518625,73.931224375
335703,29.18022510625,73.35351076875
335704,29.2593233875,73.59094961875
335705,29.636806366666665,74.26892099999999
335707,28.7195385,73.579535625
335708,28.86102715,72.84654818
335711,29.1430965,73.209630875
335801,29.515582259999995,74.1907334
335802,29.608640018181816,74.83390153636364
335803,29.342179047058824,74.40704146470588
335804,29.192015857142856,73.98073271428572
335805,29.670912166666668,74.04680166666667
335901,30.092436114285714,73.94579984285714
341001,27.18838308604651,73.86170740232558
341020,27.1111,73.2279
341021,27.02809978,73.76379865999999
341022,27.36338,73.96986067
341023,27.304284046153846,74.29086035384616
341024,27.006224784615384,74.02050170769232
341025,26.977210206666665,73.51982085333334
341026,27.084507116666668,73.7801735
341027,27.1974132,74.0342583375
341028,26.97883333846154,73.80641307692308
341029,27.538240275,73.978202775
341030,27.116663485714287,74.13698571428571
341031,26.51198142,74.18808637
341301,27.790455366666666,74.15530316666667
341302,26.483535183333334,73.98664536666666
341303,27.350343314705885,74.43149713529411
341304,27.775601537500002,74.873727125
341305,27.0911579125,75.3052443
341306,27.6391468,74.3861053625
341316,27.388110440000002,74.16950098
341317,27.418940550000002,74.35071018333333
341318,27.2917871,74.49250262000001
341319,27.169271209090912,74.52568232727273
341501,26.926277775,74.358202775
341502,27.06685347272727,74.62196107272727
341503,26.60882006285714,74.52791121428571
341504,26.9830213375,74.5299803375
341505,27.08025320769231,74.73085313076923
341506,27.149966569999997,74.6748401
341507,27.1220805,75.128324275
341508,27.007698277272723,74.7639366409091
341509,26.956662994117647,74.8709640117647
341510,26.6338151,74.26090598125
341511,26.730592,73.91802029
341512,26.6351652,74.80898897142858
341513,26.4689118,74.30671362222222
341514,26.922128453846156,74.08482836153847
341515,28.3720098,75.29963099999999
341516,27.352229519999998,74.81638164
341517,27.46681946,74.37003053999999
341518,26.520653399999997,74.07538672857143
341519,27.25972322,74.96626622
341520,26.8370359625,74.4905508
341533,26.66212695,74.369591675
341542,27.052693050000002,74.45215555
341551,27.392333683333334,74.6035593
342001,26.271939878947368,72.9904943
342002,26.243,73.021
342003,26.26806945,73.01255
342005,26.228688533333337,73.02147280000001
342006,26.2899861,73.03785415
342007,26.3210556,73.0474444
342008,26.252577799999997,73.4728528
342011,26.2681875,73.035451375
342012,26.1909722,72.9354444
342013,26.57687975,73.21160765
342014,26.23674645,73.03317616875
342015,26.31380592,73.34898272000001
342021,26.595130033333334,72.26099273333334
342022,26.365805008333336,72.45145210833333
342023,27.2489453,72.63827735384615
342024,26.28101431111111,73.00100243333333
342025,26.60080550666667,72.27343514
342026,26.3318889,73.0424722
342027,26.325993705000002,70.83391682499999
342028,26.42551666,72.34323666
342029,26.627441466666667,73.54926818333333
342030,26.4589,73.1109
342037,26.570951383333334,73.63303713333333
342301,27.1228437875,72.29890953333333
342302,27.03998412857143,72.56572142857142
342303,26.75275942307692,72.88963667692308
342304,26.359557475,73.042735275
342305,26.533764299999998,72.95910852857142
342306,26.375578890000003,72.957823935
342307,27.401206300000002,72.26621404
342308,27.135708622222225,72.46045665555556
342309,26.8587041,72.4307324875
342310,27.077366366666666,71.56280536666667
342311,27.179016464285716,72.85416946428572
342312,27.14225951875,73.050511075
342314,26.75340839090909,71.97454342727272
342601,26.37556136,73.53958872
342602,26.172454342857144,73.70859234285714
342603,26.502782266666667,73.50100952222222
342604,26.478080733333332,73.79448666666667
342605,26.208449626666667,73.52760697333333
342606,26.497077455,73.33876328
342801,26.248158762499997,73.0873312125
342802,27.418564370000002,73.10569108
342901,26.71668267,73.49201508
342902,26.66313655,73.64885889
343001,23.044962733333332,69.10347193333334
343002,25.313845,72.637292
343021,25.278022999999997,72.29661300000001
343022,25.3265884,72.20522869999999
343023,25.2214945,72.31637325
343024,25.115785,72.684892
343025,25.20087373333333,72.55363633333333
343027,24.813722375,71.523415125
343028,25.176486666666666,72.43993566666667
343029,25.088890103448275,72.36617868965517
343030,25.076623384615385,72.09207584615385
343032,25.22037525,72.03131458333333
343039,24.774842,72.2922595
343040,24.8349148625,72.05109845833333
343041,25.098873,71.773458
343042,25.483712099999998,72.5927833
343048,24.664344,72.2434935
343049,24.8848901,72.25614379999999
344001,25.710358274358974,71.41177281794872
344011,25.489011689999998,71.43518725
344012,25.53572433076923,71.43234530000001
344021,25.7950078375,72.88136535
344022,25.866038722222225,72.22869263888889
344024,25.81944,72.21556
344025,25.7955833,72.1528611
344026,26.03740529375,72.61238893125
344027,25.827739057142857,72.44565185714285
344031,25.231590211764708,71.74911770000001
344032,25.937752165384616,72.23696302692308
344033,25.55658157586207,71.9115091137931
344034,25.900043928571428,71.79882892857142
344035,25.88734910588235,71.52315088823529
344037,26.279593392307692,72.87195656153847
344043,25.54122777272727,72.4775453909091
344044,25.63034482307692,72.04825426923077
344501,25.853830413333334,71.76505896
344502,25.727222800000003,71.06837297894737
344701,26.084475083333334,71.29503042083333
344702,25.441676965909092,71.04325529318182
344703,25.68264446363636,71.72303627272727
344704,25.1675797875,71.4017732225
344705,26.279447833333332,71.23828696666668
344706,24.992044017857143,71.10678336785715
344708,25.518703963636366,71.56580846363637
344801,25.51864461111111,72.19324632222222
345001,26.88114906511628,70.89989103953488
345021,26.907751811111112,71.29359771666667
345022,27.6227875,70.3275825
345023,27.088692114285717,71.82916582857142
345024,26.73320322,71.45522236
345025,26.7425361,71.3446797
345026,26.862665577777776,71.07581327777778
345027,26.8536049,70.94132282105264
345028,27.5606137,71.50447963333333
345031,27.08997407777778,71.48145555555556
345033,26.987908899999997,70.83482666666667
345034,26.88433516,70.91500661
360001,22.30072333,70.79682277
360002,22.32092258333333,70.83754253333333
360003,22.37584210769231,70.80803546153847
360004,22.246560757142856,70.77131048571428
360005,22.27591235,70.74740976666666
360006,22.331472925,70.759621775
360007,22.2995278,70.7753889
360020,22.2124575,70.92546058
360021,22.2739711,70.58154763333333
360022,22.21934945,70.793879375
360023,22.247290800000002,70.69014589999999
360024,22.168954233333334,70.7871997
360025,22.14769072857143,71.00943884285714
360026,22.15572,70.7706884
360028,22.3516,70.8029
360030,21.9296796,71.15962093333333
360035,22.138774599999998,70.63332428
360040,22.101230042857143,70.83249565714286
360045,21.8328705,70.916386125
360050,22.209808576923077,71.66755036923077
360055,22.16338095,71.35978421428571
360060,22.1433462,71.08567745714285
360070,22.0811634,73.82335379999999
360110,22.39223461851852,70.5661374
360311,22.13379501025641,71.45079501282052
360320,22.1777328,70.40157364999999
360325,22.132305133333332,70.68924493333333
360330,21.882398444444444,70.7607101
360360,21.819015241666666,70.79274355
360370,21.76979652,70.618286445
360375,21.779095599999998,70.6042349
360380,21.82815785,70.6934195
360405,21.998214833333336,70.64411057777778
360410,21.937938335294117,72.92197506470588
360421,21.686033350000002,70.370625
360430,21.63773,70.27694249999999
360440,21.82934405714286,70.83135162857143
360450,22.179474885714285,70.8158441
360452,21.888500257142855,70.4041797
360460,21.7803,70.099899
360465,21.972646466666664,70.91245726666666
360470,21.77806435,70.79189745
360480,22.011384385714287,70.578437
360485,21.491878800000002,71.4417
360490,21.732105881818182,70.4420388090909
360510,22.04303611,69.723954165
360515,22.046298608333334,69.90212036666667
360520,22.06284258888889,70.09949382222221
360530,21.90364087142857,70.00665476428571
360531,21.825933333333335,69.85834444444444
360540,22.104038,70.7348571
360545,21.748822500000003,69.6835235
360550,21.699425533333336,69.74740899999999
360570,21.648132416666666,69.86268391666667
360575,21.642080399999998,69.60901360000001
360576,21.51378958,69.78391864
360577,21.66695,69.6814
360578,21.6278611,69.6343611
360579,21.750707153846154,69.54227246153846
360590,21.846722570588238,69.57195292941176
361001,22.3913611,70.011
361002,22.4855833,70.1354444
361003,22.4855833,70.1354444
361004,22.45519445,70.0462222
361005,22.4618333,70.0647778
361006,22.42808589090909,69.97764377272728
361007,22.4832037,70.08915739999999
361008,22.480027800000002,70.06184259999999
361009,22.499,70.0426111
361010,22.3665119,69.77506348571428
361011,22.59211666666667,70.29103033333334
361012,22.311570833333334,70.07480016666666
361013,22.284998,70.2566521
361110,22.4232842,70.2629672
361120,22.48855833,70.17354444
361130,22.400077666666665,70.33678744444444
361140,22.41333333333333,69.90666666666667
361142,22.4855833,70.1354444
361150,22.5296667,70.0441944
361160,22.134363332,70.323298888
361162,22.238328181818183,70.46461090909091
361170,22.222131941666664,69.98212036666666
361210,22.55693162307692,70.39065812307692
361220,22.686260555555556,70.54338344444444
361230,22.59042,70.17477600000001
361240,22.742736,70.44412575
361250,22.610620366666666,70.33774073333333
361280,22.2880541,69.8662422
361305,22.205102336842106,69.59942397894736
361306,22.056827378571427,69.76681745714286
361310,22.2801,69.53587222
361315,22.08855263157895,66.78404239999999
361320,22.010033333333336,69.45010833333333
361325,21.9358254,69.51159524285714
361330,22.389446,69.239853
361335,22.252911113333333,69.06637407333332
361345,22.409116660000002,69.23708888
361347,22.38345,69.058403
361350,22.4749444,69.0731111
362001,21.513557666666667,70.45724241666666
362002,21.546973459999997,70.38154822
362011,21.614326260000002,70.4140131
362015,21.476173525,70.4489043
362020,21.55417160625,70.7716707875
362030,21.5769001375,70.611901775
362037,21.557654233333334,70.44955106666667
362110,21.44335826,70.63667617
362120,21.36346331111111,70.61606807777778
362130,21.3519215,70.76642797857143
362135,21.19632015,70.5960427
362140,21.015164491666667,70.69908226666666
362150,21.045037786363636,70.52339295
362205,21.46105605,70.39915098333334
362215,21.374223836363637,70.34669123636364
362220,21.30786715,70.17226075833334
362222,21.39917327142857,70.23958878571429
362225,21.18119051,70.16250397
362226,21.18945,70.073399
362227,21.274859385714283,70.2876244
362230,21.313063555555555,69.95476862222222
362240,21.2512996,70.0863239
362245,21.155219266666666,70.33336867619047
362250,21.068264575,70.23211437500001
362255,21.032712807142854,70.34390047142857
362260,21.3056886,70.44401732142857
362263,21.3934451,70.5204566
362265,20.93005755,70.35210025
362268,20.90983368095238,70.52003552380953
362275,20.821587942857143,70.5959301857143
362310,21.611536774999998,70.50081525
362315,21.64368375,70.53021945
362510,20.841507455555554,70.9422252
362520,20.7188611,70.9856944
362530,20.92043203571429,70.93651952142856
362540,20.714801,70.985678
362550,20.9285225,71.04378100000001
362560,20.87704985652174,71.03419207391303
362565,21.01382555,71.0109460625
362570,20.72198635,70.9517176
362610,21.483257191666667,70.28087936666667
362620,21.501118531818182,70.01058227272728
362625,21.44671285714286,70.13848628571428
362630,21.465826325,70.16092865833333
362640,21.597315375,70.185082375
362650,21.624317911333332,69.96693063733333
362710,20.90642344,70.74077688
362715,21.5056111,70.4589167
362720,20.81250692272727,70.76226809545454
363001,22.73453055,71.6287028
363002,22.729,71.64045
363020,22.684024066666666,71.60421945
363030,22.715459666666664,71.70827404166667
363035,22.7248611,71.6273056
363040,22.79129675833333,71.53705046666666
363110,22.868423014285714,71.6920008
363115,22.938651233333335,71.88195617777778
363310,23.001248766666667,71.47130843703704
363320,22.87177828181818,71.58157323636364
363330,22.98969570909091,71.18721060454546
363351,22.852220137499998,71.4010882
363410,22.454330191304347,71.6524896173913
363421,22.56092701818182,71.81811868636363
363423,22.569838381818183,71.96977374545455
363427,22.71358737272727,71.87127323636363
363430,22.546673455555556,71.47980062222223
363435,22.5771,71.4773
363440,22.37434722142857,71.4232004
363510,22.676282163157897,71.43060643157895
363520,22.347713331999998,71.196931112
363530,22.6237284,71.21417036666668
363621,22.565643480555554,70.9552137
363623,22.3135,70.7881666
363630,23.03053529090909,70.87655048181819
363641,22.939663409375,70.584250515625
363642,22.828767438461536,70.9506569
363643,22.7873066,70.8023378
363650,22.52852736470588,70.6760786882353
363655,22.722805789473686,70.55120915789473
363660,22.910881484615384,70.62878344615385
363670,23.06768201,70.71750649
363745,23.058260253846154,71.7599970076923
363750,23.334030091666666,71.8345838
363755,23.212015275,71.6603514
363760,22.97748055,71.66095279999999
363765,23.200146670000002,71.81960667
363775,22.878315926666666,71.84488555333334
363780,23.21448703333333,71.66136853333334
364001,21.786840157142855,72.14468632857142
364002,21.756590000000003,72.16284922222222
364003,21.7663,72.1179
364004,21.76953425,72.1120597
364005,21.760782749999997,72.19038019999999
364006,21.778953,72.1345195
364050,21.59274875,72.152275875
364060,21.7254397,72.06299250000001
364070,21.61931153333333,72.23692448333334
364081,21.41263,72.169807
364110,21.664726666666667,72.22541533333333
364120,21.4897705,72.15009549999999
364130,21.236884563636366,71.96503035454545
364135,21.275623239999998,72.06884338
364140,21.338239409090907,72.01889331363635
364145,21.37563268888889,71.8903891
364150,21.419366,72.07903746153846
364210,21.7266818,71.83801220000001
364230,21.711719583333334,71.72562533333333
364240,21.681014069230766,71.93807495384615
364250,21.699596383333333,71.86285153333334
364260,21.576804111111112,71.97950644444444
364265,21.53362602,71.76090918999999
364270,21.53397336521739,71.81775236521739
364275,21.599087727272728,71.65549363636363
364280,21.244179346666666,71.66665066
364290,21.147041599999998,71.75281440454545
364295,21.271962849999998,71.86775590833334
364310,21.970033657142856,71.87901633571428
364313,21.926989244444442,71.98336098888889
364320,21.861011440000002,71.72284306666667
364330,21.86751442857143,71.8166383
364505,21.509959516666665,71.57662773333332
364510,21.424076355555556,71.74536854444445
364515,21.320607646666666,71.43340561333333
364521,21.3991477125,71.28458125
364522,21.213823723076924,71.37206303846155
364525,21.66276933846154,71.53242872307693
364530,21.25394153,71.49392568
364710,21.925955455,71.63010412
364720,22.274056833333333,71.5348685
364730,21.867636666666666,71.50206025
364740,21.781741133333334,71.66859832222222
364750,21.97064146153846,71.5453209
364760,22.023097333333332,71.75101988888889
364765,22.010393285714287,71.6395
365220,21.660957386363638,71.50991991818182
365410,21.839469155555555,71.16262062222222
365421,21.741166878571427,71.45203466428572
365430,21.566974446666666,71.28221109333334
365435,21.7832977125,71.3795990375
365440,21.492004735294117,70.91005159411765
365450,21.671201500000002,71.05049471999999
365455,21.659676899999997,71.2577984
365456,21.5714509125,70.9504699375
365460,21.73125225714286,71.23152114285715
365480,21.642217626666667,70.91593682666667
365535,21.53893055714286,71.39732463571428
365540,20.99254374,71.10944328000001
365541,21.1671855,71.29301
365550,21.041946888888887,71.24240066666667
365555,21.097262025,71.51357389166667
365560,23.772998927777778,71.40072580555555
365601,24.915370566666667,71.22413757222222
365610,21.534359436363637,71.13547669090909
365620,21.70725391666667,71.36637831666667
365630,21.46933425263158,71.17600645263158
365635,21.364676233333334,71.31434443333333
365640,23.810402175,71.13057137
365645,21.574089225,70.8737684
365650,21.21990622222222,71.32484746666667
365730,20.988463125,71.4424265
370001,23.40531862,67.37805703000001
370015,23.2255315,69.6696565
370020,23.2623976,69.8201536
370030,23.20115045,69.41775600714286
370040,23.22276844,69.56116435999999
370105,23.205392035714286,69.827042
370110,23.1245830375,70.096689175
370115,23.29759612307692,70.07688464615384
370130,23.17708951111111,70.56791242222222
370135,23.441986999999997,70.46569675
370140,23.369185614285716,70.30131996190477
370145,23.34586429166667,70.639650975
370150,23.265652,70.564854
370155,23.68641731111111,71.27742325555556
370160,23.375926200000002,70.25077619999999
370165,23.650111527272724,69.06079162121212
370201,23.145084699999998,69.90472869999999
370203,23.2197778,69.7785278
370205,23.010046085714286,70.21557321428571
370210,23.2469444,69.6731944
370230,23.2469444,69.6731944
370240,23.143327933333335,70.08047003333333
370405,22.8919579,69.60761695000001
370410,22.844326941666665,69.85226918333333
370415,22.90587016666667,69.69124333333333
370421,22.91397316,69.72613996
370425,22.99069874,69.69697158
370427,23.116991249999998,69.64241425
370430,23.10868482,69.59379666
370435,22.893969222222225,69.53069833333332
370445,23.102760399999998,69.367652675
370450,23.005683175,69.15691515833333
370455,22.9547495,69.68075275
370460,22.901152,69.4099245
370465,22.95900332,66.23868225999999
370475,22.9033974875,69.170013875
370485,23.013083799999997,69.4848158
370490,23.15361004,69.3037425
370510,23.805127973333335,66.66957455333333
370601,23.634893375,68.93163849999999
370605,23.47198480769231,65.68055424615385
370610,23.3053099,69.28109114
370615,23.2024279,69.52640383333333
370620,23.3392315,69.05226716666667
370625,23.431874233333332,69.22393067777779
370627,23.73399215,68.8657357375
370630,23.605934,68.90662725
370641,23.17400575,68.772592
370645,23.0630607,69.01956770000001
370650,23.2291053,66.3989118
370655,23.383524754545455,68.7980755090909
370660,23.323031611111112,69.22048533333333
370665,23.376561375,69.475003125
370670,23.387069033333333,61.50337323333333
370675,23.340320571428574,69.33620928571429
380001,23.0256735,72.58600983076923
380002,23.02425,72.5990926
380003,23.04,72.59
380004,23.049472225,72.5913680625
380005,23.0953472,72.596798625
380006,23.0072778,72.5573611
380007,23.00945666,72.55974334
380008,22.999607142857144,72.60906348571429
380009,23.040479175,72.55771527499999
380013,23.055450020000002,72.56334446
380014,23.0438611,72.5656667
380015,23.026081483333332,72.53542595
380016,23.05000695,72.610076375
380018,23.0300278,72.608
380019,23.0661111,72.5767361
380021,23.01668055,72.6110278
380022,23.0092361,72.58790275
380023,23.0165139,72.6263889
380024,23.031333333333333,72.62524076666666
380026,22.9992722,72.6294778
380027,23.0281944,72.5833889
380028,22.997805550000002,72.5923472
380049,23.04,72.66
380050,23.0281944,72.5833889
380051,23.0048889,72.5208889
380052,23.0466667,72.5527778
380054,23.0483611,72.52084719999999
380055,22.9955278,72.5280556
380058,23.02742,72.45576
380059,23.054457,72.4856125
380060,23.019686,72.37386325
380061,23.0687222,72.5431389
380063,23.0576944,72.5488611
382006,23.216358,72.637315
382007,23.2096095,72.65233525
382010,35.782744,60.29600925
382016,23.229313666666666,72.64049366666667
382021,23.22998766666667,72.66370266666667
382024,23.2398305,72.646738
382028,23.258407,72.6331555
382030,23.240976500000002,72.666804
382041,23.251184,72.673767
382042,23.137511333333332,72.60448633333333
382045,23.249441,72.702508
382110,22.908235294117645,72.23470588235294
382115,22.949742057142856,72.25905555714286
382120,23.12169523809524,72.21523809523809
382122,23.2578819,72.4728966
382130,23.14894736842105,72.24421052631578
382140,23.264285714285712,72.21428571428571
382145,23.317,72.28099999999999
382150,23.100693749999998,250.2123
382170,22.999572307692308,72.29811376923077
382210,22.94112222,72.47215
382213,42.75186,52.65953999999999
382220,22.825954108695655,72.35100120434782
382225,22.790000000000003,72.34775
382230,22.571111111111108,72.24585427777778
382240,22.703333333333333,72.26888888888888
382245,22.53,71.80357142857143
382250,22.721111111111114,72.2688888888889
382255,22.665,72.05
382260,22.740000000000002,72.464
382265,22.59625,72.44279975
382305,22.933443411764706,72.41930641176471
382308,23.095602615384617,72.85503592307693
382315,23.22643170588235,72.90215988235295
382320,23.33064775,72.70509825
382321,23.218175,72.57645571428571
382330,23.0908395,72.69096543333333
382340,23.064305533333336,72.62549073333334
382345,23.0529111,72.6291722
382350,23.0375389,72.64154445
382355,23.098145625,72.49873012500001
382405,22.95635556,72.57074444
382415,23.0224167,72.66116665
382418,23.00425,72.69075
382421,23.16821657142857,72.59504757142858
382422,23.29246275,72.58604425
382423,23.134286666666668,72.43435033333333
382424,23.1157,72.5983
382425,22.87979937777778,72.54259876666667
382426,35.597571,60.242746749999995
382427,22.905033333333336,72.58096666666667
382428,22.876669,72.463567
382430,23.02539627,72.73042017
382433,22.97331777777778,72.79787411111111
382435,22.92458483333333,72.69414183333333
382443,22.9829722,72.5971111
382445,22.947611119999998,72.64445556000001
382449,22.95896875,72.2254205
382450,22.28773181818182,71.8990789090909
382455,23.33375,72.74625
382460,22.718438272222222,72.14238117222222
382463,22.915,72.574
382465,22.616065545454546,72.27727272727272
382470,22.7856389,72.418465275
382475,23.0812778,72.6226111
382480,23.0796667,72.5723611
382481,23.0813625,72.55357525
382610,27.61213433333333,72.629131
382620,23.292107,72.639754
382630,23.312227,72.595575
382640,23.2795905,72.57122150000001
382650,23.359604,72.67627883333334
382721,23.26806945,72.53725
382722,23.116000000000003,72.3
382725,23.236,72.474
382729,23.27,72.44
382735,23.294444444444444,72.34777777777778
382740,22.869999999999997,72.52000000000001
382810,23.509944444444443,72.64555555555556
382835,23.452,72.733686
382845,23.286875000000002,72.4975
382855,23.068,72.466
383001,23.59189705909091,72.98642582272727
383002,23.6010111,72.95755555
383006,23.731236,72.984196
383010,23.6794164,73.0425309
383030,23.572566363636362,73.10771190909091
383110,23.7478304,72.96032084
383120,23.5056695,72.88735183333334
383205,23.39845253888889,72.85039172222223
383210,23.482645636363635,72.97834263636364
383215,23.33486423125,72.95798654375
383220,23.631953125,72.8670815
383225,23.739774285714287,72.84201457142856
383230,23.808540333333337,72.89626716666668
383235,23.918410789473686,72.99353247368421
383240,23.671522875,73.167719875
383245,23.754585415789474,73.2630569
383246,23.832949250000002,73.30483762
383250,23.636651615384615,73.32249900000001
383251,23.627962549999996,73.44592508333334
383255,24.05671481111111,73.0494832888889
383260,23.303854,73.13280259999999
383270,24.158785952380953,73.01575528571428
383275,23.967257714285715,73.10392371428571
383276,23.54872675,73.207223
383305,23.392446544444443,73.04258327222222
383307,23.347521125,73.111291
383310,23.398114800000002,73.22500140526316
383315,23.45322566956522,73.35318440869565
383316,23.522812875,73.160813375
383317,23.53367875,73.31605125
383320,23.58824375,73.22063425
383325,23.24632205,73.14553238181817
383330,23.213594333333333,73.176212
383335,23.293462454545455,73.36478209090909
383340,23.167814325,73.31041996249999
383345,23.357287314285713,73.45050684285715
383350,23.534225641379308,73.54853747586206
383355,23.705450384615386,73.35730007692308
383410,23.816009111111114,73.07295033333334
383421,23.757913833333333,73.12577750000001
383422,24.32860088235294,73.07319535294118
383430,23.847902864705883,72.97710622941177
383434,23.9129984,72.85535630000001
383440,23.862862749999998,73.118044625
383450,23.805020615384613,73.17070976923077
383460,24.010588729411765,73.31556143529413
383462,23.92003216666667,73.35835308333334
384001,23.608155999999997,72.44327231818183
384002,23.6230185,72.2446645
384003,23.35,72.36
384005,23.6232288,72.3409722
384012,23.588142,72.370791
384110,21.07565,72.537777
384120,23.698405714285716,72.381303
384130,23.83247833333333,72.452764
384135,23.864142700000002,72.345619
384140,23.6953965,72.32621499999999
384151,18.028928986956522,73.62158331304347
384160,23.758101,72.357849
384170,23.782797294117646,72.43911605882353
384220,17.483931545454546,73.75944318181817
384221,17.95564,75.28362
384225,19.065833328571433,74.48312062857143
384229,17.622725000000003,72.5192
384230,18.683680000000003,73.28052
384240,16.975555157142857,73.764097025
384241,16.79163076923077,74.15906153846154
384245,19.016222727272726,73.4827090909091
384246,19.53155,75.1225
384255,19.119300000000003,74.05212857142858
384260,18.306366666666666,76.94369999999999
384265,23.90454913125,72.1420345
384272,18.320008333333334,72.63278316666667
384275,17.091554036363636,74.7275197
384285,17.680681578947368,73.07656894736841
384290,16.992641666666668,72.57336066666666
384305,23.82888432,73.34257235999999
384310,23.72560425,72.4636665
384315,23.707940282352943,72.55361384117647
384320,23.7767,72.555458
384325,23.918910827777776,72.62401590555555
384330,23.949562664285715,72.66857384285714
384335,23.8306015,72.6984008
384340,23.826373,72.68482775
384345,23.8368,72.585449
384355,23.77906753076923,72.67082016923077
384360,23.129604333333333,73.21435066666668
384410,23.53208,72.230062
384412,23.604366499999998,72.2438505
384415,23.542371553846156,72.16959800769231
384421,23.50419857142857,72.35724828571429
384430,23.466973,72.22243625
384435,23.502427333333333,72.36457433333334
384440,23.316611026086957,72.32731006086956
384441,23.46613185714286,75.47594071428571
384445,23.233885661538462,72.28399406153845
384450,23.396759666666668,72.42667483333334
384455,23.300934875,72.479495625
384460,23.526082857142857,72.43330828571429
384465,23.4569975,72.51883975
384470,23.49685,72.546803
384515,23.59885,72.69505000000001
384520,23.217866666666666,72.74726666666668
384530,23.58717283333333,72.59603800000001
384540,23.489661666666667,72.507918
384550,23.546666000000002,72.7141855
384560,23.6673064,72.6862328
384565,23.275204000000002,72.7890475
384570,23.5088915,72.6323418375
385001,24.186487,72.4607922
385010,40.33468966666667,56.3733585
385110,24.27073990909091,72.91473636363637
385120,24.1442135,72.79999536363636
385130,24.414210666666666,72.62821133333334
385135,31.244428285714285,65.66458571428572
385210,28.40634972727273,68.01255418181819
385310,24.52260690625,71.9947869375
385320,24.07418937037037,71.56922714814814
385330,24.183572782608696,71.77971956521739
385340,17.997366666666668,72.30134074074074
385350,18.04473,71.86634
385360,17.47090061666667,72.39681296111111
385410,24.09907885714286,72.482285
385421,24.02390794736842,72.54717094736843
385505,24.384192875,72.336037125
385506,24.320495,72.315393
385510,24.2231773,72.3193169
385515,24.115226125,72.2701355
385520,24.07970814285714,72.35502757142856
385530,24.233187125,71.950815125
385535,25.54908086842105,70.82550265789473
385540,24.181840833333336,72.1370605
385545,26.8999171,69.8820205
385550,24.06352094117647,71.93113882352941
385555,23.9708643,71.8257107
385560,23.902279,71.77999355555556
385565,24.44705816,71.73610688
385566,24.53161811111111,71.52493011111112
385570,24.1815016,71.38350863333334
385575,24.331569199999997,71.47501145
387001,22.72432848,72.86387334
387002,22.699652633333333,72.87526106666667
387003,22.700001,72.870003
387110,16.786583333333336,72.9375787
387115,22.69906035,72.89481941666666
387120,17.4112075,74.09787625
387130,18.145553333333336,73.67555148
387210,22.5728648,72.78655963333334
387220,22.5478952,72.8429714
387230,22.684938,72.8292135
387240,22.5603993,72.720379825
387305,17.979766666666666,72.92602406666667
387310,22.570247199999997,72.95061945
387315,22.7525,72.6844722
387320,20.16473725,72.9272608
387325,22.7525,72.6844722
387330,22.750137499999997,72.9354948
387335,17.308559830769234,73.50760555384615
387340,17.979766666666666,73.15589073333332
387345,22.621522666666667,72.78343840000001
387350,21.055475,72.84986805
387355,22.60741026,72.77632176
387360,22.724902,72.89216466666666
387365,22.9151902,72.9343436
387370,22.659284874999997,72.888156975
387375,22.43933133333333,72.70626933333334
387380,22.640780200000002,72.72246208
387411,22.7525,72.6844722
387430,20.255436666666668,72.62407435
387510,17.01114,72.4821278
387520,25.651947333333336,72.639729
387530,16.908638890909092,73.94157424545455
387540,21.051961025,74.183860125
387550,17.96526666666667,72.65405033333333
387560,16.69085683333333,73.5040345
387570,17.30976666666667,73.4275787
387610,18.5844,73.48185570000001
387620,18.712854111538462,73.95477855
387630,19.300959725000002,71.36015601666666
387635,19.98556,72.71859443999999
387640,18.016233333333332,73.10844135555556
387650,20.549783333333334,73.0005787
387710,18.038841666666666,77.52417466666667
388001,22.584692583333332,73.00518551666666
388110,22.5307389,72.97448610000001
388120,22.5490278,72.9259444
388121,22.53625,72.9309167
388130,22.505077155555554,72.87801543333333
388140,22.438447725,72.896663875
388150,22.517000566666667,72.8184868
388160,22.497859433333332,72.83809593333332
388170,22.398471285714287,72.67967184285713
388180,22.465615652380954,72.5762303047619
388205,22.58879937777778,72.99823765555556
388210,22.60236031428571,73.13070794285714
388215,22.679064800000003,73.0411463
388220,22.6935713,73.06659287272727
388225,22.764423892857142,73.08509049285713
388230,22.72681818181818,73.10416363636364
388235,22.839454933333332,73.26950432222222
388239,22.8688611,73.3530278
388245,22.796892600000003,73.23616481666666
388250,22.836070064285714,73.20887797142858
388255,22.845646293333335,73.06938759333335
388260,23.187916666666666,73.4308040111111
388265,22.78905490909091,72.82271238181819
388270,23.112687219999998,73.47239407333333
388305,22.46985,73.022649
388306,22.462819449999998,73.0750472
388307,22.4623536125,73.03396653749999
388310,22.5591944,72.9641389
388315,22.567047199999998,72.92111944999999
388320,22.570820825,72.496390275
388325,22.54690835,72.89260555
388330,22.3423,73.081
388335,22.575231466666665,73.00841296666665
388340,22.5426972,72.98906944999999
388345,22.515349999999998,72.92150025000001
388350,22.46665,72.9808005
388355,22.516899,72.946968
388360,22.5870788,72.96959299999999
388365,22.53987062857143,73.04090555714285
388370,22.519,72.99135
388410,22.7525,72.6844722
388421,22.601219,72.790291
388430,22.562944679999998,72.87316877999999
388440,22.553124349999997,72.857309475
388450,22.48200622222222,72.80594114444445
388460,22.5104669,72.77964413333333
388465,22.5591944,72.9641389
388470,22.5591944,72.9641389
388480,22.47537046,72.84968976
388510,22.322623014285714,73.1136508
388520,22.268733333333333,73.01701666666666
388530,22.322284725,72.89735416250001
388540,22.401275757142855,72.89894825714285
388543,22.397181,72.944366
388545,22.45886,72.858833
388550,22.365910175,72.6976294875
388560,22.480526666666666,72.73461716666667
388570,22.361885333333333,72.845096
388580,22.372653914285713,72.74862255714285
388590,22.438386133333335,72.9087502
388610,22.39514613333333,72.73431296666666
388620,22.337119415384617,72.62362139230768
388625,22.389088072727272,72.64697158181818
388630,22.4592972,72.78996945
388640,22.3485109125,72.6728636
388710,22.2784160625,73.6596708375
388713,22.78545277142857,73.47658984285714
389001,22.7734625,73.6169361
389002,22.84823254375,73.5730294375
389110,22.9350186875,73.8925025625
389115,22.940456761538464,73.83025927692307
389120,22.709935672222223,73.74997427222223
389130,22.86472427333333,73.88451426666667
389140,22.827920945,74.014721345
389146,22.891712066666667,74.07074443333333
389151,22.836850849999998,74.254665
389152,22.737774390000002,73.91041434
389154,22.80880006153846,74.33613946153847
389155,22.702337735714284,74.24997293571428
389160,22.866539375000002,74.217334375
389170,23.109235294999998,74.16885816499999
389172,23.12073024,74.02428633999999
389175,23.054429971428572,73.96863621428572
389180,22.998627070833333,74.14320633749999
389190,23.14532266666667,74.02531215333333
389210,22.93260685,73.53684916666667
389220,23.06953951111111,73.72809691111111
389230,23.15967827419355,73.62418159354839
389232,23.266802100000003,73.618719
389235,23.16842227142857,73.70190295714285
389250,23.33395196277778,73.84816346666668
389260,23.157674019999998,73.90100553333333
389265,22.931948642857144,73.80662
389310,22.615914985714287,73.52434129999999
389320,22.66089312727273,73.45282282727273
389330,22.74547,73.33200888
389340,22.72604499090909,73.10318656363636
389341,22.657198049999998,73.67513651
389350,22.53395533888889,74.19105404999999
389360,22.494945947058824,73.44899672941176
389365,22.60980129,73.686294625
389370,22.841551642857144,73.61089857142858
389380,24.78555194857143,73.89295599428571
389382,22.651398292857145,74.0764589
389390,22.41786279090909,73.71920405454546
390001,35.0250111,60.474981924999994
390002,22.3035833,73.1976944
390003,18.9576111,73.15729165
390004,18.27961666,73.18369888
390006,22.3035833,73.1976944
390007,22.30650275,73.166816675
390009,20.60960555,73.195836125
390010,18.92524165,73.04771665
390011,22.2781944,73.1944722
390012,18.94679165,73.38384719999999
390013,22.3035833,73.1976944
390014,20.153494433333336,73.00529813333333
390016,22.3035833,73.1976944
390017,22.2959722,73.21525
390018,22.3178333,73.1976389
390019,19.53967142857143,72.95534761428571
390020,22.314166649999997,73.1780139
390021,22.3035833,73.1976944
390022,19.65457222,73.43935222
390023,22.3213611,73.154
390024,22.3415,73.1786944
390025,22.2983333,73.21375
391101,20.0678611,78.2925648
391105,16.820678886666666,73.68667296
391107,18.030129484615387,75.53049187692308
391110,18.514338055000003,74.308646385
391115,17.3246729125,73.5784993
391120,17.65931983333333,73.9239131
391125,20.69017222,69.91417962666667
391130,18.2450979125,73.3747243
391135,19.273253139130436,71.23309492608696
391140,17.536853027272727,73.22431767272727
391145,17.422317594444444,76.52387777777778
391150,48.397694888,45.232405111999995
391152,16.90964270625,75.2265559
391156,18.2105104125,74.5868993
391160,44.902906585185185,48.50668806666667
391165,18.03435861,74.728040835
391168,66.6726176,22.41874605
391170,20.035596886666667,68.69736955333333
391210,17.84288181818182,73.50654545454546
391220,17.2429479125,73.5459618
391240,17.23072380952381,74.26844285714284
391243,16.992922999999998,74.212458
391244,18.285922636363637,75.66705545454546
391250,18.53989880714286,74.08854245714285
391310,17.848824066666666,73.59410186666666
391320,22.3035833,73.1976944
391330,18.480511900000003,73.12252777142858
391340,16.93271666,73.40753887999999
391345,22.3524722,73.14025
391350,18.965895825,73.3694236
391410,19.4852,75.1541
391421,19.88071666,73.07153888
391430,17.666429484615385,74.86751495384615
391440,17.285538647826087,73.69672946956521
391445,18.874891023076923,75.37982264615385
391450,18.40671666,73.07153888
391510,17.759551112,74.585363332
391520,16.737347225,74.551965275
391530,17.987698608333332,75.12493286666667
391740,19.62471666,72.93553888
391745,19.00318055,73.1715972
391750,22.3754722,73.1570833
391760,17.334783335,73.837030555
391761,17.59797685,74.14876079999999
391770,17.921995833333334,74.23281898333333
391774,16.688737176923077,74.21289956923077
391775,19.222263883333333,73.32461573333333
391776,22.445154,73.19986
391780,17.2929479125,74.6022118
391810,22.1653664,72.8658444
392001,21.699606857142857,72.98555828571429
392011,21.649829,73.07222033333333
392012,21.743259714285717,72.8839905
392015,21.734668285714285,72.99012971428571
392020,21.805883166666664,72.94890425
392025,21.901719888888888,72.93067266666668
392030,21.774968,73.130352
392035,22.0159064,72.95062759999999
392040,21.9839428,72.7929212
392110,21.903298181818183,72.88763827272727
392130,21.7801689375,72.7724755625
392135,21.714171,72.65235
392140,21.845489526315788,72.78627394736841
392150,22.07853976190476,72.80013971428572
392155,22.0781299875,72.6563840625
392160,21.72094125,72.930246
392165,21.79391325,72.6926572
392170,22.162465571428573,72.637294
392180,22.16071066666667,72.74133833333333
392210,21.836223,73.06988035294117
392215,21.83437,73.111066
392220,21.939009076923075,73.07609638461538
392230,21.968142999999998,72.97843583333334
392240,21.871606,73.027405
392310,18.8084028,73.06680555
393001,21.691819128571428,72.9665502952381
393002,21.606753666666666,73.01459633333333
393010,21.6587745,73.027854
393017,21.765543,73.188512
393020,21.612946,72.908895125
393025,21.495596181818183,73.90608845454545
393030,21.534899770588233,72.79607676470587
393040,21.66490975,73.62876385
393041,21.603396500000002,73.52319475
393050,21.466808736842108,73.75673242105263
393105,21.853251874999998,73.15700700000001
393110,21.680243276470588,73.1922917
393115,21.744797857142856,73.26691328571428
393120,21.820779333333334,73.2838116
393125,21.583550100000004,73.2589067
393130,21.592474346153843,73.41208
393135,21.555121636363637,73.19936577272728
393140,21.83306335714286,73.38100914285714
393145,21.971100475,73.5047472
393150,21.9296756,73.5471092
393151,21.87270759090909,73.542352
394101,21.1984722,72.8342778
394105,21.214501,72.8490839
394107,21.1611669,72.9183329
394110,21.369848875000002,72.92287963333332
394111,21.1985,72.8343
394112,31.663843200000002,62.81068380000001
394115,21.537039875,72.969732375
394120,21.403467560000003,72.99932342
394125,21.380169885714285,73.02061482857142
394130,21.36700536153846,72.86091787692308
394140,21.271208700000003,73.082205125
394150,21.283166983333334,72.93517761666668
394155,21.309740333333334,73.026827
394160,21.296598577777775,73.44361774444445
394163,21.258866152941177,73.2231781882353
394170,21.326995883333336,73.0931613
394180,21.267383157142856,72.9486903
394185,21.21169265,72.7637172
394190,21.275909,72.933861
394210,21.149274790909093,72.85653444545454
394221,21.1395,72.8405
394230,21.214518475000002,72.79357088333333
394235,21.3046058,73.78092395
394240,20.992020783333334,73.16122716666668
394245,20.93223575,73.129130025
394246,21.077254999999997,73.39670433333333
394248,21.0158826,72.93282158181819
394250,21.04106488888889,73.10901748888888
394270,21.164512600000002,72.74309439999999
394305,21.1638514,72.98114962857143
394310,20.8056101375,73.749295025
394315,21.0921453,72.95620651666667
394317,21.3993508,72.7968568
394320,21.24215785714286,72.98852
394325,21.186297357142855,72.9725232
394326,21.23871275,72.956408175
394327,21.102636,72.573324
394330,21.2631624,73.0063814
394335,21.196825572727274,73.20785776363637
394340,21.200005164285717,72.82447080714286
394345,21.13186915,73.09779900000001
394350,21.046734533333332,73.09189299166667
394352,21.0554615,73.0157148
394355,21.18645633,73.24613774
394360,21.24378462,73.32165152
394365,20.975636923076927,73.79920192307692
394370,21.493993866666663,74.21781059999999
394375,21.220513105882354,73.71175544705883
394380,21.49869792307692,74.16789507692307
394405,21.312070022222223,73.05019651111111
394410,21.39015673333333,73.0144476
394421,21.37393984,73.01498776
394430,21.503642355555556,67.52451731111111
394440,21.429328599999998,73.18024033529412
394445,21.3655294,73.28870375384615
394510,21.186752333333335,72.75273505
394515,21.1673056,72.7006667
394516,21.1984722,72.8342778
394517,21.209002366666667,72.70288413333334
394518,21.1984722,72.8342778
394520,21.347663725,73.0668605
394530,21.03706484,73.23506836
394540,21.339002386363635,73.16044911818182
394541,21.3373,72.7518
394550,21.113027533333334,72.74421406666666
394601,21.090704466666665,73.07503636666667
394620,21.140842499999998,73.004593125
394630,20.96040006666667,73.28379986666666
394633,20.960379285714286,73.35354042857143
394635,20.738611307692306,73.27633123076923
394640,21.042717433333333,73.2551395
394641,21.0398915,73.32597225
394650,21.094833564285715,73.4122227357143
394651,21.121563009090906,73.28277880909091
394652,21.128368983333335,73.42687875
394655,21.076146313333332,73.39622077333334
394660,21.142349,73.48505
394670,21.573406525,74.40267070833333
394680,21.2105962,73.60446462499999
394690,20.82685625,73.278605
394710,20.762715688235296,73.90339967058823
394715,21.057530333333332,73.47754366666666
394716,20.889699416666666,73.73145275
394720,20.6617923,73.97969866666666
394730,20.65456422,73.63671031999999
394810,21.4451635,72.817276625
395001,21.54369445,72.81186112500001
395002,21.186617466666664,72.8325321
395003,21.032393516666666,72.83004166666667
395004,21.32660635,72.92148915
395005,21.276436441666664,72.80381883333332
395006,21.2145833,72.8529167
395007,21.95310627,73.09788381999999
395008,21.224486,72.84729615
395009,21.20406084,72.79158262
395010,21.291156766666667,73.07364453333334
395011,21.1984722,72.8342778
395012,21.229953733333332,72.8541526
395013,21.224872585714284,72.8512568
395017,21.6305,72.4818
395023,21.1295,72.8525278
396001,20.614098333333335,72.92878400000001
396002,20.595155,72.934971
396007,20.560396,72.9906488
396020,20.5473806,72.9314786
396030,20.587439555555555,72.915232
396035,20.632013,72.974148
396040,20.635,73.130625
396045,20.632341285714286,73.03330142857143
396050,20.51199119047619,73.20856842857143
396051,20.562868227272727,73.26343463636364
396055,20.537365388888887,73.05276944444444
396060,20.676,73.22133333333333
396065,20.3978475,73.20639725000001
396067,20.25460216666667,73.28266691666667
396105,20.283767588235293,72.87649647058822
396110,20.744999999999997,72.95
396115,20.467785,72.862272
396120,20.2158285,72.7947245
396125,20.4938014375,72.9808476875
396126,20.4127658,73.1132204
396130,20.290666666666667,72.78465
396135,20.252438666666666,72.75749466666667
396140,20.324967,72.786552
396145,20.427203888888886,72.99207533333333
396150,20.2033154,72.8209384
396155,20.302893599999997,72.85955440000001
396165,20.234199500000003,72.84901450000001
396170,20.17119375,72.7534285
396171,20.164658,72.772515
396180,20.487203,72.868452
396185,20.457486625,72.918117125
396191,20.375977375,72.9591540625
396193,20.326848833333333,72.9727225
396195,20.355137,72.9249035
396210,20.434176,72.854065
396215,20.4072015,72.87995925
396220,20.401236333333333,72.83736966666667
396230,20.18916110714286,73.07325607142857
396235,20.263631714285715,72.94550842857143
396240,20.242978555555553,73.02403144444445
396310,20.80470588235294,72.93058823529411
396321,20.77,72.96
396325,20.756,73.0
396350,20.8625,72.98875
396360,20.814444444444444,73.01222222222222
396370,20.84,72.98
396375,20.695689153846153,72.97678138461539
396380,20.79,72.975
396385,20.7088,72.9012655
396403,20.89,72.86
396406,20.855,72.90666666666667
396409,20.7925,73.0675
396412,20.835,72.8425
396415,21.041666666666668,72.94333333333333
396418,20.985,73.0175
396421,20.95,72.9
396424,20.95,72.95
396427,20.970000000000002,72.94384615384615
396430,20.86,73.08
396433,20.9075,73.0325
396436,21.011875,72.824375
396439,20.910000000000004,72.83
396440,20.91,72.86
396445,20.95,72.93
396450,20.9225,72.9175
396460,20.82,72.8825
396463,20.923333333333336,72.98166666666667
396466,20.912,73.09200000000001
396469,20.964,73.048
396472,20.884999999999998,72.95
396475,21.02,72.98714285714286
396510,20.86837972,73.22174838
396521,20.737333333333332,73.06666666666666
396530,20.819999999999997,73.09333333333333
396540,20.734545454545454,73.19909090909091
396560,20.8148,73.1996
396570,20.83,73.2275
396580,20.726333333333333,73.35866666666668
396590,20.83,73.35375
400001,18.935871116666664,72.83409186666667
400002,18.95025,72.8286111
400003,18.96338875,72.83081135
400004,18.9565063,72.8200113
400005,18.91005522,72.81086862
400006,18.95675,72.8098889
400007,18.967287419999998,72.81915957999999
400008,18.968711120000002,72.82667222
400009,18.9695833,72.8426759
400010,18.96992706,72.8412154
400011,18.9796415,72.82601738000001
400012,18.999496042857142,72.8390754
400013,18.9965,72.8256111
400014,19.013901033333333,72.84701226666665
400015,18.9771667,72.8494167
400016,19.03613576,72.84312644
400017,19.04233335,72.85173610000001
400018,19.0098463,72.8180706
400019,19.02808,72.852298
400020,18.937953699999998,72.82742593333334
400021,18.93099073333333,72.8285833
400022,19.055797,72.8591785
400024,19.058954,72.880672
400025,19.010513850000002,72.82855555
400026,18.9726597,72.814944425
400027,18.9766944,72.8319444
400028,19.020867,72.83946233333334
400029,19.024430549999998,72.845
400030,19.014506975,72.817125
400031,19.0136684,72.85462606666665
400032,36.90881433333333,54.86100313333333
400033,18.97372172,72.8374266
400034,18.9770526,72.81711505
400035,18.96775,72.8216944
400037,18.783381925,72.967229175
400042,19.1421111,72.9391944
400043,19.0104722,72.87354164999999
400049,19.1109722,72.8255
400050,19.0568889,72.8341944
400051,19.05914994,72.84428502
400052,19.068006,72.8362429
400053,19.04581945,72.8262361
400054,19.08744445,72.83683335
400055,19.081361100000002,72.84866665
400056,19.10334725,72.83943055
400057,19.102388899999998,72.8485926
400058,19.12358335,72.8394167
400059,19.114222233333333,72.87970370000001
400060,19.1314444,72.8501389
400061,19.13975,72.8058333
400063,19.158916650000002,72.85145835
400064,19.187138875000002,72.8449236
400065,19.157870366666668,72.87057406666666
400066,19.230976025,72.860007475
400067,19.2163995,72.83837893333333
400068,19.2480556,72.86056945
400069,19.11970835,72.84970835
400070,19.072980666666666,72.879302
400071,19.0568889,72.8981111
400072,19.111024,72.89034050000001
400074,19.0438611,72.8948611
400075,19.081962966666666,72.9168611
400076,19.1286944,72.9191944
400077,19.0792222,72.9021944
400078,19.14622222,72.93459444
400079,19.1057361,72.9232917
400080,19.162844439999997,72.94812778000001
400081,19.169097200000003,72.9634028
400082,19.1709167,72.93305555
400083,19.1165139,72.93725
400084,19.0982222,72.9043333
400085,19.0175278,72.8561944
400086,19.086129600000003,72.90542593333333
400087,19.1353333,72.9003333
400088,19.044194433333335,72.9271111
400089,19.0156111,72.8616944
400091,19.2318889,72.8404444
400092,19.2291111,72.8553056
400093,19.1211389,72.8712222
400094,19.03825,72.92525
400095,19.1922361,72.80902775
400096,19.1245556,72.8729722
400097,19.18212815,72.8508175
400098,19.0799722,72.8545
400099,19.05453833333333,72.84985656666667
400101,19.2081944,72.8698611
400102,19.13930555,72.85256945
400103,19.2454722,72.8639167
400104,19.181804725,72.836639075
400601,19.193166700000003,72.97771293333334
400602,19.2164589,72.91724554999999
400603,19.183125,72.97615275000001
400604,19.1860556,72.9577778
400605,19.1934722,72.9898333
400606,19.2060278,72.9669444
400607,19.2381255,72.98568175
400608,19.212552533333334,72.97531106666666
400610,19.23125,72.9737778
400612,19.181270883333333,73.02188713333334
400614,19.0400463,73.04874073333333
400615,19.2706164,72.95811069999999
400701,19.1243889,72.9976111
400702,18.877809285714285,73.07600322857142
400703,19.097180566666665,72.99979628333334
400704,18.904986100000002,72.91679165
400705,19.0718611,73.0074444
400706,19.0325625,73.01801387500001
400707,18.874898133333335,72.91782406666667
400708,19.1511528,72.99231945
400709,19.1035,73.0044167
400710,19.1100556,73.0175
401101,19.29918105,72.83599584999999
401102,19.623032733333336,72.86293933333333
401103,19.890541180000003,72.75839959999999
401105,19.3096389,72.8549722
401106,19.28705535,72.78783659999999
401107,19.2584642,72.9223332
401201,19.390866842857143,72.7004213857143
401202,19.373862900000002,72.8308469
401203,19.4156935,72.80088935
401204,19.43461098,73.07149172
401206,19.4958056,73.01575
401207,19.34830285,72.8189501
401208,19.401951866666664,66.93734127777778
401209,19.4253889,72.8274167
401301,19.679048199999997,72.52133655
401302,19.4601389,72.7508611
401303,19.46740283,72.88272687999999
401304,19.2997986,72.87851029999999
401305,19.4687222,72.8166944
401401,19.4120271,72.88518565
401402,19.6461389,72.7236944
401403,19.737985899999998,72.93382349090909
401404,19.6982778,72.7689167
401405,19.36571618888889,72.83848617777778
401501,19.93213666923077,73.28383808461538
401502,19.704215979999997,72.7609781
401503,19.883486,72.68816495
401504,19.814536066666665,72.73241076666666
401506,19.7983333,72.7445278
401601,19.9794011,72.71186046666666
401602,19.9639377625,72.8048004125
401603,19.90853494736842,73.16646440526316
401604,19.870177484615382,73.36942025384616
401605,19.805714283333334,73.09142186666666
401606,20.1407849,73.01923243571429
401607,19.90163795,72.9652203
401608,19.9714444,72.7468611
401701,19.8101598,72.8907998
401702,20.0805833,72.7261667
401703,20.05775,72.7516944
402101,18.083164525,73.18042857500001
402102,18.100506325,73.32210565
402103,18.1407794,73.31501837500001
402104,18.301683616666665,73.26773188333333
402105,18.146546492307692,73.10332173846153
402106,18.572294433333333,73.11104666666667
402107,18.746905276923076,73.07541218846154
402108,18.678791080000003,73.00373114
402109,18.437078695238096,73.05371245714285
402110,18.051922266666665,73.04690667777778
402111,18.369242875,73.1122157625
402112,18.324961133333336,73.21265403333332
402113,18.101826449999997,73.0040599
402114,17.99527805,73.04226940000001
402115,18.13580924,73.2529299
402116,18.43543785,73.14255195
402117,18.203155233333334,73.24944216666667
402120,18.349589733333335,73.30847343333333
402122,18.175599125,73.188275275
402125,18.5784444,73.0960278
402126,18.4951675,73.17657425
402201,18.6418056,72.8723611
402202,18.52649478,72.92672934
402203,18.5590217,72.97216235
402204,18.628484866666668,72.89715926666666
402207,18.9963333,73.1231389
402208,18.73568322222222,72.87158228888889
402209,18.699926822222224,72.90793008888889
402301,18.044803795454545,73.39051354545455
402302,18.139790184615386,73.4857856
402303,17.93844813809524,73.45458313809524
402304,18.430418900000003,73.2029192
402305,18.189879846153847,73.40695473076923
402306,18.130350683333333,73.56262375
402307,18.23950148,73.25610968
402308,18.52900476,73.28866508
402309,18.104711020000003,73.45354432
402401,18.34747491,72.95121924
402402,18.26040655,72.9502258
402403,18.21136016,72.96885526000001
402404,18.151123325,72.9827277
403001,15.49465778,73.82986668
403002,15.4716389,73.8119444
403004,15.454875,73.803
403005,15.4818611,73.8429167
403006,44.32280555,45.067375
403101,54.10537036666667,34.985324066666664
403102,15.5531944,73.8887778
403103,44.924708349999996,45.04119445
403104,44.946986100000004,45.080375
403105,43.88404165,45.025180549999995
403106,15.5338611,73.9510833
403107,61.84001112,27.25817778
403108,44.256513899999995,45.0105972
403109,15.5015,73.8044167
403110,43.78495835,45.06154165
403114,53.92933333333334,35.44978703333334
403115,44.267374999999994,45.0558472
403201,15.4730278,73.8702222
403202,15.4643056,73.8580278
403203,15.4994167,73.8323889
403204,15.4263611,73.8988889
403206,15.4574444,73.8348889
403401,64.49972436153845,32.327553415384614
403402,15.5015556,73.9131944
403403,44.32380555,45.15694445
403404,54.76749073333334,35.54475
403406,64.3597963,25.2699676
403409,15.3855556,74.0314444
403410,53.245861100000006,35.11428703333333
403501,15.5499722,73.8180833
403502,44.7415139,44.742902799999996
403503,65.21244097499999,23.3341458375
403504,58.17488195,30.44906945
403505,66.25914506666668,22.26670062222222
403506,67.43806667,21.74980833
403507,58.496263899999995,30.457416662500002
403508,55.006472233333334,34.961444433333334
403509,44.436736100000005,44.7987361
403510,44.3469722,45.10180555
403511,54.86217593333333,35.509675933333334
403512,68.71689087142857,20.383406742857144
403513,63.194175933333334,25.58106945
403515,44.654291650000005,44.643861099999995
403516,54.14445370000001,35.032351866666666
403517,44.700569449999996,44.69708335
403521,15.547101833333334,73.58262036666666
403523,54.19935186666667,37.87842593333334
403524,55.1191852,34.90053703333333
403526,15.6140556,73.8243333
403527,15.6624444,73.7266667
403529,15.5826389,73.9546667
403530,59.31724305,30.448736099999998
403601,15.2744514,73.9684375
403602,15.2909167,73.9651111
403701,15.1805833,73.9715278
403702,67.39411728888889,21.537709877777775
403703,65.03262698571429,23.948246028571425
403704,66.652190975,22.61161805
403705,63.53893981666667,25.186796299999997
403706,61.864149999999995,26.99150556
403707,53.779305566666665,35.04202776666666
403708,53.226370366666664,35.00772223333333
403709,34.33505556666666,54.23906483333334
403710,54.40167593333334,34.90172223333334
403711,15.3978611,73.84875
403712,15.3449167,73.8984444
403713,59.2383611,26.690388900000002
403714,54.04687963333333,34.37396296666667
403715,15.209997,73.97772
403716,15.2588611,73.9309722
403717,15.2063333,73.9508056
403718,44.275430549999996,44.84675
403719,15.3094722,74.0010556
403720,15.3138611,73.9860278
403721,15.2319167,73.9424722
403722,15.3495833,73.9309722
403723,64.06395140000001,29.885708325000003
403724,15.2202778,73.9508889
403725,15.2335833,73.9911389
403726,15.3753889,73.8800556
403728,44.085305549999994,44.88269445
403729,15.2581389,73.9855
403731,15.1869444,73.9472778
403801,15.3851944,73.8390139
403802,26.97706668,62.13409444
403803,15.4126389,73.7903889
403804,15.4082222,73.7889167
403806,15.3701389,73.8376667
410101,19.122164989999998,73.66170484
410102,18.9853889,73.2707778
410201,18.95524358846154,73.49512072692308
410202,18.8192588,73.2851919
410203,18.807620383333333,73.15740741666666
410204,18.7765,73.3533889
410205,18.600807181818183,73.26107803636363
410206,18.93966015185185,73.10608784444445
410207,18.948740733333334,73.03574073333333
410208,19.0516373375,73.1025786125
410209,19.016,73.096
410210,19.0135,73.1710556
410216,18.8043889,73.3425278
410218,19.0267222,73.1048056
410220,18.5349352,73.01122223333334
410221,18.6915451375,73.295284725
410222,18.8968333,73.1846389
410301,18.5243,72.3828
410302,18.2033,76.2024
410401,18.5986732,64.3900541
410402,18.75384,73.38978449999999
410403,18.5243,73.3826
410405,18.7215265875,73.5283994375
410406,18.681044550000003,73.51984999999999
410501,18.750856858823532,73.86251954705882
410502,19.21316544347826,73.82261811739131
410503,19.014788316666667,73.97640326666667
410504,19.11865923846154,74.01353607692307
410505,18.86959257142857,73.83334477142857
410506,18.71643376666667,73.54129776666667
410507,18.7579989,73.61470502857142
410508,18.8786111,73.2716666
410509,19.072930414285715,73.64529101428572
410510,18.730598666666666,73.80279333333333
410511,19.17867,73.92293749999999
410512,18.798022879999998,73.80281484
410513,18.79112425,73.59611050000001
410515,18.8368778,73.73332500000001
410516,17.4693745,74.088733
411001,18.508047617142857,73.86874999999999
411002,18.51370346,73.85926750000002
411003,18.041766238,74.912799982
411004,18.5130926,73.83603703333334
411005,18.525402225,73.7136708
411006,18.55543055,73.88995833999999
411007,18.5525581,73.82009345
411008,18.542875000000002,73.819125
411009,18.4953611,73.85626389999999
411011,18.520748666666666,73.8626749
411012,18.581208335,73.832319445
411013,18.50777778,73.39172222
411014,18.555736109999998,73.659027775
411015,18.127791685,73.936569445
411016,18.5330463,73.8330926
411017,18.616916664999998,73.70611111
411018,18.629625853333334,73.81440392333333
411019,18.65429165,73.797486105
411020,18.5588984,73.83418545
411021,18.530100066666666,73.79425286666667
411022,18.50205556,73.9085
411023,18.468942140000003,73.78627208
411024,18.4452222,73.7858056
411025,18.362307666666666,74.49984666666667
411026,18.57761,73.569938835
411027,18.576638889999998,73.81197222
411028,18.498194445000003,73.930819445
411030,18.511854933333336,73.85010895
411031,18.52047,73.300211
411032,18.52047,73.300211
411033,18.52047,73.300211
411034,18.604,73.82611111
411035,18.65388889,73.78141667
411036,18.5321688,73.9288801
411037,18.608647406666666,73.67819070333333
411038,18.5075185,73.8085
411039,18.62033333,73.84822222
411040,18.51319444,73.84941667
411041,18.48309725,73.83434725000001
411042,18.50471666,73.86252778000001
411043,18.4653611,73.8551111
411044,18.65888889,73.75027778
411045,18.5699504,73.7661502
411046,18.447838500000003,73.8555539
411047,18.616539279999998,73.942772335
411048,18.52047,73.300211
411051,18.52047,73.300211
411052,18.49104165,73.8231806
411057,24.7990885,73.8947035
411058,18.4758056,73.7976667
411060,18.52047,73.300211
411061,18.52047,73.300211
411062,18.663382733333332,73.7902009
411067,18.563398,73.812891
411068,18.457955,73.79191
411069,18.5624,73.7868
412101,18.690928500000002,73.68476396666667
412102,18.12546595,74.22558695000001
412103,18.3235315,74.39906875
412104,18.3774233,74.0775060111111
412105,18.698660285714286,73.82864028571429
412106,18.739411925,73.52659805
412107,18.66025661,73.7515039
412108,18.538372008333333,73.54027868333334
412109,18.737008449999998,73.7599666
412110,18.608187333333333,73.88050546666666
412112,18.5202778,73.8566667
412115,18.517087315384614,73.70825478461538
412201,18.5212425,74.01314135
412202,18.498372971428573,74.14605959999999
412203,18.497991636363636,74.29749628181818
412204,18.363428,74.1383965
412205,18.263339345454543,73.88077976818182
412206,18.142100060526317,72.32247937631578
412207,18.43961842222222,74.17016747777778
412208,18.697305433333334,74.17922681666666
412209,18.722225342857143,74.08094938571428
412210,18.723104775,74.2748273875
412211,18.650248672727272,74.44002560909091
412212,18.54869216,73.68985599999999
412213,18.252303363157893,73.78797632631579
412214,18.4948453625,74.20581635
412215,18.960237,74.407727
412216,18.6389835,73.949566
412218,18.852877516666666,74.23635855
412219,18.433392559999998,74.4626995
412220,18.670735933333333,73.88973333333333
412301,18.377921100000002,74.01175424705882
412303,18.306651825,74.15467590833333
412304,18.2749028,74.31547499999999
412305,18.247571542857145,74.03764125714285
412306,18.11550958,74.30658634
412307,18.47977005,73.93091734999999
412308,18.453191466666667,73.9709567
412311,18.2698975,74.17705221666667
412312,18.395408850000003,73.26268885
412401,18.472461,73.6529584
412402,18.780424666666665,73.80638577777778
412403,18.988696966666666,73.93459493333334
412404,18.860480428571428,74.03868785714285
412405,18.697435,73.6555555
412406,18.845000125,74.06729982499999
412408,18.959954399999997,73.7161682
412409,19.394051185714286,73.94753342857143
412410,18.9710476,74.0149176
412411,19.0301858,73.94528319999999
412412,18.6475626,73.9385118
412801,18.134899649999998,73.95465161666667
412802,18.37149990909091,74.08616777272728
412803,17.95946149310345,73.86481239655173
412804,17.9605028,74.38780835
412805,17.879041016666665,73.88649863333333
412806,17.90566712857143,73.81619913809524
413001,32.229253025,61.340600925000004
413002,20.471647,73.07209335714285
413003,37.079364899999995,56.489374766666664
413004,17.57331945,75.67568055
413005,17.677175899999998,75.91897226666667
413006,17.6879345,75.93518842
413007,19.1627778,77.3060556
413008,17.5391113125,75.840788725
413101,17.826289166666665,75.04231566666667
413102,18.20183963809524,74.5445598
413103,17.996616825,74.7865760625
413104,18.154751,74.64330818181818
413105,18.63971864,74.89050976000001
413106,18.119617385714285,75.03128608571429
413107,17.82057568,74.87926376
413108,17.847179500000003,75.1397895
413109,17.92168203076923,74.67660713076923
413110,18.15150857142857,74.53797999999999
413111,17.80745118,74.59651108
413112,17.7524955875,75.21825
413113,17.7057715125,75.1636754875
413114,18.05111075454545,74.91879023636363
413115,18.000552499999998,74.601819
413116,18.300988,74.188353
413118,17.5151667,75.4466667
413120,18.105790000000002,74.98387620000001
413130,18.375830855555556,74.3754066
413132,18.48863006,74.91005731999999
413133,18.171518733333333,74.9892219
413201,18.72546667,75.31085277999999
413202,18.201132833333332,75.2038765
413203,18.38137743478261,75.13605926086957
413204,18.677777783333333,75.5393426
413205,18.66522531111111,75.23810185555556
413206,17.888279666666666,75.04415136666667
413207,18.964528833333333,75.29729483333334
413208,18.05598225,75.41963734166667
413209,18.033707333333336,75.58436777777779
413210,18.313670600000002,75.4646944
413211,17.917621522222223,75.2566853
413212,17.899568000000002,75.546119
413213,17.85210916875,75.6183962625
413214,17.871250671428573,75.59627984285714
413215,17.54889594,75.96711958
413216,17.517069076470587,76.1972915117647
413217,17.500168333333335,75.899519
413218,18.042984428571426,75.79592272857143
413219,17.5104062125,76.08791396250001
413220,17.480098,76.233875
413221,17.509116190909094,70.44701879090908
413222,17.738288685714288,75.78607511428572
413223,18.164106750000002,75.2693165
413224,17.677193074999998,75.92924305
413226,17.568229375,76.16383825
413227,17.475195833333334,76.13999666666666
413228,17.596497316666667,75.95829591666667
413229,18.951180833333332,75.511146
413248,17.753442457142857,75.70961697142856
413249,19.0487286,75.4066884
413250,17.979934666666665,75.37318433333333
413251,19.0662058,75.88146040000001
413252,17.89902425,75.41318925
413253,17.783219242857143,75.65329451428572
413255,17.999676728571426,75.79104538571427
413301,17.724855366666667,75.40261846666667
413302,17.89328475,75.21204675
413303,17.5151667,75.4466667
413304,31.68805991212121,61.395016081818184
413305,17.513827746153847,75.46278405384615
413306,17.646637972727273,75.11383880909091
413307,17.54619597647059,75.16395565882353
413308,17.440952,75.232527
413309,17.4002519,75.19657090000001
413310,17.675923914285715,75.09078318571429
413314,17.355712333333333,75.09185599999999
413315,17.637541499999998,74.167654
413317,17.632621333333333,75.30210068888888
413319,17.424530125,75.576351625
413322,17.338942,75.40826016666666
413324,18.12082366,75.11393963999998
413401,18.159347232000002,75.619323296
413402,18.07933688,75.84018088
413403,18.20327486,75.78225934
413404,18.534517155555555,75.78675123333333
413405,18.366654416666666,76.16396475
413406,18.3574474,75.59438684999999
413409,18.127305099999997,75.70690224285714
413410,17.903034633333334,75.684736
413411,17.5151667,75.4466667
413412,17.87740414,75.57485858
413501,18.5335365,76.361818
413502,18.354770506666668,75.52707296
413503,18.34364077777778,76.13641266666667
413504,18.477342655,75.73073346499999
413505,18.314705583333335,76.1164845
413506,18.340856914285716,76.14653191428572
413507,18.604930809523808,76.05372733333333
413508,18.4202448,76.15655105714286
413509,18.27543336923077,76.11052461538462
413510,18.399838799999998,76.57675880000001
413511,18.503695411764706,76.8289088235294
413512,18.73490768,76.12696944000001
413513,18.01334425,76.63831250000001
413514,18.787952545454548,74.57750245454545
413515,18.861061875,76.53172112499999
413516,18.101087141666667,76.59046004166667
413517,18.37225629032258,77.11640870967742
413518,18.395267750000002,77.04356
413519,18.270715929411764,77.0516130117647
413520,18.257551142857142,76.5028480952381
413521,18.143379084210526,76.74030686315788
413522,18.140220833333334,76.73676783333333
413523,18.658356571428573,76.87995542857144
413524,18.41759425,76.80665375
413525,18.635147909090907,76.08646581818182
413526,18.622175,75.8808196
413527,18.130031846153845,75.83765923076922
413528,18.688017833333333,76.14376816666666
413529,18.21335074,76.322146
413530,18.164604833333332,76.7206925
413531,18.38220137333333,76.50929146666667
413532,18.13425036363636,75.84860272727272
413534,18.75351756,75.83517136
413544,18.787953454545455,74.57750154545454
413581,18.4168108,76.785506
413582,18.198882753333336,76.03883755
413601,18.083102079999996,76.10123737
413602,17.90927764285714,76.256051
413603,18.1359936,76.14136909
413604,17.964353999999997,76.49968121428572
413605,18.015006875,76.642775625
413606,17.897510363636364,76.63873927272726
413607,18.150175876923075,76.73568181538461
413608,18.283769727272727,75.5700649090909
413623,18.035160777777776,76.03459933333335
413624,18.429883,76.30541406666667
413701,18.524444444444445,74.64212345555556
413702,18.71105555833333,74.76776389166666
413703,18.761666666666667,74.56333333333333
413704,19.31,74.75
413705,19.394052068333334,74.6527584275
413706,19.428532655999998,74.50214981100001
413707,19.6210289,74.83754535
413708,19.8342405,74.57873292666666
413709,19.55100001,74.82280557
413710,19.5270263,74.62174545
413711,19.51479826,74.47074692666666
413712,18.91617039666667,74.50786692666667
413713,19.4860278,74.9699167
413714,19.540392644,74.3866996
413715,19.556218593333334,74.64232166666666
413716,19.462498813333337,74.66057681333334
413717,19.49639311,74.62776607333333
413718,19.59971063,74.59653281333333
413719,19.69400663,74.55600874
413720,19.5647805,74.733824
413721,19.517774568333333,74.71918330166666
413722,19.349742465,74.63326169999999
413723,19.714367111999998,74.628473288
413725,19.557060611666667,74.70686164833333
413726,18.63320556,74.60198334
413728,19.941700622222225,74.51406481111111
413736,19.586571956,74.4289888
413737,19.611075333333332,74.53459600000001
413738,19.481503426666666,74.37564409333334
413739,19.611079142857143,74.77632059999999
413801,18.43011883076923,74.44439563076922
413802,18.459437,74.524479
414001,19.10840554,75.2505
414002,19.009901853333336,74.73447592666666
414003,19.1162222,74.7353611
414005,19.038819441666664,74.73015046666667
414006,19.065,74.825
414101,18.862854175,74.8621389
414102,19.08533487777778,75.06777315
414103,19.07421667,74.56291944
414105,19.425146828571428,74.78570238571429
414106,19.222158123076923,75.13749145384615
414110,19.15,74.71
414111,19.15,74.71
414113,19.234563485714286,75.4324603142857
414201,19.041893516666665,74.8346574
414202,18.942632476190475,75.05587642857142
414203,18.882281473684213,75.24304194736841
414204,18.832384466666667,75.51655980000001
414205,19.001871636363635,75.61895754545455
414208,18.867306285714285,75.18630814285714
414301,18.964503475,74.4887395875
414302,18.84306852,74.32199444666666
414303,19.05723888,74.41541112
414304,19.109757572727272,74.33927778181818
414305,19.020481483333334,74.2565324
414306,18.915916671428572,74.22863095714285
414401,19.01757098888889,75.24851697777778
414402,18.56106852,75.62332778
414403,18.37613095714286,75.01188491428572
414501,19.250669755555556,74.92665741111111
414502,19.163276620833333,75.139582175
414503,19.31960317142857,75.53337698571428
414504,19.338675933333334,74.99663890000001
414505,19.184090275,73.3580416625
414601,19.30150695,74.849979175
414602,19.431666619999998,74.90591662
414603,19.57862613714286,75.01945328714285
414604,19.43713989,75.07089085999999
414605,19.45208333,75.04113889
414606,19.354722233333334,74.9204352
414607,19.25650695,74.689979175
414609,19.4841329,74.94795435
414701,18.478503971428573,74.50884524285713
415001,17.6881944,74.0068333
415002,17.711251323809524,73.99330631904762
415003,17.6979772,74.0367528
415004,17.611874489999998,74.09285511
415010,17.711591016666667,74.19425443333334
415011,17.7929279,74.09790243846155
415012,17.82515515,74.22108632857143
415013,17.7853316,74.21200908333333
415014,17.433304488235294,73.90342661176471
415015,17.7419548,73.98104934
415019,17.623864666666666,74.18783450000001
415020,17.801280577777778,74.11005732222222
415021,17.75183972857143,74.17583007142856
415022,17.7230977625,73.981415825
415023,17.67935705,74.4165054
415101,16.4310833,74.1414444
415102,17.548287600000002,74.4589221
415103,17.261254073333337,74.06923470666668
415104,17.40258805,74.3032058
415105,17.5954126625,74.0038051
415106,17.365565991666667,74.23223810833333
415107,17.55073755,74.2972228
415108,17.2293549,74.09812861666667
415109,17.372816274999998,74.09245549375
415110,17.36665556,74.14733887999999
415111,17.266691858333335,74.16390901666666
415112,17.228334594444444,73.93999027222223
415114,17.334685909999997,74.15697349
415115,17.30752634,74.15918486000001
415116,17.5143566,74.2074463
415122,17.940920366666663,74.07715853333333
415124,17.324908691666668,74.16595426666667
415202,17.943577875,73.313303775
415203,17.93239446666667,73.23952879166667
415205,17.416780291666665,74.00066875833333
415206,17.415316455000003,73.92974983500001
415207,17.455537666666668,73.8489356
415208,17.923448699999998,73.283184625
415209,17.3519883,74.08589537142858
415211,17.4054927,74.11226319999999
415212,17.5903611,74.4530556
415213,18.0432403,73.2940052
415214,17.628559266666667,73.26660556666667
415301,17.407041666666668,74.94644906666666
415302,17.0962014,74.28545832500001
415303,17.2181007,74.3864791625
415304,17.39151388333333,74.26151216666666
415305,17.18636649230769,74.55811666923077
415306,17.356052183333333,74.71551418333333
415307,17.236770933333332,74.64919721666666
415308,17.373296300000003,74.86571296666666
415309,17.27710185,74.69386111666667
415310,17.244134266666666,74.65863888333332
415311,17.275803430434785,74.5468557
415312,17.459905633333335,74.63938293333334
415313,16.615535,73.76959500000001
415315,36.48536666666667,74.9303
415401,17.02946112,74.26101112
415402,17.004388900000002,74.00627779999999
415403,17.275916675,74.181875
415404,17.198152800000003,73.77630554999999
415405,18.723499999999998,73.24906250000001
415406,17.0907361,74.2060139
415407,17.029134266666667,74.22697221666665
415408,17.01980555714286,74.09832275238095
415409,17.103289685714284,74.27247222857143
415410,16.8962182,74.198874
415411,16.934995366666666,74.28724073333333
415412,16.897982,73.94985
415413,17.027402799999997,74.41091664999999
415414,17.0732639,74.28355555
415415,18.0702218,73.529818
415501,17.707954984210527,74.1289723736842
415502,17.67183238,74.34721071999999
415503,17.713047675,74.35238455
415504,17.5748939,74.16242335
415505,17.64130315,74.23004356666667
415506,17.63746815,74.37331056000001
415507,17.54263667777778,74.52742751111111
415508,17.767869841666666,74.56185746666667
415509,17.650798583333334,74.66670451666666
415510,17.53201114,74.33605512
415511,17.732300636363636,74.16943052727272
415512,17.5299052625,74.341780325
415513,17.853826966666666,74.36698969999999
415514,17.851803508333333,74.52198071666666
415515,17.90095015,73.96138135000001
415516,17.5903611,74.4530556
415517,17.977474,73.98750079999999
415518,17.7143062,74.05425878
415519,17.583194016666667,74.07102301666667
415520,17.415584720000002,73.99573859
415521,18.03139566875,74.12821236875
415522,17.643311100000002,74.12703333333333
415523,17.979103455882353,74.43433516764706
415524,17.819782285714286,74.15015031428571
415525,17.7900329,74.12463804000001
415526,18.11072985,74.067705675
415527,17.524129785714287,74.3084861
415528,17.945630183333332,74.3399881
415530,17.848853166666668,74.00201953333332
415536,17.8409121,73.92489236666667
415537,17.817035779999998,74.23631022
415538,17.56429015,74.32332693333333
415539,17.333503255555556,74.13389869999999
415540,17.60181455,74.61973648333333
415601,17.4358333,73.65925
415602,17.4453688,73.6593837
415603,17.578824575,73.49882015
415604,17.52084868125,73.54241239375
415605,17.56677578,73.49686377
415606,17.492912127272728,73.49022928181819
415607,17.405556757142858,73.56555387142858
415608,17.29974289230769,73.49577891538462
415609,17.323691,73.50388415
415610,17.07527255,73.33993584
415611,17.20543435625,73.5412031875
415612,17.01252164736842,70.32253673157895
415613,17.3547273,73.2643018
415614,17.2914167,73.2183611
415615,17.182525933333334,73.27435813333334
415616,17.087513519999998,73.35371718
415617,17.0872852,73.33922223333333
415619,17.014308633333332,73.42002649999999
415620,17.14859283529412,73.40526003529412
415621,17.72593414,73.43744000000001
415626,16.789038899999998,73.351753325
415628,17.434187842857142,73.64757837857142
415629,17.355981475,73.4677488
415634,17.546306700000002,73.15877055
415637,17.206465116666667,73.50325481666667
415639,17.02484741,73.35635934
415640,17.798530799999998,73.40266483333333
415641,16.619579915384612,73.4168411076923
415643,16.909073836363635,73.55485067272728
415701,17.486741981818184,73.43352555454545
415702,17.49676051111111,73.40884684444444
415703,17.47993727,73.19886841
415705,17.5421944,73.1733611
415706,17.591683333333336,73.16756853333334
415708,17.669033849999998,73.45329635
415709,17.694057355555557,73.39192567407407
415710,17.731364799999998,73.31802963333332
415711,17.884024327272726,73.26524999090908
415712,17.759220671428572,73.20924613214287
415713,17.77669646,73.15861382
415714,17.85761084,73.13611094000001
415715,17.718821428571427,73.81605962857144
415716,17.78484765714286,73.24082388571428
415717,17.9183333,73.0636944
415718,17.611677144444442,73.5679230111111
415719,17.53975218571429,73.27347395714287
415720,17.7291999,73.16197034999999
415722,17.668404633333335,73.37731475
415724,17.542175816666667,73.34010386666667
415726,17.397507655555557,73.29878656666666
415727,17.6529083,73.36786112857143
415728,17.365901949999998,73.2354514
415729,17.659013700000003,73.1332756
415730,17.46570223333333,73.8366167
415801,16.9769214125,73.718184275
415802,16.893060225,73.590692225
415803,17.01096,73.50362012307691
415804,17.098978296551724,73.63260198275863
415805,16.627498333333335,73.427343
415806,16.645357349999998,73.43884235
415807,17.218747399999998,73.88459223333332
416001,16.421027780000003,74.14101389
416002,16.70595369333333,74.24602776
416003,16.43108333,74.14144444
416004,16.40583333,74.15291667
416005,16.705180560000002,74.26063889
416006,16.73416667,74.24444444
416007,16.66119444,74.20908333
416008,16.689898146666668,74.24559259333334
416010,16.69241667,74.19744444
416011,16.673547,74.202566
416012,16.599157403333333,74.18908333
416013,16.4310833,74.1414444
416101,16.77919444,74.55066667
416102,16.72666667,74.54480556
416103,16.73761111,74.60277778
416104,16.69580556,74.60022222
416105,16.4310833,74.1414444
416106,16.4310833,74.1414444
416107,16.58855556,74.57947222
416108,16.61419444,74.62197222
416109,16.44430556,74.25375
416110,16.80919444,74.42130556
416111,20.4114,76.19907
416112,16.4310833,74.1414444
416113,16.64554165,74.1707222
416114,16.86777778,74.18727778
416115,16.630511112,74.460444446
416116,16.28061111,74.44211111
416118,16.72591667,74.35730556
416119,16.4310833,74.1414444
416120,16.75238889,74.59469444
416121,16.70777778,74.47808333
416122,16.76225,74.26586111
416138,16.703,74.442
416143,16.61916667,74.48527778
416144,16.77125,74.57022222
416146,16.72630556,74.48433333
416201,16.80686111,74.11130556
416202,16.65691667,74.36716667
416203,16.625,74.39791667
416204,16.69047222,74.11783333
416205,16.4310833,74.1414444
416206,16.54494444,73.82988889
416207,16.572225000000003,74.20475278
416208,16.43105556,74.13763889
416209,16.31566667,74.13744444
416210,16.21694444,74.07222222
416211,16.53086111,74.10875
416212,16.24363889,73.59458333
416213,16.87136111,74.04113889
416214,16.91036111,74.04566667
416215,21.43108333,76.11908333
416216,16.57655556,74.31455556
416218,16.33505556,74.28311111
416219,16.39819444,74.1905
416220,16.24519444,74.25183333
416221,17.02597222,74.36955556
416223,16.32902778,74.12866667
416229,16.4310833,74.1414444
416230,16.77844444,74.05158333
416231,16.36025,74.01280556
416232,16.54263889,74.25677778
416234,16.38294444,74.16888889
416235,16.42541667,74.29941667
416236,16.4310833,74.1414444
416301,16.9463958375,74.4038333375
416302,16.855962966666667,74.50031018333333
416303,16.84750695,74.31236805
416304,16.878620366666667,74.60357406666667
416305,16.884999999999998,74.53741665000001
416306,16.916277774999998,74.64329860000001
416307,16.9850278,74.6212778
416308,17.0793373,66.25089682857143
416309,17.083801866666665,74.49497776666666
416310,17.08909721666667,74.47799073333333
416311,17.189952780000002,74.558475
416312,17.054133840909092,74.64616792727273
416313,16.668898133333332,74.27785186666667
416314,17.05096112,74.80836666
416315,16.958007799999997,74.51416664999999
416316,17.0003611,74.4534722
416401,17.0112014,74.572958325
416402,16.4417824,73.87735185000001
416403,17.282994945454547,74.93014393636363
416404,17.094873736363635,75.21082954545454
416405,17.084738092857144,74.87810119285714
416406,16.8864167,74.5888056
416407,16.8530926,74.70182406666667
416408,17.033298600000002,74.66993055
416409,16.7833889,74.67148610000001
416410,16.85711764285714,74.63938735714285
416411,16.9887014,74.880458325
416412,17.06113271111111,75.51679012222222
416413,17.267714645454546,75.59962373636364
416414,16.904160129411764,74.74862418235294
416415,16.852642857142857,74.57795237857144
416416,16.8640269375,74.5783586
416417,16.8793889,74.46325
416418,16.890620333333334,74.889713
416419,16.668511666666667,74.55236166666667
416420,16.646363333333333,74.47636333333334
416436,16.857018533333335,74.61705556666666
416437,17.0348056,74.6018333
416501,16.24322222,74.38886111
416502,16.225019333333332,74.31964992333333
416503,16.4310833,74.1414444
416504,16.05755556,74.32347222
416505,16.12047222,74.21002778
416506,16.16722222,74.46758333
416507,15.90333333,74.3275
416508,15.98852778,74.37980556
416509,15.9435,74.18580556
416510,15.9108056,73.8230833
416511,15.829088542105263,73.89070883157895
416512,15.703301107142858,74.01471984285715
416513,15.7457691,73.73218539999999
416514,15.7905334875,73.8054645125
416515,15.8559722,73.6902222
416516,15.881903399999999,73.65478465384615
416517,15.745825,73.6730528
416518,15.83793688,73.73091428666666
416519,16.00353389411765,73.81435849411764
416520,15.99410565,73.68847978181817
416521,16.128448014285713,73.75872381428572
416522,15.947823199999998,73.54877388
416523,15.977212875,73.512113725
416524,16.0007663,73.59287516666667
416525,16.01781945,73.63160690000001
416526,16.4310833,74.1414444
416527,15.81033333,74.19733333
416528,15.98373865,73.6939231
416529,15.860258325,73.7226442
416531,16.018083183333335,73.92718633333334
416534,16.1043239,73.6251266
416549,15.77255304,74.05066664
416550,15.919268299999999,73.94998267999999
416551,16.21288889,74.42958333
416552,15.9125,74.29658333
416601,16.375679345454547,73.74489759090909
416602,16.289865804347826,73.66806185652173
416603,16.1671383125,73.63705577500001
416604,16.08630471111111,73.58068106666667
416605,16.041246163636362,73.51702515454545
416606,16.0578056,73.46725
416608,16.213462,73.59800487272727
416609,16.254084371428572,73.82254341428572
416610,16.3622161,73.60088996666667
416611,16.356070944444443,73.49638588888888
416612,16.373396814285716,73.41503382857142
416613,16.410567725,73.420586225
416614,16.20981279,73.490516
416615,16.298799199999998,73.41262499999999
416616,16.257977766666666,73.57781623333334
416620,16.2187369,73.75491146666667
416623,16.4148056,73.4534722
416626,16.10538138,73.46942401999999
416628,16.17059826666667,73.71628333333332
416630,16.27510364,73.4402589
416632,16.17763522,73.84527390000001
416701,16.853565608,73.5829905
416702,16.70540035128205,73.51949233076922
416703,16.554906557142857,73.61487865714285
416704,16.749484269565215,73.60755683478261
416705,16.7012761375,73.5835126625
416707,16.56401565,73.6380767
416709,16.13846945,73.76545
416712,16.96104879,73.51414371
416713,16.7344701,73.4612654
416801,16.385954225,73.6404101
416803,16.4938333,73.4780278
416804,16.4926694,73.398665875
416805,16.279741400000002,73.52784963333333
416806,16.5240346,73.32928465
416807,16.5007222,73.3851111
416810,16.490129523076924,73.78039056923078
416811,16.478503200000002,73.58111338571429
416812,16.06813927142857,73.7069903142857
416813,16.5699534,73.7553524375
421002,19.2331,73.1616889
421004,19.2109722,73.1576667
421005,19.1986389,73.1608889
421101,19.3665278,73.1746389
421102,19.27119073333333,55.21522196666666
421103,19.2458463,73.16355622
421201,19.210765275,73.083845825
421202,19.2215556,73.0830556
421203,19.2148889,73.1058889
421204,19.205165275,73.071098875
421301,19.29391554,73.74209112
421302,19.31070032608696,73.0466713347826
421303,19.674115196153846,73.13245695769231
421305,19.1713889,73.0818889
421306,19.266969066666665,73.22775833333334
421308,19.181,73.0818889
421311,19.25812863333333,73.05990586666667
421312,19.464281612500002,73.102567975
421401,19.25709581764706,73.48803964117647
421402,19.314686514285714,73.42583332857143
421403,19.744115575000002,74.2148385
421501,19.207861133333335,73.18150926666667
421502,19.2148611,73.1837222
421503,19.4090818,75.1810377
421505,19.19915485,73.2053115
421506,19.1881944,73.1914444
421601,19.37296757142857,73.28990084
421602,19.55595572,73.37530666
421603,19.53501945,73.5835611
421605,19.268660425,73.1658462
422001,20.0082,73.80645
422002,19.9967445,73.7787375
422003,20.10027763809524,73.83688643809523
422004,20.182332275,73.8231021
422005,19.988439,73.720725
422006,20.00505,73.78625
422007,20.180181415789473,73.7608048
422008,19.98615,73.7862
422009,19.9396483,74.53971025
422010,19.78720174,74.47394688
422011,19.988439,73.720725
422012,19.988439,73.720725
422013,20.00758,73.75300666666668
422101,19.9652785,73.86073950000001
422102,19.907913727272728,73.92807387272727
422103,19.857806036842106,74.04897088421053
422104,19.83483612857143,74.19589572857141
422105,19.941645700000002,73.83484485
422112,19.83991262,74.16305526
422113,19.9122326,73.91203065
422201,20.0358261,73.972186
422202,20.232955200000003,73.841560625
422203,19.829525266666668,73.671313775
422204,20.033849831250002,73.46479014375
422205,20.27392025,73.9688640375
422206,20.07853,74.1048596
422207,20.14013177,73.86572960999999
422208,20.286148177777775,73.49285487777777
422209,20.229006686666665,74.02871986666668
422210,20.057724999999998,74.0632178
422211,20.50806780952381,73.61523727619048
422212,19.8949839,73.53178695
422213,19.9848034,73.58007938571428
422214,19.826595866666665,73.46040863333333
422215,20.327027972727276,73.77346540909092
422221,19.988439,73.720725
422222,19.96224,73.86842
422301,19.96224,73.86842
422302,19.96224,73.86842
422303,20.10507011,74.14832084000001
422304,20.263548333333333,74.25168066666667
422305,20.165432374999998,74.235020225
422306,20.160514914285717,74.1703138142857
422308,20.0806782,73.9971408
422401,19.835459800000002,73.97074952
422402,19.685689975,73.57974484166667
422403,19.655067120000002,73.58307197333333
422501,19.9272324,73.8330674
422502,19.80738380909091,73.7341513
422601,19.62427540190476,73.94971655571428
422602,19.2862485,74.099212
422603,19.514926,74.09506283333333
422604,19.538121305833332,73.82306470958333
422605,19.552621771333335,74.19745468766668
422606,19.74651759,74.14601937
422608,19.36288889,74.11241667
422610,19.341622857142855,73.91312221428572
422611,19.705500866666668,74.26407326666667
422620,19.371285444444442,74.17571588888889
422622,19.367453571428573,74.29945114285714
423101,20.323187404761907,74.28885301428572
423102,20.46760785,74.22303350714286
423104,20.345375595,74.43486340000001
423105,20.5719206375,74.6077362625
423106,20.334542633333335,74.57942406190476
423107,19.592732888333334,74.46578703666667
423108,20.510512666666667,74.37382133333334
423109,19.789723873333333,74.48474918166666
423110,20.4267911,74.30388565
423111,20.36212275,74.20502775
423117,20.341974500000003,74.22065038333334
423201,20.53972966,74.45768532
423202,20.56218696666667,74.46878133333333
423203,20.63081345,74.6914912
423204,20.597954910000002,74.37865464000001
423205,20.48086526666667,74.49768988888889
423206,20.5737634,74.5512366875
423208,20.47083637,74.4615252
423212,20.518857212500002,74.56973225
423213,20.56765006,74.3060667
423301,20.60724573125,74.213338025
423302,20.587248272727273,74.22719672727273
423303,20.6569534,74.2742312
423401,20.111726875,74.41193899999999
423402,19.871448166666667,74.92536583333333
423403,20.174357087500002,74.4626681125
423501,20.5043256,74.06828625
423502,20.564484333333333,74.14711241666667
423601,19.764633102307695,74.4626567776923
423602,19.92084834857143,74.36307473
423603,19.911718838749998,74.6728368625
423604,19.922579963333334,74.28592203666666
423605,19.7883978225,74.3791472225
423607,19.961684835,74.31754661
423701,19.896769363157897,74.79258457894737
423702,20.179821428571426,74.56711928571428
423703,19.90367593,74.92168242
424001,20.898539500000002,74.76171930000001
424002,20.898918939999998,74.788796575
424004,20.89654355,74.84344045
424005,20.93579735,74.77927600000001
424006,20.81568438333333,74.74939461666666
424101,20.4590933,74.99644345
424102,20.47300134,75.0271556
424103,20.559876242857143,67.30648895714286
424104,20.6034293125,75.2503277875
424105,21.0525075,74.3835644
424106,20.61012287,74.97913417999999
424107,20.574563666666666,74.8572788
424108,20.445946857142854,74.98741042857144
424109,20.34722614,74.49293498
424119,20.50362757096774,75.0302303032258
424201,20.661998519047618,75.32117547619048
424202,20.6329228,75.32285004
424203,20.56490025,75.17608105
424204,18.995568,75.791871
424205,18.995568,75.791871
424206,18.995568,75.791871
424207,18.995568,75.791871
424208,18.995568,75.791871
424301,20.88842968333333,74.87468661666666
424302,20.912814457142854,74.68690000000001
424303,20.84245822,74.70085334000001
424304,21.07860432,74.36734772999999
424305,20.904127023076924,74.47813942307693
424306,20.98145775,74.2644562
424307,21.02735,74.7732
424308,20.9020304,74.8316188142857
424309,21.1029,74.79733
424310,20.97083522222222,74.317316
424311,21.015551077777776,74.89918077777777
424318,20.8599572,68.028308075
425001,20.846508571428576,75.40733742857142
425002,20.979597135294117,75.52135932941177
425003,21.08750575,75.3080148625
425004,21.0035988,75.491717
425101,21.007312,75.562549
425102,21.037981000000002,75.6078495
425103,20.978732769230767,75.23344453846154
425104,20.81478238,75.26117842
425105,20.984449077777775,75.25903798333334
425107,18.995568,75.791871
425108,18.995568,75.791871
425109,20.879427,75.30519475
425110,20.76530975,75.25571873333332
425111,20.850425322727272,75.16636616818181
425112,20.670136999999997,75.061285
425113,20.926127400000002,75.76241139999999
425114,18.995568,75.791871
425115,20.766253409999997,69.98315265
425116,20.890985366666666,75.46353826666667
425201,18.995568,75.791871
425203,20.90164,74.782369
425301,20.90164,74.782369
425302,20.90164,74.782369
425303,18.995568,75.791871
425304,20.90164,74.782369
425305,20.90164,74.782369
425306,20.90164,74.782369
425307,20.90164,74.782369
425308,20.90164,74.782369
425309,20.90164,74.782369
425310,20.90164,74.782369
425311,20.90164,74.782369
425327,20.90164,74.782369
425401,21.0424972375,75.0832989
425402,21.0522595,75.14046766666667
425403,20.7727125,75.96230249999999
425404,21.200664933333332,75.03117255
425405,21.353350083333332,74.85903392666665
425406,21.264039292857145,74.72576487142858
425407,21.273921727272725,74.61886986363636
425408,21.2827107,74.626273875
425409,21.542989238095238,74.46377283333334
425410,21.379976024999998,73.79897385
425411,21.372397133333333,74.2425096
425412,21.355069586486486,74.29172833513513
425413,21.584580909090906,74.30716081818183
425414,21.837531239999997,74.20221385333335
425415,21.4550972,74.34530480000001
425416,21.33735095,74.06782539999999
425417,21.19321622857143,73.9021026857143
425418,21.126835145454546,73.73897233636363
425419,21.5392542,73.97118282857143
425420,21.060930375,75.140259825
425421,21.317611014285713,74.94824748571429
425422,21.55036398,74.4371067
425423,21.60044515,74.37025344999999
425424,21.55895,74.56515
425426,21.179956425,74.1247264375
425427,21.4120985,74.6220491125
425428,21.338581142857144,74.75540028571429
425432,21.588947200000003,74.51721305454545
425442,21.43007857142857,74.66476857142857
425444,21.490420875,74.596518625
425452,21.58571094285714,74.49464508571428
425501,20.90164,74.782369
425502,20.90164,74.782369
425503,20.90164,74.782369
425504,20.90164,74.782369
425505,20.90164,74.782369
425506,20.90164,74.782369
425507,20.90164,74.782369
425508,20.90164,74.782369
425524,20.90164,74.782369
431001,19.8063635,75.647952
431002,19.864319475000002,75.33958228750001
431003,19.84,75.89
431004,19.84,75.89
431005,19.858,75.6165
431006,19.84,75.89
431007,19.70694306,75.89305298000001
431008,19.6725966875,76.002529175
431009,19.84,75.89
431010,19.84,75.89
431011,19.8358503,75.291653
431101,20.0620774,75.2144141
431102,20.09247131,75.25173396
431103,20.24261165909091,75.14498420000001
431104,20.232141,75.255309
431105,19.636605473333336,75.38636762
431107,19.5128242875,75.507721925
431109,19.730327820000003,75.15587086000001
431110,19.63417356,75.79214415999999
431111,19.50060909090909,76.46893636363637
431112,20.233792793333336,75.54318918666667
431113,20.37326098,75.97311454000001
431114,20.258752887500002,75.7659783875
431115,20.09742466666667,75.13217533333334
431116,19.776681941666666,75.24697166666667
431117,20.0700035,75.76999649999999
431118,20.34137602,75.62361034
431120,20.241173,75.71205233333333
431121,19.606889549999998,75.5201936
431122,19.193156,75.8758196
431123,18.819309041666667,76.08138724999999
431124,18.857550272727273,70.79865636363637
431125,18.844127800000003,75.789657
431126,18.73512276470588,75.74710929411765
431127,19.286409923076924,75.76321923076922
431128,18.992279749999998,76.27460541666666
431129,19.201838916666667,75.98832925
431130,19.190078875,75.596544
431131,19.122231199999998,76.1375306
431132,20.352874571428572,75.818535
431133,19.720865054545456,75.10490755454545
431134,19.558713625,76.36637625
431135,20.235863409090907,75.85242226363636
431136,20.2628,75.65916666666668
431137,19.55411446,75.84842463999999
431142,19.13526733333333,76.04072333333333
431143,19.09095725,75.76226241666667
431144,18.9665178,75.8583366
431147,20.26327666666667,75.29924
431148,19.60589066,75.5125515
431150,20.31568594,75.35833421999999
431151,20.227219633333334,75.4817412
431152,19.9757882,74.96592318333335
431153,19.157910256521742,75.68035009130435
431154,19.77940088571429,75.50809320714286
431202,19.87804220769231,75.73544372307691
431203,19.84,75.89
431204,19.655293622222224,75.79952295555556
431205,19.626593166666666,75.79582166666667
431206,20.2199830375,75.96024998749999
431207,19.477311275,75.8546385375
431208,19.4775095,77.30948674999999
431209,19.749266814285715,75.66787181428572
431211,19.461533085714287,75.99229595714287
431212,19.732485385714288,75.67790942857143
431213,20.294640615384616,75.7274066923077
431214,20.29470769230769,75.7273723076923
431215,20.151018833333335,75.93088683333333
431401,57.58718,38.39480016666666
431402,73.36111162352941,22.670742047058823
431501,72.47588279333333,23.312990966666668
431502,64.9502836,30.814787799999998
431503,72.92408025,22.946953375
431504,71.8151693,23.991437830769232
431505,76.42310184615384,19.37049946153846
431506,72.38283614285714,23.262277957142857
431507,68.42339928571428,27.45207657142857
431508,69.423030325,26.4782565
431509,74.77355529285714,21.579141232142856
431510,69.70719675,26.6793665
431511,71.86018727272727,24.297375027272725
431512,72.42076126666667,24.00472675
431513,74.41177428095239,22.47288447142857
431514,74.18943156956522,21.41742211304348
431515,18.833632299999998,76.4734684
431516,70.86275793000001,24.760963620000002
431517,18.7147951,76.35590835
431518,18.7460435,76.02962616666667
431519,18.76497133333333,76.43218783333333
431520,18.995568,75.791871
431521,68.959976375,25.768067125
431522,18.559425666666666,76.59037166666666
431523,18.733098714285713,76.43016114285714
431530,18.91985614285714,76.07724371428571
431536,69.746828875,25.927772125
431537,65.442778,30.527437599999995
431540,64.89760606,31.31401184
431541,68.48452128571428,27.265671857142856
431542,72.090370625,24.244956983333335
431601,19.53860775,76.67800600000001
431602,19.20021269230769,77.40067076923077
431603,19.20069125,77.40218
431604,19.200921666666666,77.40290666666668
431605,19.20030722222222,77.4009688888889
431606,19.20069125,77.40218
431701,72.70425244,24.17002392
431702,68.71254226428572,27.650074407142856
431703,71.17974227,25.209457479999998
431704,19.425738499999998,76.91867066666667
431705,68.63152061,25.20743775
431707,19.1549583,77.41985895714286
431708,19.179323813157897,77.41943055473685
431709,19.202666666666666,77.40266666666666
431710,19.171752197333333,77.42136659266667
431711,19.204,77.40400000000001
431712,19.377370588235294,77.65617647058825
431713,19.2006,77.40060000000001
431714,19.171487048235292,77.39913175411765
431715,19.198093862068966,77.40340949310345
431716,19.1886455,77.3854534
431717,19.11802818083333,77.02668949000001
431718,19.163636917777776,77.37683777777778
431719,19.285293357142855,77.52556235714287
431720,68.84439085714286,27.079364857142853
431721,19.181924825,77.39048011666667
431722,19.16113646,77.40620911
431723,19.172816233333336,77.38802591111113
431731,19.200921666666666,77.40290666666668
431736,19.160927046153844,77.42578411538463
431741,19.0927105325,77.40580602625
431742,19.205,77.40500000000002
431743,19.12653756,77.39634864000001
431745,19.2,77.4
431746,19.161100802222222,77.39200386555555
431750,19.14892171,77.34446136400001
431801,19.200939666,77.417802086
431802,19.218807498333334,77.43967444916667
431803,19.200131666666667,77.40041523809525
431804,19.187197109,77.41689805200001
431805,19.221550385714288,77.42129180428572
431806,19.20768941,77.38679789
431807,19.214393125,77.281687125
431808,19.088668145,77.43208682333334
431809,19.16991513,77.44424456
431810,19.20090909090909,77.4
431811,19.24498225111111,77.48940596777778
440001,21.1158194425,79.13701389
440002,21.372638885,79.11036111
440003,21.129527775,79.08822222500001
440005,21.85258333,79.05369444
440006,21.16488889,79.05241667
440007,21.16472222,79.03469444
440008,21.14641667,79.12127778
440010,21.135745371666665,79.059444445
440012,21.139772221999998,79.084394446
440013,21.174999999999997,79.062375
440014,21.17359722,79.09009721999999
440015,20.591361114999998,79.07104167
440016,20.248092619999998,76.97292593333334
440017,21.170597225,79.107666665
440018,21.151448426666665,79.09557784333333
440019,21.09330556,79.01
440020,21.12258333,79.07325
440021,21.129257,79.048969
440022,21.136833335,79.080097225
440023,20.990112775,78.81357620833333
440024,21.122675928333333,79.11420833333334
440025,21.11063889,79.06097222
440026,21.19238889,79.10386111
440027,21.11657878,79.097413335
440030,21.165541644999998,79.07443057
440032,21.1521944,79.0691667
440033,21.1521944,79.0691667
440034,21.09908333,79.12216667
440035,19.98925,79.55677778
440036,21.10916667,79.02191667
440037,21.0987839,79.0985512
441001,21.227531,79.190083
441101,21.204164,78.967335375
441102,21.2667538,79.0193274
441103,21.39083161666667,77.43380788333333
441104,21.14103130769231,79.32738771538462
441105,21.27126487142857,79.19257162857143
441106,21.87519922857143,79.76137927619048
441107,20.76723442222222,77.93212093333334
441108,20.958901783333335,78.99885314166666
441109,21.159681,79.072307
441110,21.043736485714284,78.91715565714286
441111,21.264371999999998,79.06775800000001
441112,21.448750466666667,78.89828653333333
441113,23.5915219,88.49672768333333
441122,20.954651575,78.97740064999999
441123,21.211481,79.068608
441201,23.401819500000002,71.8462145
441202,21.60653920909091,78.93234098181819
441203,20.862527111764706,79.30959833529411
441204,21.055621336363636,79.16385901818181
441205,20.58699656923077,79.6803108923077
441206,20.3900146,77.06133101249999
441207,20.126553973333333,78.75231554
441208,21.239459222222223,79.60297997777778
441209,20.45436175952381,80.13624352142858
441210,22.269673757142858,79.39371222857143
441212,20.3271812,78.76068551666667
441214,29.0844441,64.484614675
441215,20.081442554545454,79.71406543636364
441217,19.968548647058824,79.71821494117647
441221,20.30022962857143,79.45281231428571
441222,20.31030159,79.36362672
441223,20.313887055555554,79.60045237777778
441224,20.10624876,79.40936996
441225,19.9385371375,79.43049611875
441226,20.20552302857143,78.58487002857143
441301,20.3965717125,77.420491475
441302,22.03267187272727,80.12788302727273
441303,21.45516465,78.44738484999999
441304,21.240034975,78.810386
441305,20.669402809090908,78.09089552727272
441306,21.3213464625,79.72300765
441401,21.32764021,79.28699269
441404,21.23704895,79.20787945000001
441501,20.73380037,78.61299791
441502,21.26207626,78.89159048
441601,21.655667956000002,80.285677656
441614,21.436427530434784,80.1360543347826
441701,20.827087925,80.0224369
441702,20.852186352941175,80.0997517882353
441801,21.37954858823529,80.164903
441802,21.61779654375,79.698108225
441803,20.791512042857143,79.82367095714287
441804,21.102253479999998,79.79006501
441805,20.89470582,79.86976592
441806,21.1698416,80.21412254285714
441807,21.200814636363635,80.23984890909091
441809,21.005384754545453,79.8317394
441901,21.022727727272727,75.84227318181819
441902,21.24912827777778,80.35970900000001
441903,20.9452722,79.727747075
441904,21.170125,79.65484724999999
441905,21.34898916,79.06437546
441906,21.119302433333335,79.59237278333333
441907,21.470890014285715,79.7502111
441908,20.999140957142856,79.73992914285714
441909,21.31955712,79.65966868000001
441910,20.875007761538463,79.59271129230768
441911,21.498593457142857,79.99259733809524
441912,21.421865880000002,73.87302112
441913,20.767846000000002,79.5712077
441914,21.37502865,79.59372965
441915,21.41547132,79.80637752
441916,21.34699646,80.46666791999999
441924,21.101157762499998,79.70878677500001
442001,20.725716415384618,78.63358085384615
442003,20.734097249999998,78.59305555
442101,20.675179885,78.54328742499999
442102,20.711396811111108,78.75717835555555
442104,20.83291931333333,78.69095472666666
442105,20.8159722,78.88525
442106,20.8912052875,77.9080576625
442107,12.1668056,77.1065556
442111,20.7817778,78.6681944
442201,20.916498945,78.23543043999999
442202,21.206059116666665,78.241808175
442203,21.106669166666666,78.53797705
442301,20.574663931578947,78.74658168421053
442302,20.72960466,78.30130338000001
442303,20.7153056,78.33925
442304,20.69171572,78.81035434
442305,20.64507555,78.82592137500001
442306,20.627682642857142,78.38061560000001
442307,20.6028446375,78.6566057375
442401,19.95068055,79.29320835
442402,19.809562925,79.2853828
442403,19.7443666,79.26335555
442404,20.14295818,79.30341677999999
442406,19.995003766666667,79.22774246666667
442501,20.1171111,79.1494167
442502,19.9194444,79.1098056
442503,20.13508445,79.034777725
442504,19.19023469411765,80.25716849411765
442505,20.052634075,79.024039375
442507,19.922787800000002,79.3113296
442603,26.317457296428575,78.34169608214286
442604,20.047862799999997,78.7887805
442605,20.24287727096774,79.91007347741935
442606,20.286264867567567,79.0829369972973
442701,27.4616035,71.839832025
442702,19.899588866666665,79.25343641666667
442703,19.89283118571429,80.83353222857143
442704,19.825117361538464,80.11125276153847
442705,19.944447007692307,79.87562549230769
442707,21.09479664705882,77.26683870588236
442709,19.382744625,79.94004975
442710,19.255759063636365,78.74164557272728
442901,19.86125,79.3417778
442902,20.220214171428573,79.1874515
442903,20.56831755,79.49084121818181
442904,20.471137000000002,79.397915125
442905,19.788785995999998,79.371390932
442906,20.341130322727274,79.22857502727273
442907,20.20964666111111,78.65885372222222
442908,19.7264168625,79.15289265
442914,43.788943339999996,55.557716660000004
442916,19.783516863125,79.1552956575
442917,19.519904,78.41565712
442918,20.217099442857144,79.82182018571429
442919,19.678819,80.00509
443001,20.5336389,76.1794722
443002,20.489221696153848,76.22396200769231
443101,20.82460614736842,72.58413985263158
443102,20.77837453333333,76.20458018
443103,20.675296815384613,76.2060379076923
443104,20.650003,76.0432791
443106,20.527815641666667,76.04070643333334
443112,20.7931031,76.19128935555555
443201,20.2940692862069,76.35261351034482
443202,20.185885446153847,76.37260554615385
443203,19.9686562625,76.2948379
443204,20.176015114285715,76.12765820000001
443206,20.155214228571428,76.20317945714285
443301,20.185641085185186,76.73011803333333
443302,20.07982117142857,76.48942880000001
443303,20.192329742857144,76.66876734285714
443304,20.3324008,76.54606587142858
443308,19.927804342857144,76.47270697142858
443401,20.889729783333333,76.34700923333334
443402,20.477684466666666,76.22257004166667
443403,21.113393914285716,75.82796808571428
443404,20.805335266666667,76.50544258666667
444001,20.709259266666667,77.00539813333334
444002,20.718638900000002,76.977666675
444003,20.807527775,77.11011805
444004,20.678347225,77.0137986
444005,20.722916666666666,77.04252776666667
444006,20.70582894736842,76.97631578947369
444007,20.6968,76.9757
444101,21.0767951375,77.08523148333333
444102,20.71813715,77.21574479375
444103,21.134619042857143,76.85420634285715
444104,20.694,77.062
444105,20.503557542857145,77.53748015714287
444106,20.741666666666667,77.50916666666667
444107,20.70351984285714,77.36175132380951
444108,20.986470588235292,76.87058823529412
444109,20.759905091666667,76.84829166666667
444110,20.645555555555557,77.55555555555556
444111,20.936,77.05
444117,21.0333426,76.98760186666667
444126,21.11347222,76.96022778
444201,20.965140549999997,76.73438611666667
444202,20.62487978,77.49050244
444203,20.712268835714287,76.75218230714286
444204,21.11929166666667,76.72345833333334
444301,20.40226545,76.46092948750001
444302,20.658981483333335,76.85522221666666
444303,20.38733983030303,76.15564948787879
444304,20.8505278,76.5601944
444306,20.741467155555554,76.45496812222223
444311,20.844545454545454,76.82090909090908
444312,20.7944334,77.51113741428571
444401,20.55818181818182,77.08545454545455
444402,20.32,77.23
444403,20.267083335000002,77.43275
444404,20.197142857142858,77.5795238095238
444405,20.4833229125,77.21155555
444407,20.576133333333335,77.24651666666666
444409,20.207263883333333,77.31931945000001
444501,20.467785089473683,76.87066082105264
444502,20.5996528,76.85525
444503,20.267,76.9595
444504,20.110625,76.44
444505,20.13190079047619,77.14150131904762
444506,19.974687499999998,76.72339351666666
444507,20.021428571428572,77.27428571428572
444510,20.03181818181818,77.06363636363636
444511,20.4175,76.845
444601,20.937379633333332,77.75087036666666
444602,20.907738889999997,77.65548972
444603,20.9298611,77.7523056
444604,20.9530556,77.7595278
444605,20.9400833,77.7398611
444606,20.922833333333333,77.74966666666667
444607,20.8971111,77.7438611
444701,20.739025722222223,77.7096142
444702,21.524358466666666,76.9546798952381
444704,21.189752527272727,77.70606060909091
444705,21.085274308333336,77.357769675
444706,20.9635812,77.21822649230769
444707,21.21271296666667,77.956090275
444708,20.657779411764707,77.85286111176471
444709,20.855301112000003,78.098598888
444710,20.963407399999998,78.15810186666666
444711,20.82833888,78.13545556
444717,21.29622531111111,77.46018826666666
444719,21.474545454545453,76.83402778181818
444720,23.975440000000003,76.10172
444723,21.1187326375,77.6415382
444801,21.050929895238095,77.67824074285714
444802,20.54459,77.1883111111111
444803,20.960204444000002,77.358138888
444804,21.056353171428572,77.57736904285714
444805,20.91725,76.8486389
444806,21.24156400869565,77.50767391304348
444807,21.479077155555554,77.42979012222222
444808,21.23715509166667,77.38213194166667
444809,21.18850556,77.40995000000001
444810,21.3378056,77.6792222
444813,21.694694444444444,77.55198765555556
444901,21.108469133333333,77.88160185555556
444902,21.039559025000003,77.9765798625
444903,21.05328174285714,78.0750119
444904,20.89488131363636,77.88694696818182
444905,21.2789899,77.98533964545454
444906,21.44447222,78.31550416500001
444907,21.530731466666666,78.2900926
444908,21.40499747272727,78.18285353636364
444915,21.145,77.83666666666666
445001,20.387895295384617,78.18949141692308
445002,20.394166603043477,78.12916660304349
445101,20.64563880473684,78.14725
445102,20.490222201111113,77.869388805
445103,20.062861100909092,77.95125
445105,20.3850278,78.119
445106,19.95630551,78.11322220333334
445109,20.166638812857144,78.14980550857142
445110,20.21641660875,78.90788881124999
445201,20.347583303,77.862861101
445202,20.312666605,77.76872220142857
445203,20.105166604666667,77.71358330199999
445204,19.908861100454544,77.57180550272727
445205,20.3850278,78.119
445206,19.60086110090909,77.69063880818182
445207,20.3850278,78.119
445209,19.7278611025,77.446055515
445210,19.7514,75.7138
445211,19.683027726666666,77.56280552
445215,19.898333301428572,77.55144440190476
445216,19.92491667,77.57605556
445230,19.72275,77.876194408
445301,20.140694402857143,78.31258330214287
445302,20.023050614117647,78.54629080999999
445303,20.09869440235294,78.8323333017647
445304,20.05562390076923,78.95248391307693
445305,19.87130551,78.57597220333334
445306,19.9908,78.3394
445307,19.872694408,79.053833306
445308,20.276444406666666,78.71775
445323,19.7514,75.7138
445324,19.86489225,78.732531
445401,20.3850278,78.119
445402,20.419555505454547,78.51569440363636
450001,24.714596179999997,74.81881348799999
450051,22.806,76.54866
450110,22.06754334,76.67578888
450112,36.9488,60.90957142857143
450114,22.105925,76.2872
450116,21.987085,76.68778999999999
450117,21.768533333333334,76.67584444444444
450119,21.8229167,76.3519444
450221,21.7995784,76.29945000000001
450331,21.343380553846153,76.26867713846154
450332,21.384039,76.62267
450337,21.665857142857142,76.1769
450445,21.212557,76.26071764285714
450551,22.11844705882353,76.27601176470588
450554,36.015474999999995,63.115224999999995
450661,21.610950000000003,76.17568333333334
450771,21.70133571428571,76.27482857142857
450881,21.67821818181818,76.49521818181819
450991,22.083441670000003,76.40331444
451001,21.925663286956524,75.71703333478261
451111,21.99189,76.18930889
451113,22.063961114285714,75.69621190714285
451115,22.81633365882353,75.89749921764707
451220,28.927931949999998,69.1179083375
451221,22.17301111111111,75.64487036666667
451224,22.33350625,75.682828475
451225,22.79169,75.88659
451228,22.046436507142857,75.64330714285714
451331,21.870994444444445,75.76326111111112
451332,21.75642556,75.93507667
451335,21.911383333333333,75.71339166666667
451440,21.87981556,75.47103667
451441,21.756485714285713,75.71803571428572
451442,21.882495560000002,75.38358667
451447,21.845793333333333,75.06956
451449,21.87858,75.30553333333334
451551,22.095745372222225,74.62449105
451556,21.97697857142857,75.31091428571429
451660,22.102694736842103,75.29682631578947
451666,21.616030554545457,75.15277878636363
451770,21.5893375,75.5002125
451881,21.76565695,74.8178708375
452001,22.571873028571428,75.87432937142857
452002,22.711750000000002,75.84875
452003,22.5865278,75.69619445000001
452005,22.7246944,75.8239167
452006,22.7263333,75.8456944
452007,22.717999983333332,75.86030555
452009,22.6915972,75.82797224999999
452010,22.6350963,75.83488516666667
452011,22.741125,75.88408335
452012,22.4,75.49
452013,22.6693611,75.8135
452014,22.6989722,75.8575
452015,22.5883611,75.67970835
452016,22.796552566666666,77.72315080833333
452018,22.7175278,75.8963333
452020,22.553759166666666,76.55276016666666
453001,21.974181727272725,75.36774654545455
453111,23.861335,75.730567
453112,22.713302866666666,75.82263323333332
453115,24.971045125,77.238287
453220,22.8581085,75.5843174
453331,28.3040482,65.3917722
453441,24.265668161111112,73.08445994444445
453446,22.34,75.47
453551,25.887119175,79.870941225
453552,22.539009,75.911397
453555,22.7078056,75.8791667
453556,22.7078056,75.8791667
453661,23.110013657142854,76.17616067142856
453771,26.109327333333336,65.35701333333334
454001,22.731289667647058,75.32980188235294
454010,23.67449125,81.717100625
454111,24.98383776923077,68.96131384615384
454116,22.463228733333334,75.11046106666666
454221,23.89258914285714,78.29690628571429
454331,23.2480526,75.00669233333333
454335,24.3908245,70.82427757142857
454441,24.13583663333333,73.11440906666667
454446,25.622455814814813,74.35467107037037
454449,22.1274815125,76.33287745
454552,24.022007092307692,77.14743832307691
454660,26.7758786625,67.96019311875
454665,23.070400499999998,74.5997204
454773,22.78428633333333,75.38812633333333
454774,22.654968683333333,77.6621291
454775,22.6173056,75.6865278
455001,22.962830666666665,76.0855083
455111,22.05005475,75.0880085
455115,23.830138333333334,77.10848816666667
455116,25.118855066666665,71.72066846666667
455118,25.277535512500002,72.61342925625
455221,24.033136,76.65441055555556
455223,25.021637,71.62139813333333
455227,25.224963857142857,72.12247645714287
455332,22.854685142857143,74.05094742857143
455336,22.892390857142857,77.43719084285715
455339,22.62064211111111,76.93602855555555
455440,22.251731636363637,78.025474
455459,23.7139888,76.1830218
456001,23.1809167,75.7828611
456003,22.37800396,74.78497186
456006,23.214810095652172,75.84102275217391
456010,23.168971100000004,75.79686633333334
456221,23.356935999999997,75.562509
456222,25.141494846153844,74.99556661538462
456224,22.96723904285714,75.61896600714286
456313,23.80103688888889,76.85764933333333
456331,24.969841074999998,77.9442515
456335,24.1967957,75.59084445714286
456337,27.243291222222222,69.18454855555555
456440,24.11989582857143,74.91324058571429
456441,22.77375352,76.27122209000001
456443,24.2317226375,75.94885465
456550,24.86779055,80.03546845000001
456661,23.17498356666667,75.86376903333333
456664,24.4787031,77.36415487142857
456665,25.70130528888889,68.88454531111111
456668,23.03855085714286,76.63788395714286
456770,23.68896775,76.047422
456771,27.268168,72.61309653846153
456776,24.208497833333336,74.95151883333334
457001,23.330476995555557,75.0339177511111
457114,23.760795215384615,75.55331683846154
457118,23.719961806249998,75.370184025
457119,23.5751458375,75.6521736125
457222,23.440858976923078,75.05826068461539
457226,23.644225693750002,75.12032118125
457331,23.3563958375,75.3721736125
457333,23.670944450000004,74.95025926666666
457336,23.731222225,75.1805451375
457339,23.39301587142857,75.04064285714286
457340,23.7207381,75.00590872857143
457441,23.093936363636363,75.38484545454546
457550,23.439191918181816,74.94065656363637
457555,23.311511907142858,74.65909920714284
457661,22.777914665,74.63774229
457770,22.961485,74.7166299375
457772,23.0960119,74.63296825714285
457773,23.010025000000002,74.79056389000002
457775,22.61759623076923,75.35223307692307
457777,22.966479711764705,74.5674774117647
457779,22.900517857142855,74.54015277857143
457882,22.53876,74.42732
457885,22.298,74.554
457887,22.29226215,74.29935603636363
457888,22.106029250000002,74.35459333333334
457990,22.410578429411764,74.55175489999999
457993,22.640955555555554,74.52015555555555
458001,24.07133333333333,75.06346296666668
458002,23.950779970588236,75.40793695294118
458110,24.46083854,75.14844285333334
458113,24.391826153846157,75.15881953846154
458116,24.4504625,75.223253375
458118,24.4827391,75.17808976363636
458220,24.54880001,74.90026653999999
458226,25.101371666666665,74.953015
458228,24.57507887142857,74.86263048571428
458330,24.58784034285714,74.86372275714287
458336,24.272343666666668,74.93227733333333
458339,24.240623783333334,75.00185166666667
458389,23.383255555555557,76.67863333333334
458441,24.455329556666666,74.87542250333333
458468,24.308435000000003,74.882655
458470,24.5836,74.8068
458553,24.26236643333333,75.02231015
458556,24.260928266666667,71.65989212666666
458558,24.1001628,75.25136553333333
458664,24.26702853846154,75.1171689076923
458667,23.88541315789474,76.05274736842107
458669,24.102761666666666,76.3974875
458771,24.2055,75.83815
458775,24.1232670625,76.1722880625
458778,23.552588916666668,76.14364263333333
458880,24.318443705882352,75.64983202352941
458883,24.21903544,75.56204631
458888,24.081961868421054,75.36554294210526
458895,23.3587225,75.96307499999999
458990,24.028780691666668,75.3361612
460001,23.066528156521738,74.3356464652174
460004,22.088954285714287,78.01181757142857
460110,21.246438500000004,77.89335171428571
460220,22.275346815,79.500475165
460225,21.84427625,77.51802562499999
460330,21.972387961538463,78.80176792307692
460440,23.30209032941176,78.56585857058823
460443,22.864625750000002,78.274264
460447,22.1054167,78.1781667
460449,22.5119362,78.75971064000001
460551,23.301149676923078,75.85354310769232
460553,22.22638846,78.03986734
460554,23.6408136,73.2016498
460557,21.73077645,78.0041980875
460661,22.351330725,78.80198196666667
460663,22.7012405625,78.508406125
460665,21.636770000000002,78.16652267142857
460666,21.845956100000002,78.0359607
460668,22.94341411111111,79.229444
461001,22.75401727222222,77.94366965555555
461005,22.7389167,77.7142222
461110,22.683167500000003,77.750491
461111,22.532746275999997,77.786917476
461114,22.5947778,77.7820556
461115,22.713825825,77.57591445
461116,22.605661285714287,77.59983771428571
461122,22.5805833,77.8503889
461221,22.56566025,77.52564589375
461223,22.49823916842105,77.50789285263158
461228,22.46913913478261,77.36652195217391
461331,22.344692832142858,77.10125459285715
461335,22.1542,77.0622
461441,22.200961925,76.9313201
461446,22.7539722,77.7356389
461551,22.572571,77.366309
461661,22.832329177777776,77.84816755
461668,22.746681050000003,78.0401097
461771,22.748701099999998,78.27124710000001
461775,22.77569386111111,78.20115972777778
461881,22.45955555,78.43368055
461990,22.77202521818182,78.34759845454545
462001,23.26615834,77.40042222
462002,23.24,77.39
462003,23.225134816666667,77.40067593333333
462004,23.2370648,77.41830556666666
462008,23.252888900000002,77.41745835
462010,23.318722214285714,77.4520238
462011,23.23225,77.4288889
462016,23.221014175,77.41824305
462020,23.2,77.45
462022,23.244904757142855,77.49141904285715
462023,23.2454722,77.4456667
462024,23.21,77.4435
462026,23.215,77.44
462027,23.2413611,77.4266111
462030,23.25010802222222,77.30852777777778
462031,23.29,77.32
462033,23.3117778,77.3618889
462036,23.326,77.292
462037,23.3013889,77.4241944
462038,23.3426,77.41320134
462039,23.1918056,77.4326667
462040,23.24,77.45
462041,23.14,77.53
462042,23.156666666666666,77.42666666666666
462043,23.1917778,77.4799722
462044,23.186574066666665,77.31838426666667
462045,23.25,77.44
462046,23.246066666666668,77.78536666666666
462047,22.994693333333334,77.48646
462066,23.29,77.27
462100,23.28851,77.39417
462101,23.513682542857143,77.36857737857143
462120,23.785,77.2525
463106,23.641428571428573,77.4117142857143
463111,23.67875,77.5275
464001,23.526883075,77.869326825
464111,23.4597685375,78.317533575
464113,21.9298000125,81.4016022375
464114,22.944143461538463,78.7975693076923
464220,27.21658725,71.290081875
464221,23.607635175,77.18256945
464224,24.295747715384614,77.24474876923077
464226,21.156801142857145,73.30292085714287
464228,26.496547858333333,72.60511166666667
464240,24.58314875,78.585887775
464258,26.96657114285714,68.079561
464331,24.638521,76.78636200000001
464334,26.21973325,65.569537
464337,24.90896566,77.92957731999999
464551,25.071695583333334,74.90861833333334
464570,23.48955616666667,78.54418225
464573,24.060299636363638,77.84856181818182
464651,26.1565927375,74.6643964125
464661,23.06803574,79.1629048
464665,23.14855194,80.73179929333334
464668,22.512821976470587,78.37219148823529
464671,23.89985185714286,76.84036514285715
464672,24.566946333333334,80.35367183333334
464770,28.087319925,73.04242955
464774,24.7302203,79.0938137
464776,29.608760999999998,65.69748560000001
464881,24.1983000875,79.14165550625
464884,24.351313861538465,79.30155864615384
464886,22.20784414285714,80.37043614285713
464986,22.644798875,77.056996125
464990,22.870652,77.2747028
464993,23.061676923076924,77.60163846153846
465001,23.364563792857144,76.76950977142857
465106,26.105029000000002,76.3206546
465110,23.455976800000002,76.5994225125
465113,24.011816000000003,76.6607952
465116,25.1808345,76.205787
465118,23.98327598,76.44016388
465220,22.994194385714284,76.80415297142858
465223,23.7931430875,76.4555249125
465226,23.354635272727272,76.65353481818183
465227,23.9320817125,76.75948675000001
465230,23.156187,76.43175628571429
465333,22.856759869999998,76.26426739
465335,22.969443316666666,77.22902856666667
465337,23.679569333333333,79.58579145
465339,23.43479533333333,75.8099075
465441,23.240033566666668,79.28721482222221
465445,24.997553076923076,77.39324223076923
465447,23.45283518181818,75.65543718181819
465449,23.6414015,77.896254
465550,23.74067971428571,75.72170257142857
465661,33.08674944166666,68.13669694166667
465667,22.78996735833333,80.72978960833333
465669,24.684282166666666,77.12340575
465674,23.684352993333334,76.92292548
465677,32.382717,50.36088125
465679,25.515390230769228,72.60238776923077
465680,23.545797142857143,76.76340757142857
465683,25.917016933333333,70.77810166666667
465685,29.143780999999997,69.84600742857143
465687,25.708983999999997,73.71283635714285
465689,23.678205714285717,76.16524228571429
465691,26.209195,72.9386469090909
465693,22.073711333333335,79.5660645
465697,24.08870425454546,77.04831534545454
466001,23.010892991304345,77.07985894782608
466111,21.239965124999998,77.3809845
466113,23.98621266666667,77.930898
466114,23.12698675,75.608036825
466115,23.23331575,75.6086686875
466116,26.24141115789474,73.04941978947367
466118,23.018343333333334,76.679946
466120,22.228035,76.491298
466125,25.940825,78.02685875
466221,23.675190399999998,76.09180492
466331,23.664249412,80.985264748
466445,24.513643857142856,73.88079571428571
466446,23.9817547,79.6792146
466448,22.888992333333334,78.23767366666667
466554,26.44201877777778,68.92077506666666
466651,23.530549999999998,67.624288575
466661,23.1825716,78.243256
466665,23.6100748,79.2971692
470001,23.842049727272727,78.71478254545455
470002,23.8423657,78.7276990142857
470003,23.826583,78.77513
470004,23.845848,78.7804582
470021,23.911994500000002,78.78739566666667
470051,23.521355142857143,78.70781685714284
470113,24.280007666666666,78.231444
470115,23.918978000000003,78.542809
470117,24.033159846153847,78.34247159230769
470118,24.215879857142856,78.361055
470119,23.74803877777778,78.34794067777779
470120,23.802986545454544,78.59700754545455
470124,24.220595,78.15099
470125,23.614724222222222,78.58280422222222
470221,23.618095,78.8288235
470223,23.522051,78.91281085714286
470226,23.3828343125,75.523030625
470227,23.573399727272726,79.07886654545455
470228,23.626238333333333,78.9429335
470229,23.779512,79.143596
470232,23.757279285714283,79.14555935714286
470235,23.3421049,78.7733671
470335,24.063530055555557,78.95136309444445
470337,23.9500906,78.892957
470339,24.281902222222225,79.09428855555556
470340,24.1309,79.0149
470441,24.171867777777777,78.63914522222223
470442,24.067586,78.6455277
470661,23.84292368846154,79.45155617307692
470663,23.686176888888888,79.64571233333334
470664,23.80083092857143,79.678661
470666,23.917986545454543,79.238112
470669,23.9150168,79.05631
470672,23.7952925,79.4465525
470673,24.0843557,79.35108973999999
470675,23.98521457142857,79.38627357142857
470771,23.8748414,79.539827
470772,23.99773377777778,79.61259441111112
470775,24.175890625,79.63081803125
470880,23.49745565,79.452509615
470881,23.5894776,79.76135191666667
471001,24.923417,79.59409111111111
471101,24.7641162,79.8836508
471105,24.874806636363633,79.65695863636364
471111,25.08716851,79.44345433999999
471201,24.9965726875,79.332787375
471301,24.70471487777778,79.36575935555555
471311,24.583026,79.33271059333333
471313,24.602647266666665,79.52850169166668
471315,25.1861224,79.9704319
471318,24.29973390909091,79.24292381818181
471405,24.59502416842105,79.50466972631578
471408,24.61799,79.711556
471411,25.02633895,79.63433038333334
471501,47.9981777,79.80801
471510,24.17264923076923,79.21861230769231
471515,25.00729964285714,80.04162128571429
471516,25.150010666666667,80.14819622222223
471525,25.2559723,80.2089297
471606,24.772601125,79.429890875
471625,24.959712500000002,80.065475
472001,24.5247511875,78.88810831250001
472005,35.13426,67.9440388
472010,24.616897299999998,79.11373590000001
472101,25.193407200000003,78.0002867
472111,28.29230625,79.04204375
472115,24.77106185714286,79.12790271428571
472118,25.01104581875,79.0682455625
472221,28.262423529411766,76.0115
472246,29.87046666666667,74.21999166666667
472331,24.893909999999998,78.820375
472336,25.220823076923075,78.78485384615384
472337,38.505173625,65.321879125
472339,24.859444666666665,78.91508033333334
472442,24.6824375,79.011425
472445,31.00788,73.77723
472447,31.6872875,72.157675
473001,24.651811111111112,77.36038111111111
473101,24.39595375,77.443792875
473105,24.81263142857143,77.07955647619048
473110,24.568815,77.1951715
473111,24.518815,77.1901715
473112,24.66526,77.360686
473113,24.73502888888889,77.41340955555556
473115,24.232105,77.08672383333334
473118,24.43263,77.160343
473222,24.399052,77.0281372
473226,24.451315,77.2351715
473249,24.573052,77.3681372
473287,24.209605,77.20672383333333
473330,24.6038083,77.5774846
473331,24.42208022222222,77.617396
473332,24.773013833333334,77.64247433333334
473335,24.792828411764702,77.78969682352941
473440,24.4996805,77.90080766666667
473443,24.388013833333332,78.06414099999999
473444,24.5336166,78.0149692
473445,24.33647,77.94506200000001
473446,24.692929461538462,78.04421892307693
473551,25.343636718750002,77.67248046875
473585,25.0183039,78.1535385
473638,25.473039,77.705385
473660,25.4673149375,78.10196156250001
473662,25.555730818181818,78.01412590909091
473665,25.459564937499998,78.2353365625
473670,25.30521707142857,78.03609892857142
473770,25.0283039,77.6945385
473774,25.230931357142858,77.5525275
473775,25.506202599999998,77.37502566666667
473781,25.134502785714286,77.7518132142857
473793,25.557311583333334,77.37703208333333
473865,25.657173166666666,77.94923083333333
473880,25.563671,77.94059833333333
473885,25.051862714285715,77.56648357142856
473990,25.087303900000002,78.0745385
473995,25.20115195,78.15076925
474001,30.839841363636364,73.84977672727273
474002,26.220395000000003,78.28653039999999
474003,26.231554,78.24731399999999
474004,26.230832,78.321936
474005,26.272746166666668,78.227453
474006,26.32959676923077,78.22690853846153
474007,26.230832,78.321936
474008,26.230832,78.321936
474009,26.178647,78.144908
474010,26.203054111111115,78.14994344444443
474011,26.230832000000003,78.321936
474012,26.178647,78.144908
474015,26.230832,78.321936
474020,26.2754665,78.2983495
475001,29.381512999999998,74.9385389375
475002,26.158473714285716,78.34183728571429
475005,34.72707916666666,69.516869
475110,25.9444242,78.23125587647058
475115,30.688401263636365,73.57646598181817
475220,25.8629564,78.11454275
475330,25.946243470588236,77.8682294117647
475335,25.778782882352942,78.67851341176471
475336,25.877014833333334,78.68022558333332
475661,25.688673773333335,78.43177477666667
475671,25.700173999999997,78.5546167
475673,25.941884166666668,78.57392391666667
475675,25.914298941176472,78.5442721764706
475682,29.92311642857143,78.70708935714286
475685,25.82570642,78.36115403
475686,25.69107658333333,72.49768391666667
476001,26.53254115172414,77.99698572758622
476111,26.727236853125,78.237442
476115,26.685829983333335,76.23539969583334
476134,26.626065225,78.109574775
476219,26.468708694117648,77.81093617647059
476221,26.346725331818185,77.84786305909091
476224,26.345650745,77.621741775
476228,26.239611671428573,77.69820159999999
476229,26.254906588888886,77.44890845555557
476332,26.031480064285713,77.44696842857142
476335,26.09369301,77.1068529
476337,25.807036633333333,76.72987156190476
476339,25.60336064,76.79698657
476355,25.71616151111111,77.11828555555556
476444,26.396269508333333,78.11637758333333
476554,26.57150191428571,78.21657227857143
477001,26.54517414375,78.760410475
477105,26.597571461538458,78.75755407692307
477111,26.7135724375,78.651932125
477116,26.43977535,78.422646275
477117,26.458412566666667,78.34090416666668
477222,26.28455311818182,78.64997536363636
477227,26.365463799999997,78.7517305
477331,26.521319644444443,78.9363278888889
477332,26.520259,78.863948625
477333,26.451321,79.0005414
477335,26.376131285714283,78.92770442857143
477441,26.31354972222222,78.99493155555555
477445,26.23128846666667,78.90659613333334
477446,26.122193,78.85506466666668
477447,26.062434461538462,78.89467284615384
477449,26.02293425,78.822832
477450,26.11,78.95
477555,26.666276857142858,78.81739442857143
477557,26.462997933333334,78.62876027142858
477566,26.65393585714286,78.95233414285714
477660,26.592787736842105,78.54277515789474
480001,22.70374283076923,79.26380181923076
480003,22.0533889,78.9378611
480105,21.84596325,77.53192075
480106,21.626926166666667,79.07287605
480107,22.246033,78.535997
480108,21.599807249999998,78.908653125
480109,21.8136965,79.05396475
480110,22.418931800000003,78.4359934
480111,21.455838363636364,78.23399954545455
480112,22.0533889,78.9378611
480115,22.735455394444443,78.32504735
480221,22.561852375,79.8672425625
480223,22.55230625,79.261152
480224,23.816757133333333,78.99153460000001
480331,22.14740017647059,79.07033529411764
480334,21.713364352941177,78.57912835882352
480337,22.621314875,80.241871875
480338,21.822369600000002,78.40607680000001
480441,22.923939415384613,78.21602386923077
480447,22.100265,78.68686149999999
480449,22.204492428571427,78.694492
480551,22.283610941666666,79.31809676666667
480555,22.63228442857143,79.6098027142857
480557,22.089703842857144,78.95000544285713
480559,23.28835620555556,78.72610316666666
480661,23.251416248148146,77.73471271851851
480667,22.216895450000003,80.2469876
480771,21.87106316666667,78.82992158333333
480880,24.853013400000002,67.4703526
480881,21.928883783333333,79.50974506666667
480882,23.1741484,79.8979464
480884,23.368158444444443,79.35057422222222
480886,26.247210538461538,65.60481484615384
480887,23.91483844444444,80.100641
480888,22.799527461538464,79.52158469230768
480990,23.492034,76.55582
480991,21.938165125,79.99202675000001
480994,23.482194999999997,71.1954094
480996,23.434442785714285,74.14636314285714
480997,23.338960444444446,78.67135377777778
480999,25.179844777777777,77.542538
481001,27.474949115384614,76.94713996153847
481051,24.03681118181818,78.14786945454546
481102,31.889912199999998,67.0947524
481105,26.7645434,71.8342371
481111,26.575013054545455,74.52104557272727
481115,22.1132668125,79.5506366875
481116,28.237786685714287,72.30891834285714
481117,24.806019428571428,70.31153842857142
481222,22.31451353846154,79.76191269230769
481224,22.379566222222223,78.76507044444445
481226,23.26318476923077,77.38456969230769
481331,22.114576614999997,76.958149685
481332,28.79682025,64.900304125
481335,22.896361416666668,79.00496133333333
481337,23.720303100000002,74.27544235384616
481441,22.67099334166667,79.368253825
481445,28.7567409,64.84294059999999
481449,19.117588375,74.2412000625
481551,23.992591555555556,87.02954233333334
481556,23.2045546,71.6806527
481661,28.985703836363633,73.06120304090909
481662,27.565846285714287,62.993759142857144
481663,23.06614225,73.30084
481664,24.290966444444443,74.81460777777778
481665,22.6796595,79.848754
481666,25.03470188888889,78.47442977777777
481668,22.0983185,80.211986125
481672,23.81869830769231,78.95584069230769
481768,24.0886095,77.847974875
481771,22.551487555555557,80.37249955555555
481776,23.17367266,78.23234578
481778,23.425362181818183,78.40423927272728
481879,23.0932894,79.56217133333332
481880,24.4710538125,78.06171625
481882,27.5736795,68.126080625
481883,42.619976799999996,62.50260996666666
481884,24.6478004,76.649074
481885,23.74809116666667,80.3943635
481990,24.619961933333336,78.83273820000001
481995,23.30201109090909,80.19819490909092
481996,24.95623223076923,75.50676838461538
481998,30.169512166666664,67.6678195
482001,23.24441562608696,79.88182234347826
482002,25.553717708333334,77.55318953333334
482003,23.148045666666665,79.8620751
482004,23.211656942857143,79.94865844285714
482005,23.20439615,80.028570025
482008,23.19914572,79.95732902
482009,23.2065139,79.98141665
482010,23.2371389,79.9757222
482011,23.1826386,79.97761353333334
482020,23.1339167,79.9626389
482021,23.10168642857143,79.99536587142858
482051,23.0308115,79.887480125
482056,22.928589000000002,79.9079595
483001,31.35435014285714,71.94951457142857
483053,23.16667458,79.76528773999999
483105,22.11799065,79.839466275
483110,23.255500740000002,80.37142777333334
483113,27.326638716666665,74.71755184166666
483119,23.354436800000002,79.95668669999999
483220,30.791479106666664,72.36842240666667
483222,23.341364905882354,79.98146715882353
483225,23.54931693,80.22721289
483330,23.636624,80.223684375
483331,23.676566428571427,80.11639828571428
483332,23.44228179285714,80.29675116428572
483334,23.43572474285714,79.52872703571428
483336,23.7064548,80.15449290000001
483440,23.628249308333334,80.199882175
483442,23.66830875,80.2044155
483501,23.72721263095238,80.23489280238095
483504,23.8058954,80.3954606
483770,23.655381628571426,80.52472180952381
483773,23.642718083333335,80.48426275
483775,23.805017909090907,80.49264558181818
483880,23.968524083333335,80.52063269166666
483990,23.768743416666666,80.09397134166666
484001,28.41029830869565,76.18724942173912
484110,23.106264705882353,81.35284117647059
484113,23.059639999999998,81.86868000000001
484114,23.43905555,81.50681945
484116,23.12085,80.88095
484117,23.131694449999998,80.16841665000001
484120,24.577,77.7318
484220,23.1733611,81.6533889
484224,23.285040404545455,81.7380707090909
484330,23.1885,81.25623333333333
484334,29.904444444444444,75.31888888888889
484336,23.253018533333332,81.7834352
484440,23.287408728571428,82.20519444285715
484444,23.150166666666667,81.9201574
484446,23.2467176,81.78676851666667
484447,23.15397175,82.03016875
484551,31.98147142857143,72.70045714285715
484555,23.40859490833333,80.99560416666667
484660,23.524854545454545,80.61334545454545
484661,23.547151707692308,80.87010256153847
484664,23.838314705882354,81.00107588235294
484665,23.704478571428574,81.04404142857142
484669,23.526571758333333,81.479784725
484770,23.503814285714288,81.20977142857143
484771,23.75052631578947,81.27736315789474
484774,23.947470239285714,81.31646825357143
484776,24.0543179,81.36094753333333
484881,23.119335999999997,81.347872
484886,22.73305,81.7333
484887,22.948143516666665,81.63456945
485001,24.6034204875,80.90054514375
485005,23.75447223333333,80.9473889
485111,24.58212142857143,81.69314642857141
485112,24.571616666666667,81.67189
485113,24.5458854125,80.84912152499999
485114,24.420266666666667,81.47296666666666
485115,24.575084877777776,81.7889120388889
485221,24.591192307692307,81.75816923076923
485226,24.588549517391307,81.79440700434782
485331,24.595033333333337,80.80558204761904
485334,24.578480000000003,80.83986999999999
485441,24.5818,81.72263999999998
485446,24.578372220000002,80.81551666666665
485447,24.56007737857143,81.77035515714284
485551,24.56449,81.65711999999999
485661,24.5171,81.4831
485666,24.552508330000002,80.84569721999999
485771,24.539562500000002,80.7572263875
485772,24.578675,81.711925
485773,24.5741,80.87879999999998
485774,24.246891666666667,80.67624166666666
485775,24.564399204761905,81.31471296190476
485778,24.54443,80.92602
485881,24.568779443333334,81.15230573999999
486001,24.46613125,81.0130354125
486002,24.0588611,81.3116944
486003,24.544855549999998,81.311358325
486004,24.5362222,81.28725
486005,24.535819999999998,81.30336
486006,24.541289999999996,81.31858778
486111,24.449383681249998,81.20207291874999
486114,24.540307935714285,81.31380674285712
486115,24.30754545454545,81.18836363636363
486117,24.53774111333333,81.30402555333333
486123,24.546558333333333,81.3347175
486220,24.574309724999996,81.33240786666666
486223,24.563294736842103,81.3134042105263
486226,24.570992959999998,81.33245888666666
486331,24.544512655555554,81.33602685
486333,24.970071428571426,80.38589999999999
486335,28.337606666666666,77.57212666666666
486338,24.560275,81.36103703333333
486340,24.568565975,81.36389027499999
486341,24.561884266666667,81.37357406666666
486440,24.53790151818182,81.30396211818181
486441,27.126175,78.72843080909091
486445,24.547481331999997,81.298006444
486446,24.55109206428571,81.29985635
486447,24.427485714285712,81.3539
486448,24.56390909090909,81.31109090909091
486450,24.55700714285714,81.35291745714287
486550,24.537851391666663,81.30398194166666
486553,24.53450769230769,81.31915384615384
486556,24.5373,81.3042
486661,24.240789680952382,81.75918941904762
486666,24.04817,81.48483999999999
486669,24.059604999999998,81.87784
486670,24.40465195882353,82.13545751764707
486675,24.25161573888889,81.92737654444444
486771,24.380960903703706,81.71640123333334
486775,24.269908333333333,81.52416666666666
486776,24.31490833,81.43527778
486881,24.232060183333335,82.286527775
486882,24.394458331818182,82.42658080909091
486884,23.9984,82.6993
486885,24.0915556,82.6498611
486886,27.286174383333332,536.5908734555555
486887,24.2697778,82.2150139
486888,24.1082,82.6469
486889,24.204784725,82.68949305
486890,24.1445,82.6375556
486892,23.49625,81.465
487001,22.9446142,79.24779191578948
487110,22.815318257142856,79.19609248571429
487114,23.002526716666665,79.21836160833332
487118,23.018354715384614,79.3740292076923
487221,22.934673393333334,79.06887944666667
487225,22.91905216666667,78.9450045
487330,23.018168076923075,78.91345953846154
487334,23.684000124999997,78.69410225
487337,23.076350285714284,78.95577542857143
487441,22.945737386666668,79.05997362666668
487551,22.846355616666667,78.805252125
487555,22.967595545454547,78.90218263636365
487661,23.01961227142857,78.85518617142857
487770,22.87292742,78.83252003999999
487881,22.81381438,78.74960264
488001,24.551529895238094,80.03804153333333
488050,24.85630825,79.350080375
488059,24.454293285714282,80.1500635
488220,24.8562522047619,80.29055294761905
488222,24.8458367,80.2923416
488333,24.486384029411767,80.39308942352942
488441,24.507855916666667,80.008698
488442,36.117288571428574,67.68557857142858
488443,23.937489,79.32729800000001
488446,24.292580214285714,79.92989899999999
488448,24.19865486666667,80.06474573333334
490001,21.167675857142857,81.30744885714286
490006,21.135531333333333,81.23713116666666
490009,21.15030165,81.2532422
490011,21.157134,81.2628135
490020,21.160373999999997,81.23791349999999
490021,21.18215575,81.42351325
490022,21.12001,81.18437
490023,21.191639266666666,81.3008074
490024,21.209325333333336,81.37331983333333
490025,21.23333125,81.4329925
490026,21.190858,81.284707
490036,21.288100666666665,81.42537366666666
490042,21.179821666666665,81.44889233333333
491001,21.199476825925924,81.26426385925926
491107,21.1783426,81.3931595
491111,21.1851096875,81.43213975
491221,21.0888896875,81.310941875
491222,20.971421294117647,81.33205411764706
491223,20.913001264705883,81.350573
491225,21.009133636363636,81.29089163636364
491226,20.69366675,81.2221138
491227,21.217947545454546,82.4051
491228,20.700261166666667,81.19024825
491229,20.921487117391305,80.9906974
491230,20.661271624999998,81.3235795
491331,21.564527635714285,81.39446006428571
491332,21.559950726666667,81.53138966666667
491335,21.74523689473684,81.53769494736842
491336,21.78203225,81.31485941666666
491337,21.806768083333335,81.54739883333333
491338,21.577644333333335,81.33802866666666
491340,21.81499823333333,81.7486875
491441,21.15848083220339,81.05266889152541
491444,21.086336016666667,81.211155175
491445,21.191676763636366,80.78346693030304
491557,21.207119109677418,80.78884312258064
491558,20.823341326086958,80.7502637826087
491559,22.189956416666664,81.43269500000001
491661,21.007919044444446,80.9072232111111
491665,20.772009158333333,80.81281030000001
491666,20.7447198,80.8209572
491668,21.432513925925925,80.91628964074073
491771,20.79721421111111,81.20254407777777
491881,21.378928284615387,80.93586397435898
491885,21.521729876190477,80.98191224761905
491888,21.572664873333334,81.19523767000001
491993,21.714204158333335,81.42539933333333
491995,21.971682533333333,81.246378
491996,21.96805,81.2859
492001,19.012569022222223,73.25868952222223
492002,21.093112,81.475138
492003,21.30833,81.61776
492004,21.2545694,81.65708335
492005,21.2433611,81.6360556
492008,21.25723945,81.6728489
492009,21.252017199999997,81.663835
492010,21.194765,81.47849
492012,21.23784,81.70542
492013,21.2134675,81.6875375
492014,21.23784,81.70542
492015,21.3577864,81.6056189
492016,21.2433611,81.6360556
492017,21.2514,81.6296
492018,1.824,6.224
492099,21.3797778,81.5387222
492101,21.321678,81.542768
492109,21.42430075,81.5124243875
492112,21.494391357142856,81.5985792857143
493101,21.286604999999998,81.70508375
493111,21.442070676923077,81.48671846153846
493113,21.3990701,81.51656584999999
493114,21.447568,81.301084
493116,21.499081571428572,81.41218742857143
493118,21.440472684210523,81.50115105263158
493195,21.5066666,81.5866666
493196,21.378884120000002,81.51987901999999
493221,21.4760833375,81.29211458750001
493222,21.462548571428574,81.27220285714286
493225,21.244087083333334,81.61577833333334
493228,21.480002000000002,81.47395666666667
493229,21.444203846153847,81.45702461538461
493331,21.388501666666667,81.65970333333333
493332,21.49023909090909,81.55391454545455
493335,21.449697625,81.667449625
493338,21.511736291666665,81.32676884166666
493344,21.273033908333332,81.773521875
493441,21.448039025,81.31112020625
493445,21.473125730769233,81.43688907692308
493448,21.413533516666664,81.3569126
493449,21.478644545454543,81.24657863636364
493526,21.49005166666667,81.3372325
493551,21.47453295,81.5113883
493554,21.481666666666666,81.61
493555,21.490184875,81.67251375000001
493558,21.407769310344825,81.60150896551724
493559,21.214863026666663,81.77699450666667
493661,21.415851204166668,81.51164666666666
493662,21.433623,81.2518049
493663,21.453496165,81.31107378
493770,21.45674432857143,81.50709965
493773,21.4472372,81.518359156
493776,21.2207037,81.51827776666666
493778,21.398368260869564,81.31714956521739
493881,20.58028,81.5143
493885,21.43580530769231,81.52851561538462
493887,20.50045,81.55447
493888,21.470871111111112,81.52282444444444
493889,23.198095823529414,79.89705
493890,21.356821230769228,81.60465507692308
493891,21.388938888888887,81.50605222222222
493992,21.455725833333332,81.54557608333333
493996,21.45010434285714,81.55101288571429
494001,19.121423214285716,81.84517419464285
494010,19.13357325,81.7224364
494111,18.419851571428573,81.62233185714285
494114,18.154956,81.32236466666667
494115,18.725691666666666,81.62968847142858
494122,18.76330833333333,81.17915263333333
494221,19.155165,81.93989038
494222,18.966206624999998,81.3282181375
494223,19.108585714285713,81.88031428571428
494224,19.16572659259259,81.84346837037037
494226,20.141460885714288,81.18927242857143
494228,19.820573,81.627519
494229,19.76454166666667,81.4963193
494230,25.509740384615384,81.58051983846154
494237,19.52224,81.5673475
494331,20.083057,81.594535
494332,20.20275,80.95835
494333,19.776746,81.626327
494334,20.2664964,81.1776881
494335,21.07949,81.58092766666667
494336,20.2842108,81.46140496
494337,20.23999215,81.13862048333333
494347,19.616399666666666,81.80779733333333
494441,18.95259603773585,81.35719133962264
494442,19.038827232142857,81.83593674821428
494444,18.66471396,80.70767288
494446,18.901169444444445,80.37805087777777
494447,18.597297115384613,80.77505607307693
494448,18.81761911764706,80.55594458235294
494449,18.790233666666666,81.44997875
494450,19.079415586206895,80.9112245862069
494552,18.8587415,81.31666520833333
494553,20.11691,81.54340666666667
494556,18.61867,81.262195
494635,20.301835555555556,81.06288111111111
494661,19.44305484090909,79.40436731818183
494665,20.148125,80.29875513809523
494669,19.439035217391304,81.11811434782608
494670,22.483705559999997,87.29035092000001
494771,20.17644,80.3199475
494776,20.025808333333334,81.54828362592592
494777,19.290847222222222,74.16187310000001
495001,22.06850514285714,82.23505314285714
495003,22.078268666666663,82.1417765
495004,22.056394285714283,82.14705014285714
495006,22.071888142857144,82.34155571428572
495009,22.141181666666665,82.24969566666667
495112,22.183773625,82.12739537499999
495113,22.297567235294117,81.96699823529411
495115,22.25948342857143,81.64678407142857
495116,22.45952014166667,82.04238489166667
495117,22.6974648125,81.9349060625
495118,22.93713253846154,82.11777984615385
495119,22.78742296,82.05053276000001
495220,22.016424666666666,82.05799616666667
495222,22.170023,82.38956049999999
495224,21.925756,82.16423664285715
495330,25.652084117647057,81.8591531764706
495334,22.081445125000002,81.65432034375
495335,22.148962416666667,81.63074766666666
495442,22.264804666666667,82.21336408333333
495444,22.462893,82.561011
495445,22.489216272727273,82.49301827272728
495446,22.27407707142857,82.56893328571428
495447,22.4037905,82.610303
495448,22.551611833333336,82.54313625
495449,22.381618333333332,82.38737053333332
495450,22.41633966666667,82.6352375
495452,22.354300000000002,82.64244500000001
495454,22.340901333333335,82.6435095
495455,22.38361,82.64884
495550,22.061017666666668,82.27596644444445
495551,21.882960705882354,82.28585711764705
495552,22.05174866666667,82.40934383333332
495553,21.915676400000002,82.416707
495554,21.83247937692308,82.43240891538461
495555,22.07711466666667,82.43309533333333
495556,21.793551992857143,82.53718366428572
495557,21.806259333333333,82.65691144444445
495559,22.1490555,82.48959957142857
495660,21.959681545454547,82.73955609090909
495661,21.775458416666666,82.8155835
495663,21.938142399999997,82.3442138
495668,21.94100480952381,82.59164361904762
495669,22.0144042,82.5687203
495671,22.06093419047619,82.6752211904762
495674,22.29348111111111,82.89629699999999
495677,22.4157386,82.5672661
495682,22.336413999999998,82.7321
495683,22.352269833333335,82.8346625
495684,22.519908,82.739541
495686,21.9722905,82.766248
495687,22.036509416666664,82.81294091666668
495688,21.82299946153846,83.07416315384616
495689,22.017207739130434,82.92586339130435
495690,21.86779232666667,82.852197
495691,21.796574,82.97318770588235
495692,21.80429711111111,83.14840338888888
495695,22.0531327,82.98413459999999
496001,21.886283915625,83.3894938375
496005,21.917367666666667,83.3653112
496100,21.792321681818184,83.33259631818181
496107,22.096791966666668,83.49526828666667
496108,21.897571,83.390995
496109,21.897571,83.390995
496111,22.12892475263158,83.33096995789474
496113,22.325839515000002,83.60299989
496115,22.335031592857142,83.33209924285714
496116,22.430210842857143,83.19423858571429
496118,22.599865265,83.21527892499999
496220,22.654731005555554,83.71403656666666
496223,22.62592662105263,83.70359077894737
496224,22.914423338888888,83.60742110555556
496225,22.831747747058824,83.9532504
496227,22.50801362857143,84.0021159
496242,22.419355333333332,83.72414441666666
496245,22.32180987142857,83.81204290000001
496330,23.09588192,84.32846012
496331,22.875789109090906,84.31614840909091
496334,22.66908709090909,83.8876365909091
496336,23.013771164285714,83.80478072142857
496338,22.6869009625,84.1937303625
496440,21.627806185714284,83.35921018571428
496445,21.545292203846152,82.83013913076924
496450,21.724234752631578,83.03794579473684
496551,21.686416688235294,83.52695824117647
496554,21.642389314285712,83.33008917142857
496661,21.975901075,83.144406575
496665,22.125929042105263,83.13381422631578
497001,23.70906019642857,83.1656839642857
497101,23.022632493333333,83.55244608666666
497111,22.21626238,83.63311101333333
497114,25.7925643,81.76064188333334
497116,24.286374,75.3282685
497117,23.577785,83.45654878
497118,23.32549461,83.52757289
497119,23.575190342857145,83.72198817142858
497220,23.76993330625,83.5220842375
497223,22.93894115,83.2047701
497224,23.376321535714286,83.68055327857142
497225,23.908052122222223,82.70668161111111
497226,23.173235325,82.932510525
497229,23.214606500000002,82.86934183333334
497231,23.17797898888889,82.84686397777779
497235,23.212687166666665,82.939619
497331,23.262481672727272,82.45914623636364
497333,23.145551923076923,82.67966515384616
497335,23.171950977777776,76.03579087777777
497339,23.33269616,82.52154892000001
497442,23.349263583333336,82.48742786666666
497446,21.895667,83.395245
497447,22.5103335,83.1615225
497448,23.187885,82.17229
497449,23.27449507,82.52875711
497450,23.18795,82.354164
497451,23.192295,82.353075
497553,21.895667,83.395245
497555,21.895667,83.395245
497557,23.193076,82.381226
497559,22.62221685,82.9574069
497773,23.1899555,82.3500208
497778,23.361455007142858,82.46785847857143
500001,17.523194445,78.62307639
500002,17.3699444,78.4685278
500003,17.73758333,78.83125
500004,17.404962963333332,78.46812963
500005,17.31483507,78.45222345666667
500006,17.50202778,78.68690278
500007,17.347814813333333,78.21973148333333
500008,17.549077778,78.573777778
500009,17.46905556,78.50002778
500010,17.508657406666668,78.51678704
500011,17.46488889,78.47244444
500012,17.3789167,78.4696944
500013,17.3952222,78.5265139
500014,17.539,78.51830556
500015,17.579583333333332,78.62413889
500016,17.440375,78.46345833500001
500017,17.43663889,78.535736115
500018,17.6802847225,78.6538333325
500019,17.78566667,78.51941667
500020,17.47504167,78.5752583375
500022,17.4085,78.47066667
500023,17.3520278,78.4885278
500024,17.6186389,78.8256667
500025,16.08579167,78.67961111
500026,17.3931389,78.4762778
500027,17.5278056,78.66375
500028,17.65258333,78.73566667
500029,17.609555555,78.72390278
500030,17.4739167,78.5118889
500031,17.5355,78.66083333
500032,17.71083333,78.59573610999999
500033,17.42997222,78.41741667
500034,17.41722222,78.43588889
500035,17.359527749999998,78.53725
500036,17.3721111,78.5103056
500037,17.48861111,78.441208335
500038,17.58729167,78.58948611
500039,17.4739167,78.5118889
500040,17.75658333,78.92888889
500041,17.3931389,78.4762778
500042,17.3931389,78.4762778
500043,17.65297222,78.39713889
500044,17.484055533333333,78.62169443333333
500045,17.442972225,78.42816666499999
500046,17.76477778,78.54988889
500047,17.751583330000003,78.892861115
500048,17.3965278,78.4822778
500049,17.65259724,78.55420834
500050,17.82961111,78.548
500051,17.4739167,78.5369722
500052,17.3278889,78.4358056
500053,17.34106945,78.474125
500054,17.50258333,78.44138889
500055,17.52069444,78.44466667
500056,17.787111109999998,78.893152775
500057,17.3931389,78.4762778
500058,17.3351111,78.502
500059,17.36771296666667,78.49689816666667
500060,17.405054433333333,78.52552073333334
500061,17.68563889,78.85266667
500062,17.784125,78.93525
500063,17.40648778,78.47209222000001
500064,17.5856111,78.7519444
500065,17.3526111,78.4786944
500066,17.3931389,78.4762778
500067,17.80852778,78.475
500068,17.3629722,78.5843333
500069,17.3049444,78.5234722
500070,17.326430549999998,78.571375
500072,17.565902780000002,78.53887499999999
500073,17.42972222,78.43783333
500074,17.3520556,78.5472083
500075,17.66122222,78.51938889
500076,17.427875,78.54980555
500077,17.3159167,78.4345556
500078,17.56344444,78.53783333
500079,17.33539555,78.53730110000001
500080,17.3931389,78.4762778
500081,17.44738889,78.39625
500082,17.421791665,78.45497222
500083,17.4739167,78.5118889
500084,17.4739167,78.5118889
500085,17.49322222,78.39252778
500086,17.3488056,78.3768889
500087,17.83491667,78.89222222
500088,17.44002778,78.65244444
500089,16.45016667,80.83363889
500090,17.46028563,78.317787
500091,17.497708340000003,74.56762501
500092,17.4201389,78.5844722
500093,17.3931389,78.4762778
500094,17.48786111,78.64191667
500095,17.396875,78.47725
500096,17.69966667,78.68533333
500097,17.3275278,78.5363611
500098,17.40825,78.6015556
500100,17.4739167,78.5118889
500101,17.4739167,78.5118889
500102,17.3550833,78.5376111
500103,17.487629,78.572473
500104,17.4156429,78.3705889
500107,17.44999,78.310213
500108,17.240263,78.429385
500110,17.418955,78.401742
500111,17.4350272,78.3390458
500112,17.3051,78.5254
500113,17.3098,78.5332
500114,17.76327778,78.70808333
500115,17.362932,78.584178
501101,17.33852778,77.90944444
501102,17.3385278,77.9094444
501106,17.38216667,77.74722222
501111,17.4739167,78.5118889
501121,17.31086111,77.78069444
501141,17.25288889,77.58444444
501142,17.33975,77.65947222
501143,17.21688889,77.49866667
501144,17.21405556,77.64838889
501158,17.29802778,77.48119444
501202,17.51775,77.89622222
501203,17.41447222,78.12116667
501218,17.4739167,78.5118889
501301,17.45180556,78.68294444
501359,17.17115,78.4564111
501401,17.63644444,78.48780556
501501,17.4739167,78.5118889
501502,17.15575,77.87125
501503,17.31041667,78.13786111
501504,17.3268,78.2747
501505,17.32886155,78.6428139
501506,17.4739167,78.5118889
501508,17.2038056,78.715
501509,16.9953611,78.6791667
501510,17.2278056,78.5873611
501511,17.2676111,78.6771111
501512,17.2961944,78.7148333
502001,14.8275139,78.133472225
502032,17.444055566666666,78.28143516666667
502101,18.1180833,78.4312222
502102,18.049,78.2673333
502103,16.57333888,78.14565554
502107,18.1612778,78.8073056
502108,18.2960556,78.1021667
502109,18.049,78.2673333
502110,18.045768533333334,78.26211110000001
502113,18.0856667,78.2630278
502114,18.1093889,78.7739167
502115,18.1146389,78.3994722
502117,18.0198889,78.2949444
502125,18.034,78.1884167
502130,18.0659167,78.22925
502205,17.5050278,78.1443056
502210,17.6002778,77.7147389
502220,17.6800556,77.6105
502221,16.83100526666667,77.7090508
502228,17.7275278,77.5921944
502246,17.7635556,77.7110556
502247,17.9493611,78.5200556
502248,18.0449444,78.4236111
502249,18.049,78.2673333
502251,17.8034444,77.6279444
502255,17.9735556,78.4616111
502256,17.8461944,77.6621944
502257,17.8378333,77.7462222
502267,18.1500278,78.9416944
502269,17.9661389,77.9295
502270,17.8368611,78.0716944
502271,18.05125,77.9136389
502273,17.8190556,78.0768333
502276,18.1606667,78.8998611
502277,18.0093056,78.8909722
502278,17.8490833,78.6711944
502279,17.7724444,78.6971667
502280,18.062,79.0363333
502281,17.7672778,78.8075278
502284,17.59,78.12
502285,17.5808056,78.1079167
502286,18.0356667,77.7720556
502287,18.0915556,77.8013611
502290,17.9652972,77.87288889999999
502291,17.6167222,77.9507222
502293,17.7605833,77.9480556
502294,17.1146944,78.1022778
502295,17.9690833,78.0786389
502296,17.6275,78.1582222
502300,17.5418056,78.228
502301,17.8659444,78.7609444
502302,17.9733333,78.0352222
502303,18.03775,78.0865833
502305,78.4701667,78.1361389
502306,17.6121667,77.8919444
502307,17.5342778,78.1943333
502310,18.049,78.2673333
502311,17.7706389,78.6955
502312,17.8333889,78.7053611
502313,18.049,78.2673333
502314,17.8123889,78.14275
502316,17.8993611,78.2065556
502318,17.6811944,77.651
502319,17.5297315,78.26614813333333
502321,17.6643889,77.7092778
502324,17.5189167,78.2776667
502325,17.5534722,78.3503056
502329,17.5636111,78.1663056
502331,18.04325,78.1363056
502334,17.9051667,78.4610833
502335,17.9052222,78.4611111
502336,17.8829444,78.2731389
502345,17.6490833,77.8075278
502371,18.049,78.2673333
502372,17.8906389,78.7961111
502375,18.0932222,78.9619444
502381,17.9462222,78.1150833
503001,18.52552275,76.79258088333334
503002,18.58262963333333,78.13872223333334
503003,18.631659457142856,78.13703411428571
503101,18.179565844444443,78.41941882222221
503102,18.27063815,78.42524288333334
503108,18.102853683333333,78.12266635
503110,18.231894122222222,78.29780708888889
503111,18.3185556,78.3375278
503112,18.329192405882353,78.36995887647059
503114,18.3866583,78.10271912
503120,18.30872985,78.2202314
503122,18.17922703529412,78.02820334117646
503123,17.9319589,78.45120701666667
503124,18.22739597142857,78.138372
503125,18.224303716666665,78.49478006666666
503144,18.405188991666666,78.39801513333333
503145,24.88982281,72.29177561
503164,18.52215802857143,73.95945539285715
503165,18.582699923076923,78.42497980769231
503174,18.1019722,78.1518889
503175,18.6450112875,78.2282600125
503180,18.56617628,77.75844484
503185,18.629154438461537,77.86246406153846
503186,18.708173483333333,78.0480153
503187,18.360536605555556,77.90427392222222
503188,27.872951800000003,69.44783711428572
503201,18.59307685,77.99156731666666
503202,18.6909022,78.02183726666667
503206,18.59307012857143,77.9607111
503207,18.58185726,77.78852435
503212,18.898033633333334,78.16602186
503213,18.787345633333334,71.55192805555555
503217,18.857367514285716,78.3334452
503218,18.82725012,78.48232522999999
503219,18.9556544125,78.38570195
503223,18.80550745,74.97416731666667
503224,18.7831667,78.2966389
503225,26.01821192222222,71.85626344444444
503230,23.986898683333333,73.31627424166668
503235,24.134825033333332,72.99010749166666
503245,18.788322115384616,77.99877314615384
503246,18.82598616153846,78.06256865384616
503301,18.399375614285713,77.91175645714286
503302,18.22985142857143,77.93947401428571
503305,18.34347811111111,77.62648151111111
503306,18.398073619999998,77.73046408
503307,18.69498161111111,78.44252755555556
503308,18.76669131111111,78.52583465555556
503309,18.47693425,77.65338215
503310,18.25879178888889,77.79538156666666
503311,18.79378179,78.40110972
503321,27.721197042857142,69.3504417
503322,18.6171389,78.21275
504001,19.394075766666667,78.87413568333334
504002,23.06315381764706,78.62362432352941
504101,18.45595715,78.6929613625
504102,19.01527622,77.93063364999999
504103,19.156307005555554,78.01690122222222
504104,19.014160225,78.287468375
504105,19.0203266,78.37720698888889
504106,19.062316091666666,78.48221927499999
504107,18.8776667,79.4468333
504109,19.14850748888889,78.07886046666667
504110,18.287883445454547,78.27988405454545
504201,18.84337687857143,79.77208297857143
504202,19.076083544444444,78.75659544444444
504203,19.08746722,78.74099079
504204,18.9282173875,79.28204675
504205,19.117409363636366,78.99823983636362
504206,19.033233533333334,79.1228095
504207,18.862263966666667,79.30607909999999
504208,18.8730795,79.44948706666666
504209,18.89328865,79.4157022
504214,18.70531376,79.83733253
504215,18.656315172727272,79.15373095454545
504216,18.82785549090909,79.59670527272728
504218,19.0359722,79.3579444
504219,19.10845067,79.68383062000001
504220,19.1652778,79.4097222
504231,18.99019745,79.47659378333333
504251,19.118282206666667,79.41119798666666
504272,19.1503996,79.45579986
504273,19.215434364285716,79.59354715714286
504292,19.26116371111111,79.41542852222223
504293,19.361061499999998,79.23256290769231
504294,19.087910725,79.458652775
504295,19.4753932,79.30352552
504296,19.343090111764706,79.52486819411764
504297,26.687728862500002,79.31768823750001
504299,19.443803989285716,79.65930740357143
504301,18.933682750000003,79.4607166
504302,18.854669833333332,79.4856259
504303,18.8620556,79.50975
504304,19.408159641176468,78.31199276470589
504306,19.090891477777777,78.39504302222223
504307,19.422782294117646,78.45514270000001
504308,19.497027936363637,78.46490753636364
504309,19.68592305,78.72444868125
504310,19.08033167,78.49261451
504311,19.415409504761904,78.82354966190476
504312,19.688186223076922,78.45530189230769
504313,19.34512871176471,78.95476493529411
504323,19.2783012,78.403395775
504346,19.27611567222222,78.83268982777777
505001,18.585706983333335,78.98974003333333
505002,18.449618488888888,79.14061441111112
505101,18.262147557142857,79.40048915714286
505102,18.0964874,79.46087609230769
505122,18.2724082,73.38118446
505129,18.317553814285713,79.44144582857143
505152,18.42571497777778,79.46429894444445
505153,18.46336557,79.53967688
505162,18.506315366666666,79.31940716666666
505172,18.6151389,79.3800833
505174,18.586081173333334,79.39317555333334
505184,18.610718633333335,79.68502828095238
505185,18.48609583,79.30428462
505186,18.493190814285715,79.22868617142856
505187,24.096009008333336,74.30099212500001
505188,18.6722599,79.47817885
505208,18.77679732,79.44209904
505209,18.752925966666666,79.5043266
505210,18.723,79.4965833
505211,18.6836111,79.5405833
505212,18.623466824999998,79.562299025
505214,18.7341944,79.5196389
505215,18.77760735,79.19448065
505301,18.43146726111111,78.77078311111111
505302,18.4562462,78.87407357272728
505303,18.359842683333333,78.66954963333333
505304,18.30092784,78.59233978
505305,18.42052533636364,78.60649963636364
505306,18.695789175,78.7459034
505307,18.586319,78.72870757142857
505325,18.7362594375,78.7150908375
505326,18.820819450000002,78.71104165
505327,18.7958426,78.91524073333333
505330,18.85409688,78.75698878
505331,18.91887929090909,78.26319881818182
505401,18.414164014285713,78.99531202857143
505402,18.32161222222222,78.93668322222223
505403,18.52761202,78.78726847
505404,18.343020044444444,78.7322433111111
505405,18.30499543076923,78.8912662153846
505415,18.60608968125,79.15724569375
505416,18.6090457875,77.474888875
505425,18.929849909999998,79.09332996
505445,18.54684364,78.99585184
505450,18.9045798,78.6125576
505451,18.55239406666667,79.04415946666667
505452,18.692216042857144,78.99805524285715
505453,18.80640101818182,78.77932597272728
505454,18.9064558,79.03868799411764
505455,18.7981393,78.91835824444445
505460,18.92370276923077,78.82204576923078
505462,18.749349377777776,78.72066908888888
505466,18.062166172727274,79.21376924545456
505467,18.186050885714284,79.13735284285714
505468,18.2009167,79.3975833
505469,18.419854083333334,79.18037365833334
505470,18.3194239125,79.3471512875
505471,18.0659661375,79.2907563
505472,18.25237306,79.23027257999999
505473,18.15383995,79.025649625
505474,18.316600914285715,79.2799555142857
505475,18.37480152,79.53563822
505476,18.1125127,79.44252183333333
505480,18.16277918,79.34786962000001
505481,18.22944065,79.160868475
505490,18.2588376,79.309692625
505497,18.108037833333334,79.36513876666667
505498,18.20833716666667,79.39854843333335
505501,18.626017925,78.9199425875
505502,18.386873477777776,79.35029592222222
505503,22.9473972,75.80657359333333
505504,18.729614316666666,79.85953876666666
505505,18.4326691,79.31052351428572
505514,18.79363447142857,79.38392842857142
505524,18.52524328,78.90706107
505525,23.55236990769231,74.6122918923077
505526,18.807148523076926,79.18106055384615
505527,18.3634824,79.1640073
505528,18.238035066666665,79.0383683
505529,18.84446672,78.95212083
505530,18.343970814285715,79.05643848571428
505531,18.60735217142857,79.07718362142857
505532,18.770410814285714,79.0598902
506001,17.72625,79.79514816666666
506002,17.87760764,79.64757639
506003,17.67165746363636,79.58338357272727
506004,17.568736100000002,79.6964861
506005,17.94455556,79.60041667
506006,18.02925,79.62775
506007,18.00097222,79.59144444
506008,17.1520833,80.0043611
506009,18.01533335,79.55866664999999
506011,18.0135,79.76523610000001
506013,17.1520833,80.0043611
506015,18.04965064,79.54305676
506101,17.59816667,80.00166667
506102,17.5955,79.99875
506103,17.6962403,80.0020532
506104,17.53297222,79.91955556
506105,17.52469444,80.00222222
506112,17.69125,79.88938889
506122,17.793,79.80541667
506132,17.93013889,78.89194444
506134,17.1520833,80.0043611
506135,17.1520833,80.0043611
506142,17.99124235,79.4044333125
506143,17.836272023076923,79.42188169230768
506144,17.88542845,79.38679336666667
506145,17.85293903333333,79.35830045555556
506146,17.6624671,79.4011611
506151,17.942966728571427,79.38536091428571
506163,17.58322222,79.66102778
506164,17.3968056,78.4011111
506165,18.3420885,80.43038519375
506166,17.90880556,79.59263889
506167,17.7244167,79.1523611
506168,33.45848796666667,65.74779648333333
506169,31.694846385714282,70.19918327142857
506170,18.2255169375,79.78122285
506172,18.228414657894735,80.52898841578947
506175,17.678477742857144,79.08058072857143
506201,16.293248144444444,78.38617901111111
506221,17.80100860625,79.0253351375
506222,17.534,79.504
506223,17.91704684666667,79.03064397333333
506224,16.86707285,78.67754388
506244,15.59968518235294,77.60692254117646
506252,17.74330844,79.384977
506301,17.8155021875,79.3358698
506302,17.579076581818182,79.36836133636363
506303,16.689173246666666,73.92179895999999
506310,17.84541667,79.60366667
506313,17.77247222,79.56744444
506314,17.70486111,79.60666667
506315,17.39280556,79.87616667
506316,17.76875,79.47683333
506317,17.64377778,79.49022222
506318,17.53588889,79.54441667
506319,18.144731845454547,79.72602869090909
506324,17.5165,79.73438889
506329,17.1520833,80.0043611
506330,17.1520833,80.0043611
506331,18.00219444,79.80794444
506332,17.88197222,79.87025
506342,16.070558490000003,74.48314577
506343,18.173916022222222,79.92519511111111
506344,18.177650135714284,80.26505262857142
506345,18.300717254545454,79.8983553090909
506347,18.237493272727274,80.18074106363636
506348,18.243323746666665,79.77022642
506349,18.110880376923078,79.82900762307692
506352,18.1677155,80.01386956
506355,17.101871525,78.973572225
506356,23.3531224,73.77914337142856
506365,17.736088665,79.724396335
506366,18.289162676923077,79.62956404615385
506367,17.47129215,79.14809292857142
506368,17.606648165,79.760631945
506369,17.69919444,79.7355
506370,18.0000833,79.5318889
506371,18.07068937777778,79.5081435
506381,17.44352778,80.15086111
506391,18.198986174999998,79.63268581666667
507001,17.367967874999998,80.16827082500001
507002,17.333710363636364,80.18025663636364
507003,17.274253654545454,80.18735577272727
507101,17.556900000000002,80.57160554
507103,17.4687529,80.6487898
507111,17.678175933333332,80.89404626666668
507114,17.376837957142858,80.7740268
507115,17.596923868421054,77.34767538421052
507116,17.86304504,80.78169743999999
507117,17.89270436,80.875449105
507118,17.56924691818182,80.69933386363635
507119,17.4844167,80.6514167
507120,17.466302340000002,80.58330224
507122,17.450051470588235,80.32945265882353
507123,17.60516064117647,80.36617755882354
507124,17.616372325,80.47988305
507125,17.5218056,80.6268056
507128,17.697992600000003,80.8393111
507133,18.0070027,80.7841460111111
507136,18.08830090625,80.5529582
507137,17.822547,77.40531867777777
507138,17.6751389,80.77625
507140,17.940646590909093,80.87693294545456
507154,17.6091944,80.7048056
507157,17.210873916666667,79.90424483333334
507158,17.199528135714285,80.07472385714286
507159,17.207869966666667,74.73799050833334
507160,17.163013566666663,80.0700996611111
507161,17.321192891666666,79.88172553333332
507163,17.346730944444445,80.48139892222223
507164,16.8737576625,80.6639364375
507165,17.173549995652174,80.34178155217391
507166,17.24658589166667,80.42596074166666
507167,17.20510409,80.42325687
507168,17.362818429999997,80.49545832999999
507169,17.146761581818183,80.16086060909092
507170,17.260248664285715,80.18761857142856
507182,17.578918015384616,80.61925699999999
507183,17.346723277777777,80.00280553333333
507201,16.906530393333334,80.41225908
507202,24.114863766666666,80.65696132222223
507203,16.927048611764707,80.3716394117647
507204,17.097258723076923,80.31384574615385
507208,17.10529957894737,80.20410901052632
507209,17.22868375625,80.56196475
507210,17.460177541666667,74.93090243333333
507211,17.861111716666667,80.576466575
507301,17.30377675,81.112398625
507302,17.287694184615386,80.61481554615385
507303,17.22525925,80.83107082142858
507304,17.0755982125,80.35809435
507305,17.227364463636363,80.29946581818182
507306,17.388654463636364,81.02630902727273
507316,17.594514525,80.4720706375
507318,17.196400011111113,80.04722717777777
508001,17.05425988,79.26887316
508002,17.053602155555556,79.26685924444445
508004,17.021044775,79.188362875
508101,17.60726141,79.14306824
508105,17.679916584615384,78.97437753076923
508111,16.36804736875,74.239555075
508112,17.389427633333334,79.0621482
508113,17.312588107142858,79.12484516428572
508114,17.199866760000003,79.06713504666666
508115,17.646244126666666,78.89095122666666
508116,17.5215278,78.89425
508117,17.564211715384616,78.82585775384615
508126,17.498254207142857,78.77208297142856
508201,16.889577709090908,79.70513157272727
508202,16.772477366666667,79.26906508333333
508204,16.854268731578948,79.84713547894737
508205,17.187179163636362,79.31775421818182
508206,17.00329286,79.981534735
508207,16.8704167,79.5683889
508208,16.832760924,79.55250749199999
508210,17.29387734375,79.40074287499999
508211,17.154550068421052,79.45529335263159
508212,17.21480920625,75.8617023
508213,17.1974127,79.2784193
508214,17.100912886206896,79.66290384827586
508217,16.955249928571426,79.54027351428572
508218,16.85655429090909,79.68431781818181
508221,17.33583675882353,79.71381297647059
508223,17.482120683333335,79.44517795833333
508224,17.27849735,79.56998051666666
508233,17.05649107142857,79.84116202142857
508234,17.09155131111111,79.87885935555556
508238,16.98295386666667,79.86215246666667
508243,16.70197326,79.0258417
508244,17.109585425000002,79.09008360833333
508245,16.809499093333333,78.76584774
508246,23.12405459,73.65318466
508247,17.01149178,79.37871179
508248,16.725692608333333,78.80501497083334
508250,14.7572987125,69.0502435375
508252,17.28151904666667,78.90010516000001
508253,17.108344625,78.96389913333333
508254,17.218062054545456,79.21534150000001
508255,16.989596428571428,79.08796183571428
508256,16.88011772,79.13689397
508257,16.80000298888889,79.08809102222222
508258,16.6315346875,78.72954468124999
508266,16.7128304,79.19874791
508277,17.4384075125,79.27929164583334
508278,16.83352871111111,79.38577912777777
508279,17.397270024999997,79.493644025
508280,17.404164464285714,79.62594923571429
508284,17.30282406666667,78.92786111666668
508285,17.43420946666667,78.94520424444445
508286,17.553114146153845,79.01522466153847
508355,16.750099433333332,79.62440118333333
508373,16.84812795,78.94399045
508374,17.0918958,79.67879942727274
508376,17.193010037500002,79.56530467500001
508377,16.942987444444444,79.31767542222222
509001,16.788765857142856,77.98837697142858
509002,16.75044062,77.99276611
509102,16.0971667,78.31525
509103,16.3646111,78.06475
509104,16.2055,77.99425
509105,16.0737222,78.2564444
509106,16.3995243,77.9569652
509110,16.4256111,77.8128889
509120,17.0912222,78.0844444
509125,16.23775,77.8041667
509126,16.00479353,77.83733747
509127,16.02247913,77.64228865999999
509128,16.00374789375,77.90297611875
509129,16.140198072727273,77.57802405454545
509130,16.375099700000003,77.7746768111111
509131,16.335182330000002,77.81060450999999
509132,16.268568899999998,78.0030606
509133,16.2354700125,77.75939022083334
509135,16.007644328571427,77.80382731428571
509152,16.072019360000002,78.03599784000001
509153,15.94176817777778,78.02695104444444
509201,16.3763056,78.8322778
509202,16.9491389,78.1829722
509203,16.5300556,78.2254444
509204,16.61020367142857,77.84918692857143
509205,16.641770933333333,77.6183603111111
509206,16.3965278,78.1433889
509207,17.0975278,78.0379722
509208,16.455279033333333,77.51868020555555
509209,16.4854722,78.3159444
509210,21.4218344,72.84346745384616
509215,16.4041389,77.9417222
509216,17.0686389,78.2079722
509217,17.4739167,78.5118889
509219,16.511798199999998,77.86882581428571
509228,17.1485278,78.2871111
509235,16.4277222,78.2405
509301,16.7552222,78.1437778
509302,16.7806389,78.1397778
509311,16.602015466666668,77.51781107777778
509320,16.69325,78.4593889
509321,16.8523611,78.5316944
509324,17.41871735,80.87171835000001
509325,17.1374167,78.3199167
509326,16.0742222,78.0315556
509327,16.8501111,78.6888056
509334,16.82513232,77.89725028000001
509335,16.9971038125,77.8631365
509336,17.045529878947367,77.56349648421053
509337,16.90027941111111,77.85301131111112
509338,17.133905033333335,77.67728981333333
509339,16.980281766666668,77.71620932500001
509340,16.856992511764705,78.10377080588236
509349,16.6092222,78.62425
509350,17.0272778,77.71781931000001
509351,16.595601916666666,77.7212755
509352,16.43191857,77.3674254
509353,16.509889766666667,77.62995326666666
509357,16.7434167,78.3229167
509358,16.98475,78.4995278
509360,16.9716667,79.7827222
509371,16.79052432,77.77828341333334
509375,16.39975,78.63975
509376,16.4566389,78.5951944
509380,16.59438323,77.97940265
509381,16.7490833,77.9942222
509382,16.631211275,78.010543625
509385,16.4426667,78.4605833
509401,16.7490833,77.9942222
509406,16.6673333,78.1907778
509407,16.844551714285714,77.52385707857142
509408,16.3615,78.197
509409,16.556823975,77.78328300833333
509410,17.0873056,78.1233889
509411,16.8388177,77.67423145555556
509412,16.29825,78.3600278
515001,14.676325385714287,77.59498412857144
515002,14.639604757142857,77.5651761857143
515003,14.6358333,77.6166389
515004,14.702186863636364,77.58117676363636
515005,14.675194433333333,77.58533333333334
515101,14.276962963333334,77.63079629666667
515110,14.156280555714286,77.58948571428571
515122,13.995174579999999,77.57580727363637
515123,14.091894665454545,77.42687437636364
515124,24.644036110833337,66.81797129666667
515133,14.178888333,77.778373333
515134,14.1930013875,77.7924472275
515144,14.221714646363637,77.80281565636363
515154,26.708513195,77.82253958375
515159,14.251420366666666,77.77836666666667
515164,14.101942394,77.608580926
515201,13.823166669999999,77.501402775
515202,13.825559524285714,77.47528968285714
515211,13.7600128475,77.48982261125
515212,13.831927024444445,77.49182860444444
515231,13.988092256153847,77.77510080307692
515241,13.9388347225,77.69281388916667
515261,13.89433263875,77.506168055
515271,14.033754108333333,77.14453883333333
515281,14.12847988875,76.97973336125
515286,14.027103602857142,76.99323693714287
515291,13.940867901111112,77.27712284
515301,13.944753234545454,77.26861829454546
515303,13.926430285,77.2991247525
515305,14.029354583749999,77.29194513875001
515311,13.884239936363635,77.0931869090909
515321,13.88394961,77.14385962666667
515331,13.80443547,77.60481495692308
515341,13.834206348571428,77.70293254
515401,15.0519079875,77.53986805625
515402,14.980701400000001,77.6310486
515405,15.04698333,77.50633056
515408,16.861620366666667,74.57699074166668
515411,14.997455123076922,78.04523076923077
515413,14.9397222,78.0186944
515414,14.746731483333333,77.762215275
515415,14.945367288888889,77.984
515425,14.782327161111112,77.5891821
515435,14.70261805,77.49200695
515445,23.8941254,68.91242872857143
515455,15.08056667,77.69866944
515465,14.925383333333334,77.81279444666667
515501,14.232323412857143,78.06987103142856
515511,14.34868125,77.995375
515521,14.070959401538461,77.96436965846154
515531,14.1124125,77.9310847225
515541,14.168432222000002,77.978233222
515551,14.0319222225,78.1621972225
515556,13.896944444285714,78.05166666714285
515561,14.01445303,77.99410101
515571,13.921981075789473,78.20065679684211
515581,14.297244102307692,78.19801117923076
515591,14.099300001,78.15174444499999
515601,13.839373177142857,77.71077418857143
515611,15.254801585714286,77.38803174285714
515621,14.35938333076923,77.48096153846153
515631,14.557462881333333,77.85527841466666
515641,14.43931818181818,77.54021868727273
515651,14.335738095714285,77.71637698428572
515661,14.51722530888889,77.7718456788889
515671,14.413666665000001,77.72352778000001
515672,14.40915,77.681227778
515701,14.589517672727272,77.6759292909091
515711,14.300398807142857,76.84328571428571
515721,14.573215275,77.518479175
515722,14.51455833,77.5556
515731,14.844255553333333,77.35718888666666
515741,14.71597863076923,77.27222264615385
515751,14.562746428571428,77.5449
515761,14.502533335,77.057025555
515763,14.640438461538462,77.21310256153846
515765,14.361578281818181,77.18925757272727
515766,14.224613246153845,76.86272222307693
515767,14.36160185,76.7892662
515774,14.890354174999999,77.435958325
515775,15.014506941666667,77.51617360833333
515787,14.479429011111112,77.22091975555556
515801,15.179067457142859,77.34833332857143
515803,14.9365119,77.35799999999999
515812,15.22712901111111,77.11439073888889
515822,14.933231483333335,77.22872685
515832,15.13258611,77.28249167
515842,15.39703333,77.07076667
515863,14.572780866666667,76.76610185555555
515865,14.855708331818182,76.60436363636364
515867,14.202194445454547,74.7429292909091
515870,16.1045451375,74.69555555000001
515871,14.935240279999999,76.49454028
515872,15.01275,76.8319167
516001,14.463627016666669,78.81752951666667
516002,14.479871315384615,78.8586314076923
516003,14.463453125000001,78.78550868125001
516004,14.45124945,78.83141215
516005,14.48,78.71
516101,14.044905229411764,79.3810228764706
516104,14.1814861125,79.3501076375
516105,13.9972361125,79.3088125
516107,14.12398958125,79.20302604375
516108,14.056783329999998,79.26931111
516110,14.086587966666665,79.43891666666667
516115,14.196528,79.160131
516126,14.21396053809524,79.1223996
516127,14.328097216666668,79.19200926666666
516128,14.25985833,79.22520555999999
516129,13.962679622222222,78.9212133
516130,13.998327272727273,78.91315454545455
516150,14.24386256923077,79.0989306846154
516151,14.30925822,79.19471739999999
516152,14.331981425,79.069185975
516162,14.547467481818181,78.79282782727273
516163,14.59540165,78.793106225
516172,14.731930573684211,78.68173077368422
516173,14.774891499999999,78.77338231428573
516175,14.800290733333332,78.67304013333333
516193,14.99828654736842,78.97737426842106
516203,14.643859405882353,78.74294771764707
516213,14.40722897142857,79.01460161428572
516214,13.917119439999999,78.66586389
516215,13.942281428571428,78.78399642857143
516216,14.655724023076923,78.72122155384615
516217,15.102535354545456,78.92834596363636
516218,14.432512322222221,78.5291062
516227,14.716117277777776,79.06576852222221
516228,14.76104722,79.03421667
516233,14.681809025,78.9404375
516237,14.48162778,78.94087778000001
516247,14.44052684,78.91143988
516257,14.168547107142857,78.67078571428571
516259,14.24406284,78.49614251999999
516267,14.062444442857142,78.52937037142857
516268,14.164191422222222,78.86080572222221
516269,14.044515952941177,78.72656125294118
516270,14.101796299999998,78.74872685
516289,14.51863890526316,78.67822884210527
516293,14.545077183333333,78.69187489166667
516309,14.558423985714285,78.65160282857143
516310,14.646242975,78.52150047500001
516311,14.4785833,78.8220556
516312,14.728964075,78.48440705
516321,14.47193948,78.45315886
516329,14.367591533333332,78.47054106666667
516330,14.4206944,78.2265
516339,14.548660418181818,78.5190745090909
516349,14.358018655555558,78.30672608888888
516350,14.435077374999999,78.44255681666667
516355,14.67850228,78.63624808
516356,14.734032725,78.65988167500001
516359,14.865200800000002,78.568776925
516360,14.7284567375,78.5139265375
516361,14.744321066666666,78.65987565833333
516362,14.72164565,78.7511348625
516380,14.67908139090909,78.41782389090909
516390,14.9221308,78.2210534
516391,14.423763194736843,78.22488252105263
516396,14.50490495,78.16261451
516401,14.5844374875,78.258332625
516411,14.91212655,78.4594476125
516421,14.4991552,78.3066439909091
516431,14.892307314285715,78.38057594285715
516432,14.953267357142858,78.2666394142857
516433,14.9214739875,78.3314957125
516434,14.874768177777778,78.41383316666666
516439,14.854052,78.3337759
516444,14.6894060375,78.45131925
516454,14.6035035875,78.1340957125
516464,14.70580550909091,78.1513055090909
516474,14.393247033333333,77.96082576
516484,14.496912066666665,78.31917243333334
516501,14.59575833,79.05270278
516502,14.74049074,78.99015926
516503,14.86672531111111,78.8898611111111
516504,14.228195699999999,78.7482725
516505,14.924833333333334,78.99693333333333
517001,13.215738845999999,79.095342222
517002,13.857753968571428,78.97035714285714
517004,13.224963334,79.116536666
517101,13.5874722,79.29122219999999
517102,13.59279305,79.19329604166667
517112,13.466448121428572,79.10282576428573
517113,13.514521120000001,79.00270416
517123,13.546449305000001,78.90745138875
517124,12.611856410000001,79.08317136769232
517125,13.233156565454545,79.18173737363637
517126,14.531986667000002,79.04479722200001
517127,14.543450925833334,79.03546759250001
517128,14.215800926666667,79.11314351833333
517129,13.27735604,78.96188088599999
517130,14.136994443999999,78.034270556
517131,14.04615208375,78.06389513875
517132,13.050447778,79.170877222
517152,13.48561887142857,79.05532287142857
517167,13.331355952142857,79.29323531714286
517172,13.582423639999998,79.0745724
517192,13.5906726,79.05201063333332
517193,13.652272920000001,79.0981812
517194,13.688807353846155,79.15250351538461
517213,13.774797776470589,78.91788395882354
517214,13.710548933333333,78.97551236111111
517234,13.619463638461538,78.7948458
517235,13.6798956,78.8106333
517236,13.8357160875,78.779098575
517237,13.691137675,78.8023967375
517247,14.505700000000001,77.8985
517257,13.550011,78.499989
517277,13.66636775,78.71443845
517280,13.565306666000001,78.64029444399999
517291,13.722331288888888,78.63435517777778
517297,13.839953025,78.568470475
517299,13.649167716666668,78.65602713333334
517305,13.940616460000001,78.31624014
517319,13.119279999999998,78.7631
517325,13.552218520000002,78.50235925999999
517326,14.0987,78.3306
517350,13.652199999999999,78.4817
517351,13.550014,78.47855922857143
517352,13.729635186666664,78.36928888999999
517370,13.6228835,78.2589874
517390,13.801319999999999,78.26234000000001
517391,13.712833332857143,78.20758015857143
517401,12.899987373636362,78.48558585818182
517403,13.100900000000001,79.1842
517408,13.201015778666665,78.74649531866666
517414,13.4950337775,78.5560732225
517415,13.191171287500001,78.72936325
517416,13.196201851666666,78.91329583333334
517417,13.4726735,78.4398633
517418,13.822055555454545,78.44898232363636
517419,13.199232539999999,79.16658571428572
517421,13.8709,78.06
517422,13.1592,79.0399
517423,14.373854937777777,77.81011296333332
517424,13.002169191818183,78.48501767636364
517425,12.7477,78.3424
517426,13.9924,77.627
517429,13.773188095714287,78.17260317428573
517432,13.142576389166665,78.6760875
517501,13.697134841666667,79.32287514166667
517502,13.519152283333334,79.56373068333333
517503,13.595097633333333,79.46481936666667
517504,13.462837799999999,79.2175389
517505,13.629723799999999,79.05027572857144
517506,13.6373611,79.4775556
517507,13.644664453846154,79.44359586923078
517520,13.63385875,79.51645228333332
517526,13.728053833333334,79.53925925
517536,13.8540166125,79.6824315875
517541,13.609245155555556,79.94525197777779
517551,13.541818655555556,79.50933087777778
517561,13.584608728571428,79.42725476428572
517569,13.66054444,79.346025
517571,13.466321114285714,79.53963607142857
517581,13.421020733333334,79.6204062
517582,13.381690354545453,79.40713598181819
517583,13.44202306,79.54706765
517584,13.33608665,79.42735594999999
517586,13.2684827,79.6447061
517587,13.408990675,79.7274384875
517588,13.46138166,79.9444296
517589,13.3712053,79.75331365
517590,13.333434627272727,79.60672378181818
517591,13.3544489,79.669081725
517592,13.318811116666666,79.58460771666667
517599,13.2017,79.3724
517619,13.668955890000001,79.619434
517620,13.800398060000001,79.52631308
517640,13.747372271428572,79.69096198571428
517641,13.7094726,79.65908862222221
517642,13.79779097142857,79.75291828571429
517643,13.60057176,79.74937428
517644,13.756895375000001,79.705280175
517645,13.663153511111112,79.75450486666666
517646,13.77,79.59
518001,15.768355554,78.13328888800001
518002,15.817379626666666,78.04243518666668
518003,15.83213889,78.02688889
518004,15.784259259999999,78.03737962666666
518005,15.5117222,78.4755833
518006,15.78169444,78.06316667
518007,15.80177778,78.04855556
518010,15.6845,78.1785
518101,16.07008333,78.87219444
518102,16.08077778,78.90597222
518112,15.5021792,78.33981096
518122,15.183446972727273,78.10792676363637
518123,15.040420938461539,78.08896367692307
518124,15.328801585714286,78.21676455238095
518134,15.23301171764706,78.3451288
518135,15.182309528571428,78.43985317142857
518145,15.018944433333333,78.40044443333333
518155,15.15104321111111,78.35835185555555
518165,15.14082535,78.26784702500001
518166,15.0587361125,78.2446388875
518176,15.412629633333333,78.29323147777778
518186,15.4455278,78.2822778
518196,15.168825400000001,78.17215475714285
518206,15.50013889,78.21080556
518216,15.55011111,77.91861111
518217,15.57283333,78.00066667
518218,15.63511111,77.9725
518220,15.28280556,77.90061111
518221,15.2355,77.73844444
518222,10.018351853333334,51.823925926666675
518301,15.633159724999999,77.2712152775
518302,14.68888889,77.58533333
518308,15.59269444,77.14452778
518313,3.96461111,19.31048611
518323,15.74280556,77.30275
518333,15.88733333,77.11955556
518343,5.284675926666666,25.828194443333334
518344,15.77363889,77.13769444
518345,15.5117222,78.4755833
518346,15.48797222,77.04841667
518347,15.47658333,77.38902778
518348,15.33172222,77.15683333
518349,15.5117222,78.4755833
518350,15.68769444,77.48525
518360,15.77506944,77.469069445
518380,15.39302778,77.50408333
518385,15.24813889,77.41677778
518390,15.31347222,77.54488889
518395,15.5117222,78.4755833
518396,15.28313889,77.28791667
518401,15.842111110000001,78.135430555
518405,15.77011111,78.28936111
518411,15.92738889,77.28813889
518412,15.91530556,78.36997222
518422,15.5117222,78.4755833
518432,19.55178228,77.79744361
518442,15.83913889,78.49272222
518452,15.77763889,78.14502778
518462,15.81969444,77.67130556
518463,15.71469444,77.59611111
518464,15.11316667,77.1185
518465,15.53702778,77.54886111
518466,15.5117222,78.4755833
518467,15.5117222,78.4755833
518468,15.5117222,78.4755833
518501,15.513316660000001,78.2337889
518502,15.40806945652174,78.50637442608696
518508,15.67936111,78.42736111
518510,15.308344439999999,78.50111666000001
518511,15.566465275,78.4431979125
518512,15.500395825,78.56079167499999
518513,15.60701112,78.56524999999999
518523,15.570308644444445,78.51927468888888
518533,15.72263889,78.56669444
518543,15.137916666666667,78.53268518571429
518553,14.9920303,78.5402904
518563,15.336731466666668,78.50085186666666
518573,15.2957638875,78.46203125
518583,15.38014899090909,78.5998712090909
518593,15.406239233333332,78.41202878333333
518594,15.25223334,78.57492778000001
518598,15.40925,78.07291667
518599,15.45125,78.419
518674,15.371645825,78.431729175
520001,16.52216666,80.61916668
520002,16.511583325,80.62679165
520003,16.5668835,80.6716638
520004,16.65255555,80.75795835
520007,27.20000945,69.9753377
520008,16.515979633333334,80.67186296666667
520010,16.449666633333333,80.63794443333333
520011,16.598916666666668,80.70272223333333
520012,16.5813994,80.61998453333334
520013,16.5056111,80.62325
520015,16.5385892,80.64779779999999
521001,16.214769444999998,81.148616667
521002,16.209055555,80.9547986125
521003,15.70504222,79.36966083499999
521004,16.136902,81.099842
521101,16.586452858333335,80.78238273333334
521102,16.5276617,80.76741163333332
521104,16.50495666666667,80.74155569999999
521105,16.66158642222222,80.75199074444444
521106,16.5645868,80.9669270875
521107,16.660445199999998,80.78871505000001
521108,16.5174436,80.69329164999999
521109,16.5947946,80.89010936666666
521110,16.551354614285714,80.96927860000001
521111,16.73923944,80.90350911
521120,15.94775,80.91641667
521121,16.02008333,80.91555556
521122,16.03069444,80.929
521125,16.06697222,70.92572222
521126,16.11583333,80.93155556
521130,16.08227778,80.98855556
521131,16.7846944,80.8498611
521132,16.18366667,80.90136111
521133,16.16975,80.94636111
521134,16.42076875,80.6465094
521135,16.22455556,80.91502778
521136,16.36161111,80.85230556
521137,16.4791944,80.7079167
521138,16.30463889,80.89816667
521139,16.456069566666667,80.7188194
521148,16.38623146666667,80.9285648
521149,16.21491667,81.07783333
521150,16.19894444,81.00416667
521151,16.432482991666667,80.70497685
521153,16.4321389,80.7945556
521156,16.25866667,81.023
521157,16.552527755,80.90508333
521158,16.27030556,80.99669444
521162,16.22825,80.96386111
521163,16.3334739,80.79118645
521164,16.425194,80.8612154
521165,16.353147625,80.8338060375
521170,16.82621,80.39941895
521175,22.566714672727272,80.36824816363637
521178,16.854460677777777,80.17905544444444
521180,16.658896079999998,80.43230583
521181,16.799298344444445,80.52543125555556
521182,16.683087336363634,80.21341046363636
521183,16.673045066666667,80.37915401666667
521184,16.7829337,80.3291263
521185,16.702125957142858,80.30851857857144
521190,16.899185542857143,80.24227597857143
521201,16.786881925,80.855909725
521202,16.7932032,80.82824687142856
521207,16.8176,80.94338889000001
521211,16.69174522307692,80.79833905384615
521212,16.603916599999998,80.74836036
521213,16.90033726153846,80.91010991538461
521214,17.022984845454545,80.84417171818183
521215,16.928637033333334,80.74864583333333
521225,16.5398611,80.5766944
521226,16.877613099999998,80.706784525
521227,16.99682173636364,80.65955464545455
521228,16.63150645,80.56019316666666
521229,16.65316883,80.62051159
521230,16.783000171428572,80.66036522142858
521231,16.31,80.39
521235,17.07365439,80.57270118
521241,16.584213025,80.5608055
521245,16.398362220000003,80.81658808
521246,16.544009199999998,80.86662204999999
521247,16.2566105875,80.839088675
521250,16.27081815714286,80.87013622857144
521256,16.3505766625,80.89041365
521260,16.638794450000002,81.23548981666667
521261,16.407824066666667,80.9012037
521263,16.44382778,80.94371665999999
521286,16.577678679999998,80.84285766
521301,16.421731466666667,81.00397223333333
521311,16.465097225,80.88405555
521312,16.554956342857142,80.88426587142858
521320,16.3787,81.360617
521321,16.418161618181816,69.4510505090909
521322,16.38353334,80.98260556
521323,16.447949066666666,81.05274536666667
521324,16.380973858823527,81.31697385882353
521325,16.428726192857145,81.11494206428571
521326,16.522666666666666,81.11237036666667
521327,16.4954881,81.0423492
521328,16.00861111,81.03405556
521329,16.46493687272727,81.12406060909092
521330,16.363233933333333,81.03497461666666
521331,16.33361111,81.07625
521332,16.30044444,81.05111111
521333,16.585160016666666,81.12927843333334
521340,16.582219133333336,81.29416666666667
521343,16.480472225,81.2229513875
521344,16.480348766666665,72.43640741111112
521345,89.27469697272727,81.05834848181819
521356,16.3455,81.05191667
521366,16.253861110000003,81.14009722
521369,16.31102778,81.215
521390,16.3533611,80.966625
521401,16.981231899999997,80.4398055375
521402,16.95129567,80.27399847000001
521403,17.00092488888889,80.52514851111111
521456,16.585228385714284,80.3630219
521457,16.83258425,80.127453675
522001,16.4116032,80.62396428571428
522002,16.411513900000003,80.58005555
522003,16.43447222,80.67616112
522004,16.49454165,80.710770825
522005,16.27941106,80.37402704
522006,16.317990766666668,80.4160463
522007,16.419638875,80.578152775
522009,16.390713233333333,80.48373296666666
522015,16.12345872,80.34398438000001
522016,16.473501654545455,80.39841310909091
522017,16.254748976923075,80.40367593846153
522018,16.397786611111112,80.30015532222222
522019,16.222502790909093,80.36978862727273
522020,16.570881375,80.3616614125
522034,16.390931116666668,80.48682915
522101,15.90417361,80.4705069425
522102,15.875403350000001,83.50936945000001
522111,15.94116667,80.54661111
522112,16.0473594,80.42623898333333
522113,15.97630556,80.42563889
522124,16.066583333333334,80.55128703666666
522201,16.334266668,80.32922221999999
522202,16.304583335,80.39072222
522211,16.23930556,80.61186111
522212,16.5084167,80.7191389
522213,16.23961111,80.5855
522233,16.1576381,80.24281667142857
522234,16.21252685,80.19359906666666
522235,16.07009774,80.33358681
522236,16.483924260000002,80.44111975999999
522237,16.49537260909091,80.56001885454545
522238,16.5269,80.5112
522239,16.263386,80.6831794
522240,16.461282,80.495216
522256,16.10394444,80.78447222
522257,16.11413889,80.81147222
522258,16.03636111,80.76158333
522259,16.5084167,80.7191389
522261,16.17802778,80.73947222
522262,15.96177778,80.74930556
522264,15.93605556,80.88272222
522265,16.019546296666665,80.83176852000001
522268,16.5084167,80.7191389
522301,16.02644444,80.16291667
522302,16.431271799999998,80.61738531428571
522303,16.428772425,80.6422278
522304,16.27963889,80.74005556
522305,16.333974942857143,80.64089001428572
522306,16.29308333,80.64238889
522307,16.30613889,80.60994444
522308,16.33038889,80.65772222
522309,16.04908333,80.67813889
522310,15.98961111,80.50911111
522311,16.00805556,80.61325
522312,16.11172222,80.63891667
522313,16.1805,80.66458333
522314,16.5084167,80.7191389
522315,16.5084167,80.7191389
522316,16.10904211,80.50458710999999
522317,15.86983333,80.40497222
522318,16.1595,80.58411111
522324,16.18222222,80.79813889
522325,16.10733333,80.68816667
522329,15.97791667,80.62652778
522330,16.32419444,80.62905556
522341,16.06238889,80.62575
522401,16.42988611666667,80.36479815
522402,16.47193715,80.21821319375
522403,16.3970972,80.14894445
522408,16.35558167,80.16053389
522409,16.688503425,80.11957389166666
522410,16.541541163636364,80.1432489909091
522411,16.562380949999998,79.99926349285714
522412,16.482576391666665,80.122911575
522413,16.489217647058823,79.90105947647058
522414,16.637126192857142,79.73732976428572
522415,16.558431818181816,79.63067879090909
522421,16.549783336363635,79.51621717272727
522426,16.49641704,79.46765555333333
522435,16.594186116666666,80.00885648333333
522436,16.529718181818183,80.2872313090909
522437,16.515723814285714,79.75633730000001
522438,16.356012344444444,80.2727358
522439,16.3462222,79.5035139
522501,16.4704933,80.5974459
522502,16.4516188125,80.555403675
522503,16.4312292,80.57858332500001
522508,16.38277098,80.52133427999999
522509,16.327436471428573,80.49718768571428
522510,16.3961667,80.1581944
522529,16.29578611,80.23015056
522549,16.231955866666667,80.08318364444443
522601,16.232300000000002,80.06620002
522603,16.264027194736844,80.04540731052631
522611,16.15365625,80.1026798625
522612,16.422750373333333,79.53593185333332
522613,16.35472070909091,79.32709444545455
522614,16.41665185,79.71220246666667
522615,16.32186470588235,79.93433823529412
522616,16.1035422,80.1681939076923
522617,16.219235188888888,79.90725987777779
522619,16.201904175000003,80.35883472500001
522626,16.06457666,80.11234999999999
522646,16.0995802,79.84203869090909
522647,16.084152272727273,79.65712777727272
522649,16.01703998888889,79.83523187777777
522657,16.208940471428573,79.68077381428573
522658,16.2115868,79.78623195
522659,15.97714412222222,79.63009085555557
522660,15.9223037,79.76195324166666
522661,16.254518533333336,79.8133
522663,16.194967933333334,79.69550368333334
523001,15.499619430000001,80.04907672
523002,15.511694466666667,80.03644446666668
523101,15.27512614117647,79.93896845882352
523104,15.22328405,80.073688
523105,15.214714933333333,79.56984043333334
523108,15.149137214285714,74.80841078571429
523109,15.259608946666667,79.80828508666667
523110,15.069081463636364,79.53014717272727
523111,15.346758554545454,79.63251050909092
523112,15.18795204,79.32985438666667
523113,15.146186092307694,74.8728386
523114,15.0721566,79.68590343999999
523115,15.017568985714286,79.8174599
523116,15.5931497375,79.6769443625
523117,15.2854959625,79.6139934625
523135,15.708122133333333,79.92727493333332
523155,15.821595033333333,80.34971866666666
523156,15.7366944,79.2687778
523157,15.819904337499999,80.37532665
523165,15.816264766666668,80.33713296666667
523166,15.843997666666667,80.40244446666667
523167,15.8227124875,80.1856701625
523168,15.8963197,80.3356735
523169,15.974406163157894,80.2834925368421
523170,15.707145120000002,80.25689908
523171,16.03825295,80.26040981666667
523180,15.59984522,80.16099974
523181,15.735917175,80.2521164
523182,15.536380866666667,80.13334296666666
523183,15.7492186,80.18306041428572
523184,15.73478165,80.2807078
523185,15.816726899999999,80.24227503333333
523186,15.70012116,80.17895356
523187,15.786324866666668,80.31149326666667
523190,15.898160533333334,80.1895162
523201,15.862653452631578,79.91414940526316
523211,15.577222272727273,80.0210624909091
523212,15.729216616666667,79.96943973333333
523213,15.6638006,79.96281693333333
523214,15.80708935,80.11689026666666
523223,15.299076450000001,79.36746261249999
523224,15.371273154545456,79.30414625454546
523225,15.5506681,79.92336052307692
523226,15.556611400000001,79.7607006
523227,15.423692866666666,79.36888945555556
523228,15.49916644,79.3264154
523230,15.242644481818182,79.42759498181819
523240,15.6053333,79.6180556
523241,15.646395363636366,79.50127254545454
523245,15.523793007142856,79.54145385714286
523246,15.567940953846154,79.39510736923077
523247,15.725566913333333,79.65018221333334
523252,15.73992045,79.78944185
523253,15.5410557,79.68361922352942
523254,15.281809366666666,79.53622881666666
523260,15.92720463,80.03165088
523261,15.855062028571428,80.06959787142857
523262,15.561713285714287,80.06003767142859
523263,15.6627930875,79.95105995
523264,15.729163261538462,79.82308160000001
523265,15.6836715,79.69213140833334
523270,15.45342538,79.77575006666666
523271,15.34349358,79.81730159333333
523272,15.492954354545454,79.99480510909092
523273,15.42026945,79.90356185
523274,15.337687233333334,80.01691086666666
523279,15.509041442857143,80.87972752857142
523280,15.377388666666667,80.10868663333333
523281,15.0706691125,79.9007385875
523286,15.4800442,80.14653576
523291,15.03689092,80.01570728
523292,15.142760319999999,79.99863562
523301,16.108768233333333,80.30942497777778
523302,16.11180805,79.966609625
523303,16.160183533333335,80.06333115
523304,15.831104499999999,79.56080983571428
523305,15.8179566,79.4702934
523315,15.77235833,79.36410556000001
523316,15.738305533333332,79.26956483333333
523320,15.836476492307693,79.2542735076923
523326,16.015502527272726,79.48568181818182
523327,15.987489199999999,79.29514197777777
523328,16.07758056,79.38650833
523329,15.751123736363636,79.20005808181818
523330,15.92979273846154,79.34109829230769
523331,15.902496028571429,79.10026587142856
523332,15.642003088888888,79.2181790111111
523333,15.669294117647057,79.07114215882353
523334,15.508384266666667,79.09377315
523335,15.68505,78.93721666
523336,15.624490744444444,79.02620678888889
523346,15.429233329999999,79.11408611
523356,15.3919791625,78.9913541625
523357,15.374067133333334,78.9225162
523367,15.289059528571428,78.89284524285713
523368,15.450902775,78.852
523369,15.381115733333333,79.03312963333333
523370,15.6008368,79.167347225
523371,15.651212966666668,79.28460185
523372,15.5368263875,78.9694375
523373,15.259486110000001,78.98903056
524001,14.45508878,79.9832848
524002,14.411330316666668,80.04983948888889
524003,14.583210900000001,80.00549622307692
524004,14.41770214,79.91058448999999
524005,14.9165278,79.9930556
524101,14.132611075,79.842194425
524121,13.716626857142858,80.00864554285714
524123,19.80944071818182,74.05103675454546
524124,14.0587639,79.940370825
524126,14.151634073333334,79.85461296
524127,13.924242240000002,80.02841835000001
524129,14.812060314285715,79.28945
524131,14.088033335714286,79.78678627857143
524132,13.971158470588236,79.55720943529411
524134,14.169633600000001,79.59660918888889
524137,14.510809208333333,79.999270175
524142,15.42432311,80.24110486
524152,14.70975862857143,79.95469174285714
524201,14.90716624,79.99111664
524203,14.83431506,80.03352526
524221,14.81274105,79.61321182500001
524222,14.76726325,79.5444184875
524223,14.8738879,79.86359490555554
524224,14.548664225,79.7500253625
524225,14.717335811111111,79.84778323333333
524226,14.7937256,79.49941232500001
524227,14.886903622222222,79.51688031111111
524228,14.65833343076923,79.68530802307693
524230,14.692268175,79.33624048333333
524234,14.747393544444444,79.74115991111111
524236,14.990360827272726,79.59531017272728
524239,14.971662720000001,79.73374844
524240,14.58636142,79.86809009
524300,14.4948518,79.3110859
524302,14.661023685,79.362172865
524303,14.588102542857143,79.46166884285715
524304,14.727703257142858,79.64321251428571
524305,14.539249172727272,79.8847826090909
524306,47.246046475,47.22127845
524307,14.681850520000001,79.52035727333333
524308,14.639183385714286,79.72477720714286
524309,14.4601758,79.73002643333334
524310,14.61788978888889,79.38962802222221
524311,14.3988814,80.08009611111112
524312,14.7046139625,79.334890575
524313,14.522479233333334,80.14272245555556
524314,14.48171321,79.9977031
524315,14.709010430769231,79.9903939
524316,14.648583683333333,79.8348094
524317,14.570995366666667,79.95618393333334
524318,14.56021157272727,80.0523303
524319,14.567598319999998,79.97709094000001
524320,14.25860978,79.85705100999999
524321,14.271277385714285,79.97111628571429
524322,14.58933034,79.67989338
524323,14.4466969625,79.834385375
524341,14.516492054545454,79.61624367272726
524342,14.391757400000001,79.53082223333332
524343,14.444911507142857,79.39332341428572
524344,14.202888866666667,79.89228355
524345,14.388891773333334,79.72847024
524346,14.355409855555555,79.99732206666667
524347,14.345567666666668,80.12005966666668
524366,14.249225628571429,80.01065134285714
524401,13.824167899999999,80.03728595
524402,14.126852336363635,79.8779527090909
524403,14.0682298,80.10468687272727
524404,13.804532827272727,79.89263232727272
524405,14.223706606666667,75.49390497333334
524406,14.335719128571428,79.82062717142857
524407,14.17782309375,79.694121675
524408,14.197817480000001,79.52352304
524409,14.264096711111112,79.76367734444445
524410,14.1114458,79.89345391666667
524411,14.169935814285713,80.02840758571428
524412,14.122984654545455,79.86400008181818
524413,14.199821657142857,80.03938825714285
524414,14.254757500000002,79.56909776666667
524415,13.993881585714286,80.06160915714285
524421,14.543702954545454,79.73862778181818
530001,17.698679466666665,83.294433
530002,17.710815925,83.304892275
530003,17.726245316666667,83.32471355
530004,17.7283414,83.30007426666667
530005,17.683354133333335,83.27553666666667
530007,17.7257172,83.2795715
530008,17.730580099999997,83.27262745
530009,17.7363493,83.23569590000001
530011,17.6889722,83.2423333
530012,17.709721585714284,83.21339538571429
530013,17.7041944,83.2965
530014,17.696269,83.32623985000001
530015,17.6900556,83.2253889
530016,17.344861133333335,82.8685648
530017,17.7368056,83.33858330000001
530018,17.7393056,83.2515556
530020,17.7214861,83.30468055
530022,17.743089349999998,83.32384404999999
530024,17.7425556,83.2939444
530026,17.6907222,83.2038056
530027,17.747896200000003,83.22263462
530028,17.7702872,83.2483274
530029,17.759691533333335,83.21633626666666
530031,17.621811466666667,83.189653
530032,17.6537185,83.14372804999999
530040,17.764236275,83.30059565
530041,17.8031667,83.3540833
530043,17.7536211,83.34728555000001
530044,17.65021246,83.21269602
530045,17.775166733333332,83.36609273333333
530046,17.6878611,83.1705833
530047,17.754238466666667,83.23049033333332
530048,17.8198358,83.35051078000001
530049,17.70933935,83.15052445
530051,17.7999241,83.2098931
530052,17.84748935,83.3337295
530053,17.691118600000003,83.2128699
531001,17.6949348,83.0017457
531002,17.68565663,76.49732804
531011,17.53492435,82.9976566
531019,17.6780269,83.07169254285714
531020,17.569747683333333,83.08510461666667
531021,17.6152281125,83.081602125
531022,17.843041377777777,82.97361647777777
531023,17.7925463,82.97591181666667
531024,18.112050921428573,82.46769162142857
531025,17.759370230000002,82.80591163
531026,17.78709512631579,82.91391905263158
531027,17.878667888888888,79.1610880111111
531028,17.865306328571428,82.79874319285715
531029,18.082820663157893,82.48580062105263
531030,17.88786265,82.9359710625
531031,17.65487924,82.90352771
531032,17.732225473333333,82.97361263333333
531033,17.615343922222223,82.98264273333332
531034,17.87186649166667,83.02873421666668
531035,17.80580533846154,83.11829083076924
531036,17.762203354166665,82.8193975875
531040,18.334206677142856,82.49198682571428
531055,17.555992852380953,82.86345958571428
531060,17.45089575,82.81618628333334
531061,17.500524527272727,82.90555214545454
531075,17.844783318181815,82.94256777272727
531077,18.17314793448276,82.76067998275862
531081,17.396234664285714,82.69629525
531082,17.479332066666668,82.73866843333333
531083,17.438843757142855,82.7595813857143
531084,17.683727268421052,82.38596531052632
531085,17.547753311111112,82.66059651111111
531087,17.65931697,82.22676473
531105,18.018623666666667,82.07801596666667
531111,17.925541383333336,82.42567201666667
531113,17.62671715833333,82.71062515833334
531114,17.7407636,82.73122217692307
531115,17.545945772222222,82.46895159444445
531116,17.573118,82.491412
531117,17.568173344444446,82.59297735555555
531118,17.725954381481483,82.58290800740741
531126,17.39766948,82.61793473
531127,17.305259966666668,82.57499153333333
531133,17.85489182222222,82.22797316666667
531149,18.26892471764706,82.92972493529412
531151,18.299016545833336,82.810386325
531162,17.92388148181818,83.35486100909091
531163,17.850747866666666,83.369774025
531173,17.824847805263158,83.20416287894737
531219,17.955627271428572,83.24847494285714
532001,18.282697912499998,83.89862152500001
532005,18.296611425000002,83.88811402500001
532122,18.526358158823527,83.63180550588235
532123,18.466149780000002,83.78491305333334
532127,18.439560033333333,83.16561187619047
532148,72.38180648333334,28.973913425000003
532168,18.35452972962963,83.75951186666667
532185,18.4081111,83.9003333
532186,18.316092163157894,83.90319039473684
532187,18.287777,83.9003333
532190,18.49733255,83.94283315
532195,18.502761442857143,84.13395825714285
532201,18.6068333,84.2365556
532203,18.60388461818182,84.20288413181818
532211,18.401235111111113,84.00366293333333
532212,18.5822703375,84.291300675
532213,18.747019975,84.0879722
532214,18.59518869,83.91133828
532215,18.75156025,84.1836756875
532216,18.428495520000002,83.37335058000001
532218,18.661738007142855,84.36912549285715
532219,18.7515556,84.48711185
532220,18.746682772727272,84.37540603636363
532221,18.7879625,84.3894457625
532222,18.29625,83.8936944
532242,18.871526433333333,84.46150916666666
532243,18.8495828375,84.51041596249999
532263,18.8831111,84.5829444
532264,18.905808466666667,84.5411049
532284,18.951260700000002,84.5815833
532290,18.9756667,84.58052771111112
532291,19.0006944,84.56741661999999
532292,18.95177711428571,84.63172202857142
532312,19.116148664705886,84.68067850588237
532322,19.0113611,84.69025
532401,18.287777114285714,83.91250714285714
532402,18.341849985714287,83.81674681428571
532403,18.22522086153846,83.78707631538462
532404,18.27308888,84.0048333
532405,18.325944542857144,84.03258827142858
532406,18.341527725,84.118444675
532407,18.196648213333333,83.69287072
532408,18.22266614,83.8701944
532409,18.141502600000003,83.63084215
532410,18.296570366666668,83.84386666666666
532421,18.390793353846153,84.03932682307692
532425,18.430378575000002,83.99189165833333
532426,18.550500785714284,84.03076151428571
532427,18.543916466666666,84.01327766666667
532428,18.643843275000002,84.00169495
532429,18.374889075,84.1046944
532430,18.326108108333333,83.96607915833333
532432,18.535944383333334,84.01666676666666
532440,79.40138999999999,22.932915553333334
532443,76.57131048888888,25.913826544444444
532445,18.547928308333333,83.80611989166667
532455,18.7131068,83.87694293333334
532456,18.77284487142857,83.84099937142857
532457,18.792969633333332,83.92411305
532458,18.354484014285713,83.89576548571428
532459,18.677422546666666,83.89018555999999
532460,80.40777878,21.96189578
532461,74.31491745714285,27.916742057142862
532462,69.65894277999999,25.13746167
532474,18.465555533333333,84.08450368333332
532484,18.35425775,83.24692821
533001,16.95312778,82.23889446000001
533002,16.93525,82.2340185
533003,16.95035065,82.161751975
533004,16.833847249999998,82.0582083
533005,16.87926175,81.85911349999999
533006,16.938951514285712,82.18233599999999
533007,16.960528,82.248674
533016,16.99589815,82.17766018333333
533101,17.0023348,81.8447351
533102,17.097429025,81.879560275
533103,17.008268533333332,81.79168516666667
533104,17.0105,81.7724444
533105,17.06038135714286,81.85808877142857
533106,17.0248111,81.81185926666667
533107,17.01589361666667,81.86939963333333
533124,17.02746945,81.95450695
533125,16.94120555,81.7942639
533126,16.88403278,81.82598055999999
533201,16.578018516666667,81.99818518666666
533210,16.44447222,81.973
533211,15.99480556,79.98430556
533212,16.58325,82.15811111
533213,16.57019444,82.04819444
533214,16.59336111,81.94877778
533215,16.53230556,81.97483333
533216,13.64086111,82.10094444
533217,16.51708333,81.98852778
533218,16.54886111,81.9785
533220,16.62125,82.18055556
533221,16.58197222,81.96205556
533222,17.69897222,83.28530556
533223,16.7013889,81.8893333
533228,16.68419444,81.94169444
533229,16.7013889,81.8893333
533232,16.810041855555554,81.8923837
533233,16.953925933333334,82.01567593333333
533234,16.854763900000002,81.87185417500001
533235,16.83341667,81.78688889
533236,16.78008333,81.80188889
533237,16.77844444,81.82466667
533238,15.80966667,79.97033333
533239,16.63647222,81.94933333
533240,16.57463889,81.88463889
533241,16.64791667,81.96513889
533242,16.47786111,81.83963889
533244,16.466,81.82877778
533247,16.7013889,81.8893333
533248,16.44316667,81.91394444
533249,16.505041665,81.878944445
533250,16.7013889,81.8893333
533251,16.42425,81.7185
533252,16.40347222,81.77913889
533253,16.40433333,81.80602778
533254,16.7013889,81.8893333
533255,16.8350833,82.0310833
533256,16.873186060000002,82.04361066
533260,16.73539305,82.1474375
533261,16.84713334,81.98169444
533262,16.799168650000002,82.08372222142857
533263,16.74256945,82.0561125
533264,17.145766666666667,81.96451296666667
533274,16.7013889,81.8893333
533284,17.2755791625,81.847903475
533285,17.312239816666665,81.99250231666666
533286,17.281148608333336,81.94055092500001
533287,17.25073412857143,81.57774285714287
533288,17.436333775999998,81.776118
533289,17.171833836363636,81.81700151818183
533290,17.2404926,81.78225351666667
533291,17.0149,81.99440265999999
533292,17.1111986,81.82820695
533293,17.10193666,81.74886
533294,17.06969056,81.91891944
533295,17.633702466666666,81.73624444444445
533296,17.052826800000002,81.87511876666667
533297,17.263159685714285,82.13925825714286
533305,16.804330866666664,82.00894753333334
533306,16.8064,81.95232593333334
533307,16.79046666,81.93045556
533308,16.85564444,81.93770334
533309,16.87011945,82.04273195
533339,17.33825165,81.69454965
533340,16.944439816666666,81.96753426666668
533341,16.95177036666667,81.89615093333333
533342,16.9329486125,81.9641986125
533343,16.97824444,82.00582778
533344,16.919187655555554,82.07489937777777
533345,16.910187033333333,82.02572776666666
533346,16.97657556,82.06700556
533347,17.468663233333334,81.22363866666667
533348,17.9415687,81.83266346666666
533349,17.518940999999998,81.36983599999999
533350,17.61371736666667,81.25559644444444
533351,18.29995049,82.46202763
533352,17.958216380952383,81.49225865714286
533353,17.03738,81.93148
533354,17.263309,81.78336
533355,16.7354,82.03448
533401,17.317524716666668,82.41314196666667
533406,17.322252316666667,82.37873703333334
533407,17.457349999999998,82.45684166999999
533408,17.219965366666667,82.45466573333333
533428,17.346472916666666,81.96283773333333
533429,17.268361108333334,81.99449074166667
533430,17.2644127,82.22025952857143
533431,17.18527278,82.1438
533432,17.25404954,82.19019276
533433,17.13696296666667,82.19100463333332
533434,17.012095242857143,82.14861508571428
533435,17.261785335714286,82.19545212857143
533436,17.500271614285715,82.18242333333333
533437,17.09762409411765,82.12692262352941
533440,17.0524111,81.9101111
533444,17.22794445,82.29675695
533445,17.154937966666665,82.24831573333334
533446,17.35611565454545,82.39368484545454
533447,17.019358875,81.986405125
533448,17.101465275,82.3464236
533449,17.183396933333334,82.15964316666667
533450,17.01711954117647,82.18466957058823
533451,17.186804,82.271624
533461,17.244120366666667,82.64392593333334
533462,17.418245366666667,81.84838888333333
533463,16.765375733333332,82.26400888333335
533464,16.78531585,82.14536719166667
533468,16.828875,82.15736110833333
533483,17.55936666923077,81.87567692307692
533577,16.63136111,82.02533333
534001,16.71169443333333,81.10683333333333
534002,16.69121556,81.110435
534003,16.732858333333333,81.06439166666667
534004,16.681791666666665,81.14520833333333
534005,16.718361100000003,81.10900000000001
534006,16.712590275,81.1
534007,16.683256357142856,81.12788491428572
534101,16.831458325,81.5105833
534102,16.854030884615383,75.8713237
534111,16.939116175,81.4653812
534112,16.9122765875,81.1766904
534122,16.6250117225,81.7451587775
534123,16.6143959725,81.810115195
534124,16.657300088,81.654691222
534126,16.602501542857144,81.77445434285714
534134,16.685316351666668,81.58563600916666
534145,17.118326283333335,81.62771736666666
534146,16.852556,78.61031825
534156,16.776011,81.60694451666667
534165,16.762705233333335,81.4720671
534166,16.58472242857143,81.14926095714286
534176,29.800311339999997,68.37040286
534186,16.65851658571429,81.52136677142857
534195,16.730416724999998,81.403518125
534196,16.76161435,81.5928745625
534197,16.70179478,83.10639832000001
534198,16.121333584615385,81.23994226153846
534199,16.60075008090909,81.46252056545455
534201,16.54150926,81.51678703666666
534202,16.54463796857143,81.52365841285713
534204,16.542194260000002,81.49054140666668
534206,16.544212740000003,81.403765555
534207,16.472669804,81.60182979999999
534208,16.513889223333333,81.50323773999999
534209,16.563134593333334,81.46623263
534210,16.5816647775,81.56700636000001
534211,16.754044443999998,81.686783332
534215,16.66969444,80.77872222
534216,16.77931825,81.5652010275
534217,16.696182426666667,81.69926157333333
534218,16.75756989,81.750919055
534222,16.725227945,81.678950055
534225,16.67320475,81.63984448625
534227,16.7686539175,81.43693225
534230,16.60397964,81.4709664175
534235,16.613254707272727,81.43084580818181
534236,16.495982378,81.3920344
534237,16.539118851666668,81.40455074
534238,16.6156610825,81.6304989175
534239,16.449828333333333,81.505444
534240,16.586296555,81.3760464175
534243,16.538509312,81.599410422
534244,16.544703296666665,81.56918337
534245,16.526514073333335,81.63743689
534247,16.57288136,81.6407415275
534250,16.552671353636363,81.4911188790909
534260,16.51999074,81.72770369999999
534265,16.47033665142857,81.73570342857144
534266,16.527004642222224,81.69325440777777
534267,16.702159518333332,81.039590055
534268,16.496753697272727,81.77854523272727
534269,16.599499593333334,81.83883326
534275,16.436237549285714,81.69951293357143
534280,16.402943475714288,81.64610355571428
534281,16.404639481666667,81.56064614833333
534301,16.971451769230768,81.75081375384616
534302,16.92064815384615,81.70926213076925
534305,16.954996983333334,81.57523526666667
534311,17.16903222,81.49287333
534312,17.06050882352941,81.53768614117648
534313,16.911067080000002,81.57701964
534315,17.28195857142857,81.62850650714286
534316,17.053366408333336,81.34037303333334
534318,17.322978725,81.72843870833334
534320,16.65987611111111,81.74219897555555
534324,16.477963966666668,81.5565844
534326,16.65772322333333,81.81567922333333
534327,16.58418472,81.767976665
534328,16.742860481666668,81.73800774
534329,16.840677028571427,81.71643872857143
534330,16.71233276,81.76935053666666
534331,16.809850733333334,81.71216993333333
534338,16.58608063,81.70973285333334
534340,17.03950247,81.66450451
534341,17.179813857142857,81.17343062857142
534342,16.989520066666667,81.6765001
534350,17.0130704,81.72671853333334
534401,16.82173222,81.31371222
534406,16.7676254,81.46822777142857
534411,16.6516306375,81.460189375
534416,16.814425,81.3755278
534425,16.823627775,81.2865895875
534426,16.956572780000002,81.28595944
534427,16.76542888,81.2474
534432,16.766790274999998,81.18044305000001
534435,16.839321825,81.12100137499999
534437,16.641287372727273,81.08932474545455
534442,16.7381,81.19702036666666
534444,17.533822,81.1737824
534447,17.1150556,81.2971944
534448,17.118019842857144,81.31847897142858
534449,16.972823339999998,81.17597
534450,16.783915871428572,81.13710714285715
534451,17.031859725,81.5063743
534452,16.861077783333332,81.23231018333334
534455,17.127994277777777,81.29188887777778
534456,17.21903372857143,81.1324127
534460,17.1005141,80.40988162307691
534461,17.015042857142856,81.06932381428571
534462,16.742256177777776,80.6205395111111
534467,17.19281972,81.12270874
534475,16.79912937142857,81.05032618571428
535001,18.11480555,83.40545829999999
535002,18.11171935,83.41302575
535003,18.142497366666664,83.38198553333334
535004,18.093274042857143,83.36868314285714
535005,17.754063354545455,83.00544418181818
535006,18.092452133333335,83.45978171666667
535101,74.82752814666667,26.980968893333333
535102,76.2167679,25.62054691111111
535124,76.22790382222223,25.538196044444444
535125,76.36926543333334,25.56131296666667
535126,74.25000794285714,27.781
535128,74.86477852,27.043287406666664
535145,18.290945716,83.024051804
535148,18.056115014285716,82.07438837142857
535160,21.758106325,74.8273986
535161,17.990951919999997,82.95785790666667
535183,21.24304588,83.24070726
535204,18.101829766666665,83.56671045555555
535213,18.092308133333333,83.40831356666666
535214,17.791131225,82.9123802
535215,17.65069299285714,82.90142952142857
535216,17.594391475,83.00658568333334
535217,18.1931659125,83.46925139375
535218,18.201772292857143,83.53223514285715
535220,18.294931533333333,83.07482508888889
535221,18.186694675,83.32846755
535240,17.937333860000003,83.26151261
535250,18.061623333333333,83.21904972666667
535260,19.09102297777778,82.1226631888889
535270,17.451973965,82.3547363
535273,18.2123821,83.00453435454546
535280,18.1033017875,83.3737226
535281,18.10838501111111,83.20973171111112
535463,78.84691349285715,23.31547857142857
535501,34.944148625000004,67.2655264
535502,76.25433147777778,25.97312098888889
535521,80.53373813181818,21.861409177272726
535522,72.58777593333333,29.51496296666667
535523,80.55628470476191,22.078956876190475
535524,77.08297611,25.36926722
535525,74.83985776,27.39326575333333
535526,75.4397970875,26.9245838875
535527,78.72061905,23.349434314285713
535534,79.40597888666666,23.169881186666668
535546,79.57862189411765,22.458935947058823
535547,78.31332606923077,23.644946584615386
535557,79.24579555333334,22.930661853333334
535558,18.5744722,83.3570278
535559,79.10053355333334,22.901442813333336
535568,72.6374,29.35822315
535573,78.02174074166668,23.983262033333332
535578,77.94733240833334,23.887424999999997
535579,79.47531535882352,22.281982023529412
535580,21.56981917,83.29897278
535581,18.5099919875,83.44409276249999
535582,18.379697,83.389928
535591,76.38759297894737,25.33568157894737
535592,72.33830093333333,29.24447406666667
535593,78.19102606923077,23.60036282307692
535594,74.25148174285714,28.027329199999997
560001,12.90389827,77.63319888
560002,12.90251005,77.62528955
560003,13.00221075,77.57430500000001
560004,12.948536025,77.573275025
560005,13.0007222,77.6161389
560006,13.0159722,77.7877639
560007,12.56522223,77.36783333
560008,12.567035650000001,77.3746759
560009,12.973203,77.5818115
560010,12.984637666666666,77.554976
560011,12.93360415,77.5845644
560012,13.01383,77.56654
560013,13.0576605,77.54969249999999
560015,13.046435,77.522697
560016,13.001314800000001,77.68106483333334
560017,12.55568055,77.3439861
560018,12.96048845,77.56056025000001
560020,12.988456,77.574647
560021,13.0007905,77.5593565
560022,13.0240125,77.54863549999999
560023,12.975571,77.560338
560024,13.039413166666668,77.426971
560025,12.697629633333333,77.74201853333334
560026,12.948530633333334,77.53520143333334
560027,12.959349833333334,77.59590303333333
560029,12.9298436,77.6047023
560030,12.9485278,77.6017222
560032,12.9952766,77.61784365
560033,13.0079444,77.1098333
560034,12.92527,77.632476625
560035,12.9075116,77.6956776
560036,13.00795835,77.6909861
560037,12.80383224,77.5818028
560038,12.9447222,77.5740278
560040,12.967452666666667,77.53705833333333
560041,12.9230005,77.5900165
560042,12.982047,77.61238
560043,12.993509266666665,77.62041666666666
560045,13.0325833,77.6208056
560046,12.1526111,78.0098056
560047,12.95006945,77.5948611
560048,12.9938292,77.70749165000001
560049,12.483143325,77.4312051
560050,12.94055695,77.557388125
560051,12.1553889,78.0118056
560053,12.9688913,77.5730899
560054,13.031143666666665,77.55836699999999
560055,13.009049,77.562867
560056,12.954820999999999,77.50067425
560057,13.046494,77.512775
560058,13.020583333333335,77.51902033333333
560059,12.9249093,77.4992098
560060,12.918339666666666,77.47234473333333
560061,12.90399465,77.5466644
560062,12.90703085,77.57482425
560063,13.173388899999999,77.8083611
560064,13.114503214285715,77.57441101428572
560065,13.0685556,77.5688056
560066,12.569580349999999,77.4314833
560067,12.57902815,77.4656072
560068,12.902451200000002,77.63206993333334
560070,12.926719866666666,77.56525429999999
560071,12.1669167,77.1099722
560072,12.955172,77.515643
560073,13.1510365,77.53297975000001
560074,12.876161033333332,77.43881713333333
560075,12.56356945,77.38526390000001
560076,12.8914551,77.5978292
560077,13.065169633333333,77.6423391
560078,12.908709733333334,77.58513126666666
560079,12.987737000000001,77.533499
560080,12.1525556,77.9887222
560081,12.801736,77.70425
560082,12.833533,77.5116509
560083,12.8118469,77.58825621999999
560084,13.01193055,77.6272222
560085,12.934523266666666,77.54511986666667
560086,13.006756500000002,77.54643250000001
560087,12.996556325,62.500510899999995
560088,13.133999,77.478801
560089,13.133524,77.491132
560090,13.086295,77.497311
560091,12.993755333333333,77.48054766666667
560092,13.008474399999999,77.551529325
560093,12.9861389,77.6521667
560094,12.5520278,77.77001385
560095,12.9384536,77.6191488
560096,13.011426,77.535877
560097,13.079368,77.559539
560098,12.912983966666667,77.51539773333333
560099,12.840139950000001,77.69754979999999
560100,12.8400702,77.6635448
560102,12.9141099,77.6371518
560103,12.9299167,77.6754444
560104,12.964979,77.538072
560105,12.78555482,77.64550528
560107,13.08936,77.485858
560108,12.8624365,77.564426
560109,12.8684125,77.5381189
560110,12.958211,77.47564
560111,12.8963107,77.559239
560112,13.267672,77.55238
560113,13.025073,77.659665
560114,12.870465,77.6269058
560115,13.0469264,77.5454255
560116,12.77767226,77.50921542
560117,12.9611376,77.82476779999999
560300,13.1989444,77.704
560500,12.8633196,77.6583091
561101,13.136726185714284,77.1596150857143
561201,12.79857142857143,77.24142857142859
561202,13.994824983333332,77.10036286666666
561203,13.32455952857143,77.49921627142858
561204,13.306923076923077,77.3923076923077
561205,13.36504444,77.60119444
561206,13.612068075,77.5891476
561207,13.81047051875,77.84493093125
561208,13.6509832,77.50736791428572
561209,13.6211607375,77.76882865
561210,13.6001163375,77.4375034
561211,13.510520255555555,77.5946882111111
561212,13.7673663,77.98626522
561213,13.511914436363638,77.4939315090909
561228,13.622612383333333,77.70872308333334
562101,13.445901983333334,77.74507057222223
562102,13.29541428,77.88060924
562103,13.367065511111111,77.77567884444444
562104,13.620641908333333,77.78566265833334
562105,13.44800360909091,77.89446968181818
562106,12.71188889,77.71470556
562107,12.78345,77.76458334
562108,12.722708727272726,77.15464954545455
562109,12.778918983333334,77.413652775
562110,13.237267092307691,77.65855983076924
562111,13.222745723076923,77.2579188
562112,12.680097224999999,77.4778912
562114,13.082426585714286,77.8325754
562117,12.5183082,77.4022037
562119,12.418051284615386,77.52579914615384
562120,12.938357406666666,77.21113147999999
562121,12.601379633333332,77.53123611666666
562122,13.177043211111112,77.91014814444445
562123,13.107363246153845,77.36486538461538
562125,12.876205559999999,77.77850556
562126,12.445718257142858,77.33488095714286
562127,13.061759258333334,77.25521065
562128,12.885277780000001,77.29388888
562129,13.19709444,77.80247778
562130,12.956388885714286,77.43486111428571
562131,12.9925,77.15125
562132,13.229162033333333,77.30356945
562135,13.291038879999999,77.77651666
562138,12.533760684615384,77.20623717692307
562149,13.068240733333333,77.64467593333333
562157,13.1500787,77.66873148333333
562159,12.726646975,77.2682746875
562160,12.635861114285715,77.17504167142859
562161,12.6682222,77.1739722
562162,13.064493429999999,77.43805588000001
562163,13.264285714285714,77.56142857142856
562164,13.198475,77.6100245
562165,13.08332,77.739029
563101,13.139736606666666,78.08266936666668
563103,13.120365544444445,78.20697188888889
563113,12.900602625,78.26360489999999
563114,13.012866011111111,78.17206382222223
563115,12.9831296,78.23942593333334
563116,13.00575829,78.38482708000001
563117,12.9364167,78.2613611
563118,12.9740278,78.2589167
563119,12.9259444,78.2660278
563120,12.953414466666667,78.2283397
563121,12.964093125,78.3382539
563122,12.957248233333333,78.27670246666666
563123,13.519708657142857,78.13553684285715
563124,13.697209085714286,78.06988805714286
563125,13.452711808695653,78.05706486086957
563126,13.24357853076923,78.22586221538462
563127,13.14833015,78.3089295
563128,13.320373633333332,77.98745086666666
563129,12.849540260000001,78.20611471
563130,13.031131075,77.97039655625
563131,13.198944328571429,78.40723482142857
563132,13.244365433333334,78.47593855555556
563133,13.1460283,78.003009
563134,13.479364657142856,78.29494368571429
563135,13.404544716666665,78.24776588333333
563136,13.070313324999999,78.438272325
563137,12.9725754375,78.07185898750001
563138,13.305538925,78.2829683625
563139,12.870908514285714,69.43758824285715
563146,13.405005514285715,78.13526031428572
563147,12.92369048,78.15395758
563157,13.219625214285713,78.02033225714285
563159,13.535549014285715,78.00547271428572
563160,13.0034948,77.9424531
563161,13.46398744,78.22531178
563162,13.014663383333334,78.21285901666667
563163,13.0034948,77.9424531
570001,12.314868065,76.654381955
570002,12.327277775,76.62838889
570003,12.35788889,76.64455556
570004,12.299076578000001,76.64757613399999
570005,12.30388889,76.63847222
570006,12.313166684999999,76.61325
570007,12.32969444,76.66525
570008,12.84035811,76.00626211
570009,12.30272222,76.63113889
570010,12.306069445,76.66484722
570011,12.30447222,76.68044444
570012,12.323287,76.619653
570014,12.3141667,76.6565556
570015,12.33766667,76.652055555
570016,12.343041665000001,76.623208335
570017,12.33719444,76.61169444
570018,12.34213889,76.58030556
570019,12.3141667,76.6565556
570020,12.32202778,76.63747222
570022,12.3141667,76.6565556
570023,12.302555569999999,76.640694465
570025,12.28330556,76.65875
570026,12.30558333,76.59863889
570027,12.3597778,76.5955278
570028,12.29936111,76.70113889
570029,12.3141667,76.6565556
570030,12.32063889,76.60372222
570031,12.26308333,76.63911111
570032,12.323289,76.587473
570034,12.27030556,76.62611111
571101,12.33053272,76.86160022
571102,12.47388889,76.10052778
571103,12.33422222,76.45505556
571104,12.42836111,75.99708333
571105,12.30611111,76.29138889
571106,12.3027222,76.6311389
571107,12.33691667,76.10005556
571108,12.43505556,76.19119444
571109,11.93136111,76.67022222
571110,12.23977778,76.89244444
571111,11.810083335,76.69111111000001
571114,12.2963,76.6345
571115,12.04383333,76.98
571116,11.98916667,76.35025
571117,11.959957,77.019362
571118,12.05881411,76.698506165
571119,12.09652778,76.809
571120,12.24061111,76.90994444
571121,12.00016667,76.39641667
571122,12.19155556,77.03072222
571123,11.81369444,76.78711111
571124,12.21294444,76.89766667
571125,12.12155556,76.48022222
571126,11.74513889,76.64902778
571127,11.87788889,76.95477778
571128,11.93913889,76.80647222
571129,12.14622222,76.76633333
571130,12.35958333,76.54091667
571134,12.35641667,76.29147222
571187,12.56208333,76.02316667
571189,12.218483335,76.34594722
571201,12.417874671176472,75.71612201
571211,12.240437845555554,75.84951772555556
571212,12.237484528571429,75.70025038428571
571213,12.197901025555556,75.94057160888889
571214,21.374661144285714,75.66598765714285
571215,12.240770145,75.9199133175
571216,17.92251587090909,75.96323499363636
571217,12.009294905,75.9997584325
571218,12.190738115714286,75.80343088000001
571219,12.135683610000001,76.0539208775
571231,12.793821013333334,75.91282373666667
571232,12.521116112857143,75.96813946285714
571234,12.434411112000001,75.918589763
571235,12.704175479090908,75.9087758690909
571236,12.614135435555555,75.84083164500001
571237,12.449162902857143,75.84243792
571247,12.392165878,75.53123677800001
571248,12.297443345,75.82825026500001
571249,12.059013215555556,75.93674663
571250,11.97285997,76.02385892666666
571251,12.519646322307693,75.79541545923077
571252,12.31482811375,75.76430517375
571253,12.305557324444445,75.87662826333333
571254,12.2211022775,75.9966541675
571301,12.1195,76.677263885
571302,12.16777778,76.6775
571311,12.193,76.66647222
571312,12.033,76.79875
571313,12.1613889,77.1105833
571314,12.09680556,76.55677778
571315,12.3141667,76.6565556
571316,12.1613889,77.1105833
571320,12.076766766666665,77.25245543333334
571342,12.1613889,77.1105833
571401,12.521666666666667,76.89
571402,12.535,76.9
571403,12.526281,76.913753
571404,12.547558,76.931053
571405,12.548653999999999,76.80751933333333
571415,12.412632,76.816877
571416,12.707003,76.814572
571417,12.258586,77.122535
571418,12.98,76.73
571419,12.63636,76.994723
571421,12.426745,77.228689
571422,12.482166,77.035631
571423,12.76,76.43
571424,12.37,76.95
571425,12.730084,76.958719
571426,12.66,76.49
571427,12.46,76.65
571428,12.59,77.05
571429,12.6,77.05
571430,12.385000000000002,77.05
571431,12.66,76.65
571432,12.82,76.76
571433,12.62,77.09
571434,12.5,76.67
571435,12.46,76.78
571436,12.81,76.58
571438,12.42,76.68
571439,12.08980556,77.30216667
571440,12.1615,77.11025000000001
571441,12.04702778,77.03075
571442,12.12491667,77.07455556
571443,12.13319444,77.22969444
571444,12.00411111,77.39308333
571445,12.82,76.87
571446,12.64,76.92
571448,12.96,76.73
571450,12.595595,76.939869
571455,12.54,76.6
571457,11.87758333,77.26088889
571463,12.27,77.02
571475,12.399955,77.136048
571476,12.7,77.07
571477,12.387159800000001,76.67351595
571478,12.47,76.87
571490,12.04586072,77.78963949999999
571601,12.12155556,76.48119444
571602,12.44016667,76.38077778
571603,12.53736111,76.32705556
571604,12.3141667,76.6565556
571605,76.39,12.62
571606,12.39,76.71
571607,12.41,76.58
571610,12.39619444,76.33641667
571617,12.504,76.29241667
571802,12.88,76.63
571807,12.43,76.7
571811,13.02,76.74
571812,12.56,76.53
572101,13.0798889,76.38358333333333
572102,13.248468216666666,76.70895595
572103,13.11301385,75.5763056
572104,13.231778144444444,76.89063704444445
572105,13.277933433333333,76.68881143333334
572106,13.268508383333334,76.66616228333334
572107,13.375936325,77.0346215375
572111,12.909256150000001,76.71986656428571
572112,13.595141245454545,77.18725846363637
572113,13.5151814,77.0795566
572114,13.308081,76.6309878125
572115,13.66890746,77.19190532
572116,14.0456644,77.10588328666667
572117,13.35788199090909,76.8822580090909
572118,13.333923614285712,77.08746098571429
572119,13.378576790909092,76.67546206363636
572120,13.091721644444444,76.77517442222222
572121,13.567046911111111,77.30823779999999
572122,13.515354799999999,77.326853025
572123,13.07507663076923,76.91595553846153
572124,13.669960885714286,77.31161592857143
572125,13.676161176923076,77.13003124615385
572126,12.99359608888889,77.08479864444445
572127,13.674746091666668,77.14748626666666
572128,13.425599728571429,77.07193425714286
572129,13.595932538888889,77.27091047222221
572130,13.086024444444444,77.03522450555555
572132,13.658459486666667,77.21470776666666
572133,13.831581714285715,77.19979664285714
572134,13.189209525,76.94340174999999
572135,13.97221664,77.07415389
572136,14.223161529999999,77.37006224000001
572137,13.681298970588236,77.0749892
572138,13.7185271875,76.8653913375
572139,13.7047441125,76.894901975
572140,13.501274433333332,77.10575677777778
572141,14.290204728571428,77.1747432
572142,13.204272,76.778269675
572168,13.3168611,77.1086389
572175,13.711694399999999,77.317491925
572201,13.158670836842106,76.61452775789473
572211,13.157317433333333,76.42073125
572212,13.148147866666667,76.74957558333334
572213,13.186227536363635,76.87653099090909
572214,13.354257071428572,76.76851872857142
572215,13.272983322222222,76.67845753333333
572216,13.24425595882353,76.7933965
572217,13.448446533333334,76.43990341666667
572218,13.401054944444445,76.47339794444444
572219,13.27223844,76.9255716
572220,13.252770933333332,76.8948775
572221,13.071029721428571,76.84674862857142
572222,13.264534225,76.773062025
572223,13.1186992375,76.9323539125
572224,13.299567807142855,76.67873097142856
572225,13.210666316666666,76.66642611666667
572226,13.270571200000001,76.74151331666667
572227,13.232940189999999,76.67955541
572228,13.2147132875,76.8120618375
573101,13.0443287,75.77844445000001
573102,12.751964505555556,76.08123302222222
573103,13.323690275,76.26493889
573111,13.0531666625,76.33250695
573112,13.4223993,76.1740625
573113,12.731333325,76.1375139
573115,13.16090195882353,75.8252973882353
573116,12.903307188235294,76.39057025882353
573117,13.484672219999998,76.35241665999999
573118,13.0774166625,76.2127638875
573119,13.186157399999999,76.34553703333334
573120,12.840841271428571,76.09814682857143
573121,13.212669439999999,76.01319722000001
573122,13.25776667,76.17657778
573123,12.7821076375,75.7508958375
573124,12.945734566666665,76.57483951111111
573125,13.3052013875,76.0921145875
573126,13.414541666666667,76.35345833333334
573127,12.990625,75.7937986
573128,12.909731477777777,76.05020062222222
573129,12.848686514285715,75.89784127142858
573130,12.626164145454545,760.4643459636364
573131,13.0497338,76.46542360833332
573133,12.617061119999999,76.089
573134,12.9066423625,75.7685954875
573135,12.851585854545455,76.49432323636364
573136,12.723051585714286,76.16494047142858
573137,12.74779321111111,75.84416048888889
573141,13.047422220000001,76.56347778
573142,12.688034725,76.06538195
573144,13.48061112,76.29541112
573162,13.13255555,76.217159725
573164,13.08092778,76.38721666
573165,13.021384266666667,75.67858333333334
573201,13.002816669999998,76.25930278999999
573202,12.8713148,72.19789816666666
573210,12.74142222,76.32747778000001
573211,12.788123455555557,76.24640123333333
573212,12.977259255555555,76.16000617777779
573213,13.00853333,75.98000556000001
573214,12.943507942857142,75.8710396857143
573215,13.0774375,75.8767291625
573216,13.125641669999998,75.97540278
573217,13.016486116666668,76.03809721666666
573218,12.915841271428572,75.95999602857144
573219,13.103657411111111,76.1008858
573220,12.94089444,76.22728334000001
573225,12.980666662500001,76.27625695
573226,13.011066660000001,76.17801112
574101,13.30343025,75.01966633333333
574102,13.273948100000002,74.90249374
574103,13.107705966666666,74.78223366666667
574104,13.2132788,74.9974042
574105,13.28007756,74.75984464000001
574106,13.2276304,74.76323076666667
574107,13.16812372,75.0805552
574108,13.366866066666667,74.94582683333333
574109,13.1082417,75.1659006
574110,13.162402816666665,74.86069245
574111,13.147656575,74.797907125
574112,13.1281111,74.8123889
574113,13.177884533333334,74.81735959999999
574114,13.1633701,75.01793433333334
574115,13.251662699999999,74.7853857
574116,13.226205842857143,74.82705831428572
574117,13.19450805,74.76386255
574118,13.30772902,74.74808364
574119,13.17300005,74.77035515
574122,13.2134294,75.08985720000001
574129,13.141975233333334,74.95240296666667
574141,13.089805733333334,74.85975140000001
574142,12.970316525,74.879368425
574143,12.876601916666667,74.96325586666667
574144,12.990822611111112,74.95744372222222
574145,12.928308399999999,74.94064493333333
574146,13.041466525,74.8029264
574148,13.044996,74.870751
574150,13.0642705,74.83719507500001
574151,12.963112225,74.9329157
574153,12.80939775,74.96182308333333
574154,13.0941299,74.80913984285714
574197,13.0486414,75.05146652
574198,12.89145686,75.33678230000001
574199,12.825025057142856,74.92499767142859
574201,12.7568593,75.20122366666668
574202,12.745123445454546,75.27421596363637
574203,12.770993225,75.192957175
574210,12.70321025,75.25172256249999
574211,12.914639086666666,75.0575334
574212,12.6635706,75.38208771666667
574213,13.26299535,74.914230575
574214,13.036413300000001,75.31033717
574216,12.94280686,75.41735484
574217,12.994779516666666,75.23069856666667
574218,12.60673521111111,75.56519814444444
574219,12.9105203625,74.991106575
574220,12.79322152,75.15918898
574221,12.772073185714286,75.37598465714287
574222,12.823030220000001,75.06596732
574223,12.6424383,75.27911444
574224,12.95258512,75.20601122000001
574225,13.034139,74.966583
574226,13.096701233333334,74.94156266666667
574227,13.0554024,74.9780761
574228,12.9630513375,75.375837425
574229,12.828291742857143,75.44760987142857
574230,12.783020279999999,75.40140044
574231,12.861705985714284,75.03333477142857
574232,12.673383183333334,75.47855825
574233,12.93530255,75.173634725
574234,12.501101525,75.528791025
574235,12.72987525,75.08860535
574236,13.089275957142858,75.10289688571429
574237,13.001791825,75.047394025
574238,12.669073225,75.5948371
574239,12.566215318181817,75.36168408181818
574240,12.9875881,75.3312245
574241,12.831535859999999,75.28842531000001
574242,13.031387177777779,75.14844437777778
574243,12.738596054545456,75.1055082090909
574244,13.253768866666666,74.8944948
574248,12.588883000000001,75.46438490000001
574253,12.83519212857143,75.12065418571429
574259,12.723803725,75.1115397
574260,12.698115966666668,75.10300493333334
574265,12.92262075,75.12147835
574267,13.004513,74.966025
574274,12.987190325,74.9783206
574279,12.7421895,75.02866833333333
574285,12.8063926,75.1903288
574313,12.605811699999999,75.22635756666666
574314,12.513901175,75.4476197
574323,12.792823916666668,75.02919028333334
574324,12.96225874,75.09214548
574325,12.826645383333334,75.19835296666666
574326,12.88378955,75.2353610625
574327,12.55425,75.3845833
574328,12.72307715,75.39854323333334
574509,13.0128279,74.87517745
575001,12.859933459999999,74.84127172
575002,12.86636175,74.858171525
575003,12.87952805,74.83572865
575004,12.886648,74.841299
575005,12.8834722,74.8757222
575006,12.9026944,74.8356389
575007,12.863922383333332,74.89026141666666
575008,12.899695666666666,74.86556126666666
575009,12.853372,74.878526
575010,12.946730800000001,74.81001499999999
575011,12.96257235,74.83066819999999
575013,12.900291266666668,74.83198136666668
575014,12.9910106,74.8052242
575015,12.93238485,74.8558359
575016,12.896589,74.875115
575017,12.824947833333333,74.87934746666667
575018,12.791064566666668,74.90814076666668
575019,12.96506475,74.81388849999999
575020,12.8203889,74.84175
575022,12.80345335,74.8611038
575023,12.776285,74.87346663333334
575025,13.0088333,74.7932778
575028,12.916382866666666,74.8959837
575029,12.897866740000001,74.92862104
575030,13.0076052,74.83603125714285
576101,13.334598100000001,74.7530181
576102,13.34926065,74.761728775
576103,13.339129825,74.733638875
576104,13.35571485,74.78557265
576105,13.386347816666666,74.74878460000001
576106,13.36677785,74.7180587
576107,13.340643799999999,74.81693572857144
576108,13.3504669,74.70609676666668
576111,13.17771695,74.8844672
576112,13.460842644444446,75.00238680000001
576113,13.325415283333333,74.87153558333334
576114,13.394671,74.736873
576115,13.3991761,74.70339146666667
576117,13.245395042857142,74.9860488
576120,13.2843395,74.8146076
576121,13.129214225,74.87959352499999
576122,13.2534557,74.75789900000001
576124,13.379208066666665,74.86922378333334
576201,13.628896333333335,74.69162953333334
576210,13.498828018181818,74.76610019090909
576211,13.631564325,74.76827448750001
576212,13.535842557142857,74.94717215714286
576213,13.431780336363637,74.75148563636364
576214,13.852867642857143,74.65789788571429
576215,13.409634975,74.853810125
576216,13.654129,74.667504
576217,13.6118651,74.70191105
576218,13.44151515,74.69961814999999
576219,13.798988057142859,74.6469512
576220,13.862706,74.811087
576221,13.5314214,74.7103368
576222,13.581875766666668,74.78872403333334
576223,13.505746133333334,74.83065316666666
576224,13.74705875,74.6538227
576225,13.50317354,74.72205434
576226,13.470309624999999,74.707529175
576227,13.609450066666668,74.89695038333333
576228,13.95689,74.58026
576229,13.6173696,74.86958792
576230,13.637395125,74.7132712375
576231,13.553172674999999,74.727687875
576232,13.839289666666666,74.62670633333333
576233,13.743639072727273,74.784162
576234,13.470010049999999,74.86706958333333
576235,13.700627359999999,74.68307672
576247,13.68306805,74.66683405
576257,13.568563900000001,74.7073493
576282,13.71201675,74.94843415
576283,13.669709716666667,74.7874306
577001,14.931633725,76.5862527
577002,14.188894075,76.042788575
577003,14.457857950000001,75.9323249
577004,14.454627980000001,75.91133995999999
577005,13.6972974,76.82949965
577006,14.21018965,75.7346278
577007,14.305969650000002,76.17002034999999
577101,13.315252706666666,75.76173700666666
577102,13.323387675,75.80390307500001
577111,13.243750042857142,75.6437107
577112,13.376053485714285,75.44938902857143
577113,13.1317126375,75.5598363
577114,13.318780499999999,75.354826125
577115,13.752638880000001,75.69856666000001
577116,13.6172723625,75.9769713125
577117,13.379599800000001,75.42424965000001
577120,13.512982514285714,75.25972718571428
577121,13.196163,75.43123283333334
577122,13.1631289,75.48563804
577123,13.4098829375,75.373326675
577124,13.21744976,75.36968748000001
577125,13.5803641,75.2119644
577126,13.521725957894738,75.33292464736842
577127,13.573354916666666,75.42205251666667
577128,13.7029517,75.6564494
577129,13.577204316666666,75.78235815000001
577130,13.371040957142856,75.66095737142858
577131,13.43407085,75.74549373333333
577132,13.096007995454546,75.64936990909091
577133,13.261092385714287,75.73686567142856
577134,13.6232573375,75.488709125
577135,13.4339301,75.94333985
577136,13.3907798,75.55307092000001
577137,13.49852305,75.80539385
577138,13.523356283333333,76.18620585000001
577139,13.413156605555555,75.24896980555555
577140,13.620276575,76.1485047
577144,13.720542371428573,75.70448038571429
577145,13.8020919,75.9856633
577146,13.2923057,75.9899425
577160,13.2474912,75.491139475
577168,13.386769271428571,75.9131429
577175,13.4232442,76.0737113
577179,13.263407800000001,75.40975726666666
577180,13.67129755,76.1983321
577181,13.2747778,75.3430278
577182,13.575709411111111,76.27830397777778
577201,13.945994439999998,75.57392224
577202,13.9057361125,75.5556319625
577203,13.886034725,75.5762014
577204,13.930222216666666,75.60985185
577205,13.9301389,75.01861109999999
577211,14.046354175,75.415166675
577213,13.8783854125,75.93070660000001
577214,14.07909090909091,75.36545454545454
577215,13.8503020875,76.13111458750001
577216,14.018590275000001,75.66105555
577217,14.226824073333335,75.64157962666667
577218,14.16585,75.78624443999999
577219,14.292700622222222,75.80133951111111
577220,13.766465275,75.454972225
577221,14.1386111125,75.88872222500001
577222,13.890878475000001,75.612527775
577223,14.207361108333332,75.51439814999999
577224,14.168132711111111,75.74283951111111
577225,14.076402783333334,75.51512963333333
577226,13.763513883333333,75.38774536666666
577227,13.97465833,75.71106111
577228,13.717334263636362,75.84485878181819
577229,13.896259266666666,75.66555556666667
577230,14.14302222,75.67699444
577231,14.202990733333332,75.86007406666667
577232,13.720694439999999,75.33102778
577233,13.93975556,75.72133334
577243,14.050393516666666,75.73773611666667
577245,13.85469445,75.701666675
577301,13.853022727272728,76.06000505454546
577302,13.807425933333334,75.69457406666668
577401,14.15597685,75.02703549444443
577411,13.751755560000001,75.14933334
577412,14.053416663636364,75.13060353636364
577413,14.540904036363635,75.18303535454545
577414,13.795539685714287,75.24238095714286
577415,13.637743822222223,75.30049691111111
577416,14.292398133333334,75.66603703333334
577417,14.06575556,75.17133334
577418,13.910675922222222,75.07075
577419,14.54955952857143,75.11900397142857
577421,14.1437326375,74.7954757
577422,13.84775556,75.33533334
577423,14.166354175,75.240166675
577424,13.80175556,75.18533334
577425,13.834253971428572,75.10136905714285
577426,13.990123014285714,75.29019047142857
577427,14.28388157894737,75.4047716368421
577428,14.406456142105263,75.28157894736842
577429,14.393131941666667,74.97922685
577430,14.23230555,74.92160185
577431,14.15219445,75.281666675
577432,13.6512,75.21377407333333
577433,14.311253971428572,75.31809524285714
577434,14.2598642,75.15740741111111
577435,14.175,74.64
577436,13.89839682857143,75.29238095714285
577451,13.7358889,75.6323889
577452,290.18351666,75.09132778
577453,13.911000000000001,75.203
577501,13.910142433333334,76.09942995
577502,13.951628144444445,76.44669441111111
577511,20.01758983,70.59727996
577512,14.481876985714285,76.04619797142857
577513,14.2054407,76.21181654285715
577514,14.1172542125,76.0874660625
577515,13.498962042857142,76.56877938571428
577516,14.325193089999999,75.97452748
577517,14.119132185714287,76.2627188142857
577518,13.392607316666668,76.32348746666666
577519,16.1088367875,77.4209697125
577520,14.2135639125,76.2997657125
577521,14.198942614285714,76.5122161
577522,14.251912285,76.7172783
577523,14.152241614285714,76.18675338571428
577524,14.2101959125,76.4317540875
577525,14.047821379999998,76.27306636
577526,13.915071280000001,76.3259776
577527,13.813269744444446,76.38191079444444
577528,14.310998641176472,76.42597675294118
577529,20.4995075375,68.59380271250001
577530,14.23531719,75.92577198000001
577531,16.5851417875,78.2290277125
577532,14.1709439,76.5209821
577533,13.797894529999999,76.42431196999999
577534,14.4807058625,76.7201561
577535,13.99530873,76.69695547
577536,14.130690255555557,76.77193174444444
577537,15.7778407,76.6510241888889
577538,14.23496386923077,76.81945382307693
577539,13.97215781111111,76.14272352222221
577540,14.8264207,76.74442896666667
577541,14.455498477777777,76.13198607777778
577542,13.672217144444444,76.67735852222222
577543,14.0456342875,76.6463982125
577544,14.22571112,75.90495
577545,14.049330871428571,76.60492804285715
577546,13.892856216666667,76.84507578333334
577547,13.698582744444444,76.00716623333334
577548,13.511678000000002,76.0269099117647
577549,13.83017068,76.03885762
577550,13.7093169625,76.06739205
577551,14.272222225,75.83744445
577552,14.17879167,76.00938056
577553,14.3042943375,76.3198331875
577554,13.90224755,76.24575145
577555,14.17118566,76.35579014
577556,14.176925316666667,76.86533896666667
577557,14.0681444875,76.21813785
577558,13.52353305,77.20856361666667
577566,18.41591096666667,60.07795526666666
577589,14.233239979999999,76.23286135999999
577596,13.741822575,76.69779567500001
577597,13.76613505,76.24393678333333
577598,15.644148076923075,72.60160985384616
577599,13.7604845375,76.7038069625
577601,16.38171476153846,77.75506336923078
580001,15.455152183333333,75.00706953333334
580002,15.4356122,75.01142103333332
580003,15.4380083,74.9863283
580004,15.4393987,75.0187632
580005,15.496383699999999,74.9781226
580006,15.47035305,75.01820385
580007,15.45027844,74.93427912
580008,15.464361400000001,75.00034003333333
580009,15.415724133333333,75.0520618
580011,15.53372874,74.8993062
580020,15.34705012,75.14848234000002
580021,15.360491533333333,75.12945723333333
580023,15.373096236363637,75.2212133909091
580024,15.258819927272727,75.12296721818183
580025,15.393599833333333,75.09039113333334
580026,15.3584362,75.0453445
580027,15.3510107,75.0815782
580028,15.250352111111113,75.17508735555556
580029,15.34817325,75.14326485000001
580030,15.355867833333335,75.1115258
580031,15.372921,75.12045015
580032,15.3683243,75.1376003
580112,15.5248887,75.15121134
580114,15.321273157142857,75.0029194
580118,15.3737841,74.93123198
581101,14.79858706,75.23778411999999
581102,14.72249027142857,75.21650474285714
581103,15.428036466666667,74.73735966666668
581104,14.720689528571429,75.09905036428572
581105,15.589988540000002,74.92222204
581106,14.645583600000002,75.44916353636364
581107,15.1035953,75.389537125
581108,14.855668257142858,75.59743278571429
581109,14.562944290909089,75.39519616363636
581110,14.769947364999998,75.40269049
581111,14.462080527272729,75.40531988181819
581112,14.8781073,75.425952675
581113,15.233480422222222,75.27155343333334
581115,14.658957077272726,75.63912614545455
581116,14.434389842857144,75.51196684285715
581117,15.206076750000001,75.365389875
581118,14.953078264285713,75.38044219999999
581119,14.428790420000002,75.62084695
581120,14.625424808333333,75.27892909166667
581121,12.6155,74.8345
581123,14.527561716666668,75.75137385000001
581126,15.066035266666667,75.30782832222222
581128,14.824481433333332,75.48362683333333
581129,12.6155,74.8345
581145,14.5683399,75.71467476666668
581148,14.760828828571428,75.27682824285715
581186,12.6155,74.8345
581187,12.6155,74.8345
581193,14.998267720000001,75.14626434
581195,15.315252725,75.389758525
581196,15.218474200000001,75.0555662
581198,14.738484025,75.502921775
581199,14.827658675,75.186016525
581201,15.58592852857143,66.59210472857143
581202,14.892624371428571,75.27552007142857
581203,14.887222433333335,75.13468088333333
581204,15.180525811764706,74.96990728823529
581205,15.027864450000001,75.22169398333334
581206,15.596564019999999,74.99578954
581207,15.206051699999998,75.16589088333333
581208,14.535407425,75.56868350833334
581209,15.42866798,75.3192453
581210,14.34678598888889,75.50651982222222
581211,14.687960466666667,75.7616775
581212,15.1286971,75.126582
581213,14.907663785714286,75.55314741428572
581237,14.99546525,75.49688583833334
581301,14.813234733333333,74.1311541
581302,14.79834875,74.11218165
581303,14.8370278,74.1321667
581304,14.8313606,74.1434231
581306,14.81396825,74.1578612
581307,14.7877735,74.1278145
581308,14.771757000000001,74.1586863
581314,14.711210728571428,74.46320547857144
581315,12.6155,74.8345
581316,14.7247919,74.281229225
581317,14.895760785714286,74.22581319999999
581318,14.37,74.5
581319,14.5819314125,66.8549112875
581320,13.98718162,74.56505187333333
581321,14.69973805,74.27588315
581322,12.6155,74.8345
581323,14.40941395,74.52447210000001
581324,14.7653245,74.21341559999999
581325,15.251804,74.627155
581326,14.5410496,74.34069606666667
581327,14.3551603,74.420538
581328,14.8845127,74.222163325
581329,12.6155,74.8345
581330,14.468713533333334,54.4308545
581331,12.6155,74.8345
581332,14.406439420000002,74.43427082000001
581333,14.510211942857142,74.4218466
581334,14.28362509375,74.51049114375
581335,14.26787398,74.48920744
581336,14.42,74.46
581337,12.6155,74.8345
581338,14.3743448,74.46112578
581339,14.854884,74.2126685
581340,14.31,74.5
581341,14.317653625,74.43644785000001
581342,14.248399019999999,74.44650666
581343,14.419907175,74.41099332499999
581344,14.6024023,74.410859575
581345,14.8849716,74.11256176666667
581346,15.42,75.63
581347,14.85694444,74.81725
581348,14.19157552,74.48484805999999
581349,12.6155,74.8345
581350,14.123925166666666,74.49262363333334
581351,14.483950916666666,74.37443841666668
581352,14.862813166666667,74.134901
581353,14.621583566666667,74.3124498
581354,14.037269675,74.53006815
581355,12.6155,74.8345
581356,12.6155,74.8345
581357,14.61953188,74.36362736
581358,12.6155,74.8345
581359,14.963,74.71483333
581360,14.8070363,74.48217476666667
581361,14.290518520000001,74.51578914000001
581362,14.454313966666668,74.46116318888889
581363,15.71,74.39
581365,15.1,74.29
581384,14.24250188,74.64043613999999
581396,14.9110495,74.34761040000001
581400,14.894148340000001,74.30486671999999
581401,14.620164110000001,74.83000172
581402,14.739777,74.879436
581403,14.60547222,74.82425
581411,15.42,75.63
581412,12.6155,74.8345
581421,14.0688877,74.51515189999999
581423,14.231648328571428,65.91371472857143
581440,14.487534400000001,74.43283004999999
581450,12.6155,74.8345
581453,12.6155,74.8345
582101,15.430076325,75.63639785000001
582102,15.517241733333334,70.66516579166667
582103,15.36423783125,75.64401945
582111,15.568133675,75.77958215
582112,15.066438309090909,75.67648104545455
582113,15.308061322222223,69.10341626666667
582114,15.716307,75.96043452857143
582115,15.408793783333332,75.76132698333333
582116,15.112999758333332,75.521701125
582117,15.268083828571429,75.48125405714286
582118,15.107915183333333,75.84078208333334
582119,15.57965495,75.8473687
582120,15.2143913375,75.6097808125
582201,15.449142077777777,75.43578894444445
582202,15.6980396,75.544794075
582203,15.802323883333335,75.63017053333333
582204,15.5381138,75.555049
582205,15.411654783333333,75.51376446666667
582206,15.8541679,75.4918917
582207,15.740978953846154,75.4185287076923
582208,15.58868739,75.36839383
582209,15.722383711764705,75.72688007058824
582210,15.0641608,75.4675158
582211,15.77408777142857,75.85284918571428
583101,15.143290914285714,76.92901044285715
583102,15.111280683333334,76.94165823333334
583103,15.210715433333332,76.97019709333334
583104,15.166339475,76.88336125000001
583105,15.1555236,76.8725778
583111,15.155034544444444,77.06743712222222
583112,14.982332783333334,76.63281556666666
583113,15.42817163,70.56424111
583114,15.725410538461539,77.04349027692307
583115,15.1994064,76.7930047875
583116,15.342691400000001,76.8317177
583117,15.28275346153846,77.07400614615383
583118,15.1484167,76.9351667
583119,15.0696419,76.5472984375
583120,15.414413475,76.8436656125
583121,15.631877993333335,76.9400107
583122,15.537015322222222,76.86961434444444
583123,15.18522696,76.63438138000001
583124,15.00081785,76.45957415000001
583125,14.610331283333332,76.04143629444444
583126,14.738878278571429,76.53325354285714
583127,14.776875949999999,76.1206484125
583128,14.933376200000001,70.36326433
583129,15.352681488888887,76.65189754444445
583130,14.814268491666667,76.60294294166667
583131,14.826734114285713,75.96291218571427
583132,15.39421618,70.47118702
583134,14.866074814285714,71.90969301428571
583135,14.907596928571428,76.4183488857143
583136,14.722162314285713,76.27854417142858
583137,14.69945597857143,75.93802008571429
583152,15.096395333333334,76.72061098333334
583153,15.139393,76.921443
583154,15.421581816666666,76.91692303333333
583155,15.442729940000001,76.90434192000001
583201,15.273097960000001,76.39149842
583203,15.2625709,76.3839167
583211,15.283785433333334,76.38591426666666
583212,15.0445842,76.2342613125
583213,14.726086966666665,75.81539632222223
583214,15.103660155555556,76.02902892222222
583215,15.3101099,76.4947268
583216,14.933652481818182,75.81266570909091
583217,14.811338142857142,75.72882200000001
583218,14.626460446153846,76.4879741
583219,15.004570686666666,75.95382170666667
583220,14.9552644125,68.4625996875
583221,15.31689365,76.4944469
583222,15.124718227272728,76.35575014545454
583223,15.235795716666667,76.52128243333333
583224,15.153142477777777,76.14907956666667
583225,15.2669444,76.3513056
583226,15.206153442857143,75.96828177142856
583227,15.42674514375,76.5272146875
583228,15.363204970000002,70.18500565000001
583229,15.599638892307693,76.64326826153845
583230,15.43365655,76.145103425
583231,15.347426225,76.15330565
583232,15.477453207142858,75.95605177142856
583233,15.2757013,76.3246639
583234,15.3330099875,76.335976525
583235,15.451986784285713,76.4333120342857
583236,15.5560283375,76.0476695125
583237,15.604831010000002,76.21395895
583238,15.35060053,76.08578797999999
583239,15.30364625,76.440678675
583268,15.473919257142857,76.57512491428572
583275,15.1731921,76.6287065
583276,15.2858056,76.4909444
583277,15.743436475,76.17590955
583278,15.873800190909092,76.24667209090909
583279,15.774607457142858,76.39058801428571
583280,15.8462245625,75.929110525
583281,15.891422933333333,76.01864890833333
583282,15.51718517142857,76.61260194285714
583283,15.573110618181818,76.41834608181819
583284,15.62626426,75.87500514
583285,15.2681141625,76.0769333375
583287,15.43237695,76.23234996666666
584101,16.197993059999998,77.345104
584102,16.270379614285712,77.47167404285713
584103,16.207754225,77.37255565
584104,16.162398366666665,77.30727548333333
584111,16.41319675833333,76.94032175833333
584113,16.348327779999998,77.16287778
584115,16.19143889,76.67721388999999
584116,16.3103642,76.87319753333333
584118,16.09465556,77.16775556
584120,16.093025254545456,76.78079798181818
584122,16.10577777647059,76.52608169999999
584123,15.98805035,77.01324479375
584124,15.909702385714285,76.59505158571429
584125,15.987992064285715,76.39795635
584126,16.329159725,77.118597225
584127,16.17416081111111,76.48388646666666
584128,15.709879633333333,76.77521055185186
584129,16.168411471428573,72.62047007857143
584132,15.819731022222223,76.6368214
584133,16.10652704285714,77.39281661428572
584134,16.24467849090909,77.34508546363637
584135,16.28182658571429,77.42206929999999
584136,16.198879633333334,77.14812963333333
584138,15.988655560000002,76.93375556
584139,16.23865556,76.78975556
584140,16.004808644444445,77.39653086666667
584143,15.911207072727274,76.67079798181818
584167,15.719159725,76.894847225
584170,16.318605159999997,77.3629265
584202,16.020468257142856,77.28839682857142
584203,16.0455463,77.23812963333334
585101,17.340944433333334,76.83284256666666
585102,17.359322220000003,76.8472963
585103,17.330129633333332,76.80381945
585104,17.429120366666666,76.81970185333333
585105,17.327145825,76.844472225
585106,17.3130556,76.8756111
585107,17.6781111,83.1925161
585201,17.0807778,76.6726528
585202,16.790554165,77.111783335
585210,16.91,77.20444333333334
585211,17.076173076923077,77.10765170769231
585212,17.15714285714286,76.47428571428573
585213,17.36011110833333,76.60787268333333
585214,16.886271463636362,77.33793181818181
585215,16.417142857142856,76.52142857142857
585216,16.70764705882353,76.53235294117647
585217,17.28855555,76.26241203333333
585218,16.957133329999998,76.98744722
585219,16.7615556,77.1353056
585220,16.6657778,76.9276528
585221,16.660111114285716,77.22323611428571
585222,17.072674073333335,77.26302037333333
585223,16.685388893333332,76.91440926
585224,30.87304539090909,63.59915460909092
585225,17.133481477777778,76.92383024444445
585226,17.86513889,77.45686111
585227,17.9116389,77.5193611
585228,17.16580952142857,76.92674801428572
585229,17.3413333,76.8344722
585236,17.354277775,76.52703935
585237,16.39769445,76.4506632
585265,17.196484845454545,76.63404292727273
585287,16.708000000000002,76.746
585290,16.43703881818182,76.65702363636363
585291,16.4478889,76.66132640000001
585292,17.3413333,76.8344722
585301,17.240041665,76.38392361
585302,17.47905864074074,76.51313374444445
585303,16.990222216666666,76.84907869999999
585304,16.574507942857142,76.89218651428571
585305,17.41913333,77.40644721999999
585306,17.384325484615385,77.0397014
585307,17.4991048625,77.4198597875
585308,17.169277775,76.79120601666666
585309,16.713506177777777,76.71836728888889
585310,17.020344228571428,76.66595378214286
585311,17.444592588888888,76.70271913333333
585312,17.305714285714284,77.21571428571428
585313,17.553666664285714,77.03460515714286
585314,17.66213333,76.62744722
585315,20.146505054545454,75.12866414545455
585316,17.54938095,76.83674801428572
585317,17.185111108333334,77.07287268333333
585318,17.014755553333334,77.29963148
585319,16.833679825,77.0806677
585320,17.23792592222222,77.3093858
585321,16.786753088888887,77.29418364444444
585322,17.45284848181818,77.03949747272726
585323,16.6728889,76.9063264
585324,17.38083333333333,77.26
585325,16.83677870625,76.58119595
585326,18.25294444,77.41566667
585327,17.86966314,76.8589011675
585328,18.04616667,77.21344444
585329,17.76205556,77.17922222
585330,17.76988889,77.12961111
585331,17.9116389,77.5193611
585353,17.78369444,77.11138889
585355,16.57644445,76.9906632
585367,17.3413333,76.8344722
585401,17.91473611,77.518333335
585402,17.90736111,77.52713889
585403,17.90863889,77.51536111
585404,17.7797,78.03715
585411,17.9116389,77.5193611
585412,17.69805556,77.21366667
585413,17.59,77.19
585414,17.9116389,77.5193611
585415,17.9116389,77.5193611
585416,17.9116389,77.5193611
585417,24.11,91.49
585418,17.9116389,77.5193611
585419,15.28591667,76.64408333
585421,17.9116389,77.5193611
585436,17.9116389,77.5193611
585437,17.9116389,77.5193611
585443,17.9116389,77.5193611
585444,13.32188889,76.86052778
585445,17.8122,76.8534
585447,17.8155,76.7971
586101,16.830809549999998,75.71462021666666
586103,16.864486533333334,75.70838373333333
586104,16.89215895555556,75.68051328888889
586108,16.755454525,75.75985808333333
586109,16.807709,75.7262477
586111,17.28078806,76.06676002
586112,16.944910659999998,75.89252163
586113,16.551704389473684,75.46938502631579
586114,16.92196685,75.47146635
586115,16.83198747,76.10958079
586116,16.44662579,76.13278245000001
586117,17.124857227272727,75.77036519090909
586118,16.662003050000003,76.32685989000001
586119,16.98904075,75.720443075
586120,16.7250252375,76.2173133375
586121,16.53587146,75.79298042
586122,16.678760033333333,75.81818213333334
586123,16.9545947,76.38056636
586124,16.241180283333332,75.92352996666666
586125,16.60268242142857,75.55273130714285
586127,16.8325599375,75.95827905
586128,16.85602622857143,76.29249097142858
586129,16.237945875,76.13935145
586130,16.821173466666668,75.53128713333334
586201,16.37831845,75.86672498333333
586202,16.994916670000002,76.19956514
586203,16.61795564375,76.034011825
586204,17.144687479999998,75.91817393
586205,17.296031099999997,75.6725459
586206,17.10199558,76.32719534
586207,17.321583242857145,75.86928151428572
586208,16.5359010375,76.0074561
586209,17.1799753,75.91555305384615
586210,16.46297385833333,75.73578514166667
586211,17.213010433333334,75.9166998
586212,16.370286658823527,76.19156433529412
586213,16.38376402,75.96787852
586214,16.52538225,76.31700156111111
586215,16.9829619,76.03203453
586216,16.4869456625,75.84701563750001
586217,17.140807054545455,76.12721854545454
587101,16.18229565,75.69957935
587102,16.18451875,75.63325386666668
587103,16.17793905,75.690653225
587104,16.1824223,75.68138526666667
587111,16.09806581875,75.71855821875
587112,16.014416666666666,75.96535185555555
587113,16.291751033333334,75.45132101666667
587114,16.130791666666667,75.95511111666666
587115,16.184677272727274,75.6965006090909
587116,16.33196033333333,75.63328828333334
587117,16.33023457142857,75.57295087142857
587118,16.056158883333335,76.07864144166668
587119,16.477401991666667,75.32569790833334
587120,16.1661135,75.96159715
587121,16.41745625,75.4041458375
587122,16.389931400000002,75.2790236
587124,16.0851924,75.98355334
587125,15.962069242857144,76.12605127857144
587154,16.0731843,76.01910257
587155,15.904669,75.65876141111112
587156,16.18502,75.69624
587201,15.963435245454546,75.68639493181819
587202,15.958075,75.89298611666666
587203,16.037553475,75.7682243
587204,16.23950146153846,75.64162274615384
587205,16.075392857142855,75.65530952857144
587206,19.7558045125,75.53741319375
587207,16.161028625,75.78015983750001
587301,16.485744472222223,75.31820169999999
587311,16.500498742857143,75.26802191428571
587312,16.407553016666665,75.23092623333334
587313,16.32552098,75.309093745
587314,16.490427325,75.201899875
587315,16.50298241666667,75.25218795
587316,16.295257499999998,75.389809175
587330,16.47201921,75.33248645
590001,15.860921283333333,74.51035258333333
590003,15.8394722,74.5176389
590005,15.7952014,74.525090275
590006,15.826375,74.4973403
590008,15.818259266666667,74.48383333333334
590009,15.8534167,74.4290278
590010,15.786201375000001,74.57543055
590011,15.8386389,74.5121389
590014,15.792477779999999,74.54216112
590015,15.890597225,74.5777014
590016,15.864398166666666,74.52122223333333
590017,15.866056449999999,74.51958115
590018,15.782477779999999,74.43416112
590019,15.875111100000002,74.50447220000001
590020,15.828731483333334,74.56680093333334
591101,16.0391976,74.71311126666667
591102,15.815558823529413,74.83019444705883
591103,15.874626985714286,74.63154365714286
591104,15.469999999999999,74.97363636363637
591106,15.5689127,74.67297222857142
591107,16.15052915,74.6698353
591108,15.8390486125,74.4288507
591109,15.770265433333334,74.63342284444444
591110,15.737064816666667,75.11513426666666
591111,15.844626985714285,74.92868651428572
591112,15.674709877777778,74.66786728888889
591113,15.8523889,74.5108056
591114,16.00590808181818,75.03014596363636
591115,15.622824073333334,74.77872962666667
591117,15.88823889,75.04708056
591118,15.7607963,74.64026853333333
591119,15.867777777777778,74.88
591120,15.573636363636364,74.55545454545455
591121,15.9140486125,74.7651007
591122,16.084392066666666,74.68687278333333
591123,15.931160494444445,75.21966666666667
591124,15.8616,74.58438888
591125,15.812064816666668,74.67846759999999
591126,15.768910052380953,75.13740476190476
591127,15.878731483333333,75.25513426666667
591128,15.878731483333333,74.4484676
591129,16.01923889,74.95808056000001
591130,16.06823889,75.15808056
591131,15.7065486125,74.6126007
591136,16.2593493,75.1560533
591143,15.94539815,74.47513426666667
591147,15.8707963,74.66026853333334
591153,15.72034127142857,74.71582937142857
591156,15.944129633333333,74.52026853333332
591173,15.80119445,74.84040279999999
591201,16.426397325,74.58515255
591211,16.465606566666665,74.35354425
591212,23.35230798888889,75.06005833333333
591213,16.531691755555556,74.78431792222221
591214,16.549307425000002,74.49349245
591215,16.522569859999997,74.40243546
591216,16.596129933333334,74.71602086666667
591217,16.5603205,74.847183825
591218,16.211700822222223,74.85036682222223
591219,16.4962024,74.4621968
591220,16.5463437875,74.91555596250001
591221,16.18910572,74.55301764000001
591222,16.358031818181818,74.76860821818183
591223,16.686253,74.7212626
591224,16.264786055555554,74.88796147777778
591225,16.319628614285715,74.42772737142856
591226,16.353350185714287,74.57213494285715
591227,16.199058750000003,75.03971238333334
591228,16.43428275,74.48058295
591229,16.530881375,74.31953172499999
591230,16.67941536,75.2075088
591231,16.19673228,74.73291314000001
591232,16.81940989,74.97755759
591233,16.158365985714287,74.94610404285716
591234,16.738630025,74.864045175
591235,16.4150401,74.9429560375
591236,16.30690684,74.53045418
591237,16.3953655,74.41577464615385
591238,16.392172275,74.460897775
591239,16.52299425,74.54330655
591240,16.571681514285714,75.10652802857143
591241,16.466664428571427,74.33719717142857
591242,16.612993850000002,74.705852125
591243,16.0811430875,74.535270875
591244,16.532410875,74.60637525
591246,16.1302875,74.5261035
591247,16.48397575,74.67265657499999
591248,16.559641,75.2025464375
591254,16.074070550000002,74.43664749999999
591263,16.562112825,74.44754465
591265,16.832580757142857,75.3210488
591287,16.415636325,74.505570125
591301,15.406,74.572
591302,15.65639930625,74.501300625
591303,16.68438284,74.93747966
591304,16.665439345,75.08693539818182
591305,16.29674555,74.59579053333333
591306,16.245333510000002,74.75098048999999
591307,16.1668747,74.82397098
591308,16.1901817,74.7802197
591309,16.23029226363636,74.62220813636362
591310,16.3044277,74.90809887142856
591311,16.606587957142857,74.90778405714286
591312,16.317882700000002,74.88453039999999
591313,16.289479500000002,74.41851395714285
591314,16.2513354,74.4999862
591315,16.70596845,74.7624463
591316,16.6329184,74.79983424
591317,16.4426793875,74.78170064375
591340,16.24910386666667,74.54071676666666
591344,16.052590485714287,74.84033062857144
591345,15.727064816666667,74.3234676
591346,15.925597225,74.6002014
600001,13.094892716666665,80.28702274999999
600002,13.068737073333333,80.26355381333333
600003,13.081962966666666,80.27610186666666
600004,12.702231466666667,80.21212036666667
600005,13.061988125,80.27972155
600006,13.076705024999999,80.3314726
600007,13.1501944,80.4380833
600008,13.069567,80.25872633333333
600009,13.1435833,80.4818056
600010,13.084416650000001,80.24291665
600011,13.143685166666666,80.2938333
600012,13.118870366666664,80.30899996666666
600013,13.1126111,80.2931667
600014,12.99533335,80.59681945
600015,13.02394455,80.23497205
600016,12.983460925,80.190880925
600017,13.042445825,80.237595825
600018,13.1396476,80.20664694999999
600019,13.13522222,80.25412224
600020,12.736823800000002,80.2319284
600021,13.11725,80.28697220000001
600022,13.0453611,80.2376111
600023,13.1014722,80.2395278
600024,13.0518333,80.2299722
600025,13.0453611,80.2376111
600026,13.5056389,80.2145833
600028,13.037289000000001,80.35485165
600030,13.105388900000001,80.3033889
600031,13.07815155,80.2457831
600032,13.03594445,80.20866665
600033,13.03681945,80.22355555
600034,13.1938148,80.35151853333333
600035,13.0317778,80.2407222
600036,12.9936389,80.2339167
600037,13.1154167,80.23322225
600038,13.1006944,80.224
600039,13.207430550000002,80.42730555
600040,13.0453611,80.2376111
600041,12.985216666666666,80.26272943333333
600042,12.9826389,80.2216389
600043,12.9440184,80.04935543333333
600044,12.821563485714284,80.21049602857143
600045,12.92239164,80.1057145
600046,12.0187778,80.2012778
600047,12.9335745,80.12085300000001
600048,12.6842639,80.03200926666666
600049,13.1060625,80.191215275
600050,13.083055550000001,80.14786665
600051,13.2660278,80.4100556
600052,13.193324066666667,80.12773765555556
600053,13.132842616666666,80.16136575
600054,13.11005576,80.08553044
600055,13.108988100000001,80.06680555714286
600056,13.041407399999999,80.08666666666666
600057,13.216629633333334,80.42105556666667
600058,13.092541650000001,80.15804165
600059,12.917240766666666,80.11428703333333
600060,13.169324066666666,80.16755556666668
600061,13.315736099999999,80.2585417
600062,13.169761116666669,80.09158605
600063,12.9090463,80.10223146666667
600064,12.5015,80.19194440000001
600066,13.162875,80.203097
600067,13.279953571428573,80.1513062857143
600068,13.1271389,79.9108889
600069,12.95962778,80.06993888
600070,12.984977,80.121856
600071,13.102625,80.09144445
600072,13.093060183333334,80.05070833333333
600073,16.918925933333334,80.1486852
600074,12.9848889,80.13925
600075,12.98106945,80.14430555000001
600076,13.11425,80.185167
600077,13.066916675,80.10480555
600078,13.0433889,80.2064167
600081,13.129138900000001,80.28671296666666
600082,13.124129599999998,80.31689813333332
600083,13.03680555,80.22706944999999
600084,13.0999444,80.1165278
600085,13.0209722,80.2431667
600086,13.0453611,80.2376111
600087,13.0475,80.1809861
600088,12.1469722,80.3287639
600089,13.023987049999999,80.18440345
600090,12.99734055,80.21336945
600091,12.400926166666666,80.15049583333332
600092,13.05025,80.1943611
600093,13.0425556,80.2063889
600094,13.1104444,80.3691389
600095,13.077009266666666,80.17947223333334
600096,12.9725972,80.24412219999999
600097,12.93543055,80.23959725
600099,13.1202361,75.19738889999999
600100,12.926332433333334,80.20340133333333
600101,13.1585556,80.31875
600102,13.1518889,80.3631944
600103,13.2031115,80.2433675
600104,13.0453611,80.2376111
600106,13.1389861,80.35844445000001
600107,13.088067066666667,80.241073
600110,13.2277222,80.3966944
600113,12.989267850000001,80.25331395
600115,12.98597945,80.2221557
600116,13.035731499999999,80.15253703333333
600117,12.9588295,80.17477149999999
600118,13.126916666666666,80.23973146666667
600119,12.8925556,80.2278611
600120,13.248631,80.20269775
600122,13.0175139,80.10479165000001
600123,12.693691999999999,80.05416233333334
600124,13.053262833333333,80.0221245
600125,12.963569450000001,80.17234719999999
600126,12.90306945,80.15434719999999
600127,12.863034725,80.1269236
600128,13.0380463,80.0342963
600129,12.9251389,80.1986944
600130,12.705787033333335,80.05676853333334
600131,12.871,80.156
600132,17.9192139,77.5104694
601101,13.320652775,80.102840275
601102,13.2924449875,80.010701125
601103,13.172196633333334,79.93538263333333
601201,13.433025926666666,80.10401666666667
601202,13.416405571428571,79.97529128571429
601203,13.29673333,80.23192222
601204,13.33930556,80.14104167
601205,13.407452,80.24512433333332
601206,13.3477963,80.09837499999999
601301,12.702534725,80.0232639
602001,13.13894445,79.91391945000001
602002,13.096625957142859,79.96783154285716
602003,13.1271389,79.9108889
602021,13.162603728571428,79.9492166142857
602023,13.189763516666666,79.84890789166667
602024,13.1364317,79.95870823
602025,13.1187,79.9442151
602026,13.22565142,79.94292054
602105,12.921978027272727,79.980907
602106,12.915781733333333,80.024334
602108,12.95900438,79.99319028
602117,12.9251389,80.1986944
603001,12.792169533333334,79.99027033333334
603002,12.7526435,79.91202146666667
603003,12.76981645,79.990083125
603004,12.706486850000001,79.95655795
603101,12.761168979999999,80.00263184
603102,12.507136016666669,80.12945116666667
603103,11.855880466666667,79.00200323333333
603104,12.647518322222222,80.19566555555555
603105,12.751894799999999,80.04044332
603106,12.759439816666665,79.97982406666667
603107,12.680800918181818,79.91363700000001
603108,12.73981286,80.07158682000001
603109,12.631269291666667,80.06670715
603110,12.708868319999999,80.16503784
603111,12.709480128571428,80.03099697142856
603112,12.6710463,80.15023146666667
603127,12.9251389,80.1986944
603201,12.62005194,79.93917592
603202,12.763389566666667,80.01482370000001
603203,12.911946899999998,80.01241173333334
603204,12.72690291,79.98092654
603209,12.90511155,80.02167885
603210,12.869478,80.081281
603211,12.9251389,80.1986944
603301,12.275586599999999,79.85791397142859
603302,12.4870295125,80.0588226125
603303,12.533633018181819,79.90563831818181
603304,12.471715083333335,80.01603113333333
603305,12.5657688625,79.966726925
603306,12.540465000000001,79.91828376363637
603307,12.583455939999999,79.89846981999999
603308,12.6661735375,79.9816185875
603309,12.5115134,79.9732348
603310,12.4738645875,79.878690225
603311,12.5722903,80.04704513333333
603312,12.4960159375,80.008852
603313,12.444800316666667,80.03573273333333
603314,12.611893100000001,79.79688826666667
603319,12.7113317,80.04584390000001
603401,12.420130483333333,80.0079849
603402,12.6707627,79.8169238
603403,12.680602200000001,79.81267082000001
603405,12.703734383333334,79.97856301666667
603406,12.593730583333333,79.73479991666666
604001,12.23188885,79.6499028
604101,12.242805466666667,79.77364428333334
604102,12.122198414285714,79.67217857142857
604151,12.242242427272727,79.33850757272727
604152,12.203805560000001,79.27626112
604153,12.08228888,79.45362778
604154,12.140007,79.7833235
604201,12.378533955555556,79.26933642222222
604202,12.264607142857143,79.4195873
604203,11.806473857142858,78.41062461428571
604204,12.358319441666666,79.32466434999999
604205,12.193613444444445,79.44811733333333
604206,12.2508993,79.5387048625
604207,12.314231483333332,79.59124768333334
604208,12.3871388875,79.3849132
604210,12.304091271428572,79.47127381428571
604301,12.178782408333333,79.78960416666666
604302,12.181747683333333,79.61734490833334
604303,12.179101855555555,79.91618518888889
604304,12.089785714285714,79.6366984142857
604305,12.327170266666668,79.54474363333334
604306,12.19206945,79.544125
604307,12.23103611,72.82513611
604401,12.265270628571429,78.80675475714285
604402,12.418884914285714,79.48579761428572
604403,12.87905944,79.91059833
604404,12.40663888,79.45851666
604405,13.037313485714284,79.87794047142857
604406,12.466307408333334,79.83666713333334
604407,12.70803819375,79.56005346875
604408,12.0293108,79.60456728333332
604409,12.418884914285714,79.48579761428572
604410,12.418884914285714,79.48579761428572
604501,12.858949533333332,79.796365275
604502,12.692449066666667,79.69943055
604503,12.3674,79.146725
604504,12.674158879999998,79.67451666
604505,12.770997614285715,80.03431825714287
604601,13.211630957142857,80.1750492
605001,11.9344722,79.8350556
605002,11.9458611,79.8346111
605003,11.9568056,79.8351944
605004,11.91450855,79.81284415
605005,11.9293056,79.8116667
605006,11.94975,79.7995556
605007,11.866617522222223,79.79186675555555
605008,11.9542222,79.821
605009,11.9417639,79.7914375
605010,11.9356389,79.7829861
605011,11.94025,79.82525
605013,11.9388611,79.8145278
605014,12.042902775,79.8562014
605101,11.991953666666667,79.80959080000001
605102,11.919185183333333,79.68955555000001
605103,11.9138576375,79.526628475
605104,11.97479615,79.8428376
605105,11.8598263875,79.577409725
605106,11.86072194,79.65252129000001
605107,11.9317083375,79.6305729125
605108,11.9222882,79.58102083749999
605109,12.195013883333333,79.62044445
605110,11.906503971428572,79.75621031428571
605111,12.0050787,79.77266666666667
605201,12.119799377777777,79.37424382222223
605202,12.067527216666667,79.39575861666667
605203,12.0785763875,79.508621525
605301,11.932214285714284,79.43240475714286
605302,12.151770825,79.37044445000001
605401,12.042094671428572,79.40701838571428
605402,12.006503088888888,79.41627468888889
605403,12.067166,79.395827
605501,11.983634921428571,79.63315872857143
605502,11.976518516666667,79.7092963
605601,11.9984132,79.5254548625
605602,11.94186805,79.4970520875
605651,12.130009025,79.5063791625
605652,12.052490741666666,79.54946065
605701,12.033044440000001,79.20700278
605702,12.007487655555556,78.98456173333334
605751,11.8879127,79.20789285714285
605752,11.980604175,79.23322222499999
605754,12.000115085714286,79.10293254285715
605755,11.96458333,79.31522222
605756,11.9765764,79.175590275
605757,11.96486115,79.2040417
605758,12.032020825,79.220590275
605759,11.942462966666668,79.1951574
605766,11.947913577777777,79.16051543333333
605801,11.930769842857144,79.05646428571428
605802,11.979231483333335,79.11254166666667
605803,11.90890741111111,79.2825679
606001,11.518435199999999,79.32419443333333
606003,11.523602780000001,79.32718056
606102,11.837444445454544,79.27947221818182
606103,11.478336800000001,79.51154513750001
606104,11.609824075,79.28503009166667
606105,11.417027783333333,79.26896296666666
606106,11.4251666625,79.093402775
606107,11.639382476923078,79.2800470076923
606108,11.49589815,79.13016203333333
606109,11.536,78.99199999999999
606110,11.5038254,79.3760873
606111,11.41172531111111,79.18880555555556
606115,11.867143516666667,79.28613426666666
606201,11.643984128571429,78.88634325714285
606202,11.7381667,78.9601389
606203,11.6939321,79.11058333333332
606204,11.614595963636363,79.00179798181819
606205,11.82551389,79.09667222
606206,11.745490740000001,79.06101666666667
606207,11.811252138461537,78.8892970076923
606208,11.835203666666667,78.93425316666666
606209,11.783705130769231,78.7253953
606213,11.871183761538463,79.05578846153846
606301,11.600598766666666,78.96280555555556
606302,11.388530866666667,79.25251234444445
606303,11.441095677777778,78.98154937777778
606304,11.515888888888888,79.12048765555556
606305,11.6342083375,79.176284725
606401,11.913025926666668,78.86168333333333
606402,11.93453889,78.96152500000001
606601,12.267119828571428,79.07381824285714
606603,12.225757779999999,79.07094666
606604,12.239441666666666,79.07404351666666
606611,12.228032399999998,79.0877963
606701,12.30921444,78.79161444
606702,12.060643657142858,78.50748571428572
606703,11.45310741111111,77.34138765555556
606704,12.264443822222223,78.94522036666666
606705,12.041484914285714,78.52528332857143
606706,12.04304888,78.51875888000001
606707,12.030036514285714,78.50602142857143
606708,12.107094442857143,78.83540397142858
606709,12.051401585714286,78.48458888571429
606710,11.755705557142857,79.30421508571429
606751,12.43460944,79.09891778
606752,11.695284914285713,79.15974047142856
606753,12.493724533333333,80.07043055833333
606754,12.107638885714286,79.24516428571428
606755,11.0518611125,78.76967499999999
606801,12.451030999999999,79.397406
606802,12.267555555555553,79.42226666666666
606803,13.1386368,79.9285854125
606804,12.120928571428573,79.15087385714286
606805,12.4289236,79.35199582499999
606806,12.164813485714285,79.1840119
606807,12.4289236,79.35199582499999
606808,12.450449066666666,79.38259721666667
606811,12.2351944,79.0765833
606901,12.194227771428572,79.36065475714285
606902,12.77013,79.72432
606903,12.990924999999999,79.664125
606904,12.195365733333333,79.35276388333334
606905,10.641327771428573,78.8478119
606906,12.387464799999998,79.03926109999999
606907,11.816142057142857,79.66784047142856
606908,12.3619486,78.992895825
607001,11.756666666666666,79.76666666666667
607002,11.75,79.75
607003,11.703076923076923,79.73538461538462
607004,11.719999999999999,79.76
607005,11.665,79.7425
607006,11.770000000000001,79.77333333333333
607101,11.79,79.49499999999999
607102,11.7225,79.62375
607103,11.684285714285716,79.57857142857144
607104,11.796666666666667,79.62333333333333
607105,11.768749999999999,79.66499999999999
607106,11.76,79.54857142857144
607107,11.8969513875,79.4977604125
607108,11.822,79.51
607109,11.785714285714286,79.71428571428571
607112,11.8,79.5925
607201,11.816484128571428,79.32217857142857
607202,11.728805560000001,79.17692222000001
607203,11.89109722,79.34714722
607204,11.695484845454546,79.37375252727273
607205,11.83,79.55625
607209,11.8529074,79.32828703333332
607301,11.627142857142857,79.66142857142857
607302,11.573636363636364,79.60636363636364
607303,11.552857142857144,79.55142857142857
607308,11.62,79.55
607401,11.7475,79.7
607402,11.814031466666668,79.73373286666667
607403,11.935432400000002,79.73704653333334
607801,11.612499999999999,79.5125
607802,11.536363636363635,79.61545454545454
607803,11.61,79.515
607804,11.551666659999999,79.40810556
607805,11.637777777777778,79.54333333333334
607807,11.583333333333334,79.46333333333332
608001,11.396666666666667,79.69333333333334
608002,11.392727272727273,79.74727272727273
608102,11.45125,79.695
608201,11.384444444444444,79.68444444444444
608301,11.277272727272727,79.54181818181819
608302,11.484545454545454,79.72181818181818
608303,11.34,79.74888888888889
608304,11.215,79.53
608305,11.35706481111111,79.5911111111111
608306,11.224,79.56800000000001
608401,11.348571428571429,79.68714285714285
608501,11.481818181818182,79.70363636363636
608502,11.49,79.804
608601,11.477272727272727,79.62636363636364
608602,11.43,79.78375
608701,11.3775,79.565
608702,11.416363636363636,79.52
608703,11.415384615384616,79.40615384615384
608704,11.475555555555555,79.57555555555555
608801,11.58375,79.71875
608901,11.3625,79.1
609001,11.091945769999999,79.65310012
609003,11.095712966666667,79.62701851666667
609101,11.32090909090909,79.76181818181819
609102,11.372,79.65
609103,11.1507375,79.6613185
609104,11.190050933333334,79.77775463333333
609105,11.0525764,79.84413195
609106,11.1487882,79.808315975
609107,11.06606112,79.81130556000001
609108,11.2129008,79.72236111428572
609109,11.193370366666668,79.76123148333333
609110,11.2379167,79.7346667
609111,11.1837882,79.750815975
609112,11.0825764,79.71663195
609113,11.215,79.66499999999999
609114,11.161296299999998,79.8039074
609115,11.322,79.714
609116,11.116,79.62
609117,11.125757942857144,79.7380754
609118,11.070050933333334,79.71275463333333
609201,10.985152800000002,79.75326390000001
609202,11.1987986,79.59386805
609203,11.1394375,79.63171875
609204,11.1625,258.04
609205,11.080101866666666,79.69884259999999
609301,11.045050933333334,79.80775463333333
609302,10.963435200000001,79.7588426
609303,10.8851528,79.83326389999999
609304,11.1244928,79.7368472
609305,11.1026667,79.6899444
609306,10.940101866666666,79.77217593333334
609307,11.024949066666666,79.8355787
609308,11.030026666666666,79.76471333333333
609309,11.0529008,79.75521825714286
609310,10.946768533333334,79.80550926666668
609311,10.9201528,79.83326389999999
609312,10.9234352,79.8088426
609313,10.915152800000001,79.8482639
609314,10.915152800000001,79.7632639
609401,10.9051528,79.7432639
609402,10.8951528,79.7732639
609403,10.935,79.65375
609404,11.0323889,79.64737036666666
609405,10.7419722,79.650527775
609501,10.865,79.5525
609502,10.9,79.63499999999999
609503,10.9132951375,79.6458923625
609504,10.873333333333335,79.63666666666667
609601,10.950000000000001,79.74333333333334
609602,11.15678334,79.76220556000001
609603,10.866666666666667,79.72666666666667
609604,10.893333333333333,79.81333333333333
609605,10.813333333333333,79.72666666666667
609606,10.695,79.66
609607,10.93,79.774
609608,10.9525,79.7025
609609,10.976666666666667,79.83
609701,10.866666666666667,79.67333333333333
609702,10.883333333333333,79.745
609703,10.8317176,79.8094213
609704,10.825,79.655
609801,11.078347671428572,79.55588052857142
609802,11.04008075,79.4986825
609803,11.04,79.52
609804,11.050943024999999,79.49357875
609805,11.015,79.5975
609806,11.08274125,79.6042995
609807,11.107039333333333,79.46575716666666
609808,11.03,79.47
609810,11.046693,79.527236
609811,10.966768533333335,79.67550926666667
610001,10.758051585714286,79.62959127142857
610003,10.774999999999999,79.655
610004,10.78,79.60666666666667
610005,10.81,79.62
610101,10.816363636363636,79.68909090909091
610102,10.736,79.548
610103,10.716643000000001,79.62240925
610104,10.7975,79.595
610105,10.884,79.594
610106,10.724,79.67
610107,10.87,79.56443518333333
610109,10.754999999999999,79.62
610201,10.664090275,79.661784725
610202,10.699090275,79.64178472500001
610203,10.608571428571429,79.59285714285714
610204,10.620000000000001,79.72749999999999
610205,10.653333333333334,79.62333333333333
610206,10.686634266666665,79.59767593333333
610207,10.664,79.702
611001,10.811768533333334,79.87689926666667
611002,10.821930550000001,79.8212083375
611003,10.790152800000001,79.8382639
611101,10.693999999999999,79.632
611102,11.712,79.24
611103,10.726,79.786
611104,10.781666666666666,79.71
611105,10.768333333333333,79.71333333333332
611106,10.760527775,79.837527775
611108,10.758615085714284,79.79950397142856
611109,10.728922844444446,79.74405864444445
611110,10.6181875,79.815027775
611111,10.68,79.84200000000001
611112,10.6167176,79.84275463333334
612001,10.96504583,79.38118716
612002,10.9681667,79.3725556
612101,11.009662699999998,79.34142062857143
612102,11.05,79.4175
612103,10.989535333333334,79.42569066666667
612104,10.99191666,79.46098334
612105,11.046666666666667,79.37
612106,11.083496,79.524311
612201,10.965000000000002,79.53333333333335
612202,10.95,79.46799999999999
612203,10.991666666666667,79.405
612204,10.97,79.4342868
612301,10.93378334,79.27001112
612302,10.851175,79.32463316666667
612303,10.916305566666667,79.28001853333333
612401,10.9171026,79.3633806
612402,10.915,79.39750000000001
612501,10.943333333333333,79.35333333333334
612502,10.950000000000001,79.38666666666667
612503,11.013333333333334,79.33333333333333
612504,11.091888885714285,79.45371428571427
612601,10.8475,79.5
612602,10.911428571428571,79.46571428571428
612603,10.826,79.54400000000001
612604,10.882857142857144,79.51142857142858
612605,10.88,79.45666666666666
612610,10.84,79.495
612701,10.893055666666667,79.3275
612702,10.95016665,79.3522639
612703,10.925,79.3475
612801,10.83581666,79.44765
612802,10.824285714285713,79.35142857142857
612803,10.7357951375,79.4496423625
612804,10.88178889,79.39261944
612901,21.189727780000002,79.40691111
612902,11.154615,79.376358
612903,11.255354166666665,79.46130583333333
612904,11.093363636363636,79.34834343636363
612905,11.19,79.43
613001,10.78637065,79.14542796666667
613002,10.804827666666668,79.11176033333334
613003,10.8223254,79.16549602857143
613004,10.769340275,79.104465275
613005,10.737266666666665,79.11445666666667
613006,10.7247014,79.14580555
613007,10.689088219999999,79.06098338
613008,10.7789167,79.1400556
613009,10.786166666666666,79.12837963333334
613010,10.7789167,79.1400556
613101,10.832702385714285,79.03715079999999
613102,10.688152783333335,78.9333426
613103,10.89102,79.11370333333333
613104,10.850492666666668,78.95845830833333
613105,10.83978334,78.97001112000001
613201,10.854729175,79.1350139
613202,10.926390000000001,79.12514
613203,10.88166112,79.04996666
613204,10.904815654545455,79.12424747272728
613205,10.816305566666665,79.10335186666667
613301,10.577142857142858,79.02642857142857
613303,10.67061805,79.079375
613401,10.739638900000001,79.05335186666666
613402,10.720959877777778,78.93191666666667
613403,10.7194948,79.07072868
613501,10.784838879999999,79.20732222
613502,10.77378334,79.21201112
613503,10.7059444,79.2452222
613504,10.7852361125,79.2793368
613601,10.78889444,79.05061666
613602,10.78855,78.975775
613701,10.78231112,79.54923888
613702,45.13,45.13
613703,10.8425,79.52
613704,10.745000000000001,79.59
613705,10.82,79.46000000000001
614001,10.666367288888889,79.44856173333334
614013,10.691961119999998,79.36206666
614014,10.69090872857143,79.46387698571428
614015,10.606590274999999,79.479284725
614016,10.643765871428572,79.51530555714285
614017,10.55272685,79.49285648333334
614018,10.609512627272727,79.39881060909092
614019,10.704134921428572,79.28769047857143
614020,10.632120366666667,79.53237963333333
614101,10.692524688888888,79.53355555555555
614102,10.7022963,79.50600926666667
614103,10.745453699999999,79.5490463
614201,10.8916944,79.1877222
614202,10.89578334,79.18001111999999
614203,10.924130957142856,79.2371508
614204,10.912287033333333,79.23637036666666
614205,10.923829340000001,79.26855758
614206,10.883148333333333,79.19375
614207,10.9173471,79.244726
614208,10.896166666666666,79.1505648
614210,10.84445835,79.1800278
614211,10.839458350000001,79.1750278
614301,10.819638900000001,79.1966852
614302,10.878310183333333,79.2725463
614303,10.849729175,79.2025139
614401,10.8259725,79.34020749999999
614402,10.770805549999999,79.3187176
614403,10.76327222,79.42342778
614404,10.74601389,79.43258055999999
614601,10.4265556,79.3186944
614602,75.0011232625,14.715027775
614612,69.34803000000001,20.043290714285718
614613,71.76604012222222,18.076108022222222
614614,70.61180925,19.074061
614615,65.5061,24.241288880000003
614616,10.170588235294119,79.02529411764706
614617,10.26,79.15
614618,10.0425,79.07625
614619,9.9825,79.19
614620,10.375,78.9575
614621,10.13381945,79.12757406666667
614622,10.255,78.9575
614623,61.939527,27.506263
614624,10.29142857142857,79.02285714285713
614625,73.56246527500001,16.340314816666666
614626,146.09326234444444,18.174172844444442
614628,70.5870382,19.0024270875
614629,9.897142857142857,79.07285714285715
614630,10.11,79.19428571428571
614701,69.50600794285714,20.207884914285717
614702,62.275340275000005,27.76919445
614703,73.32626767272727,16.73610100909091
614704,73.20067424545454,16.68690909090909
614705,10.494167142857142,79.53928571428571
614706,65.73218888,24.253555560000002
614707,69.86232542857142,20.29595242857143
614708,10.644393516666666,79.57452315
614710,10.57772685,79.58785648333333
614711,72.79013333,17.45256389
614712,68.222162,22.09221766666667
614713,10.534603299999999,79.63814443333332
614714,72.75221667,17.35610833
614715,72.71396667,17.460075
614716,65.84641666,24.29810556
614717,10.61125,79.52625
614723,65.4984834,24.1031388
614738,10.3863333,79.5010278
614801,10.18,79.06666666666666
614802,69.4099246,20.124932542857145
614803,67.7823145,21.825926666666664
614804,73.45331058333333,16.022824083333333
614805,10.1775,79.15
614806,71.087607625,19.122361124999998
614807,45.2951528,45.068263900000005
614808,65.9283222,24.3133166
614809,72.12677777777778,18.14764197777778
614810,56.68655556666666,33.5294074
614901,69.50838491428571,20.340460314285714
614902,74.28590971428571,15.504565142857144
614903,73.67689351666667,16.217375
614904,72.97327272727273,16.930744945454546
614905,62.1346225,27.774725
614906,65.5799788,24.233675599999998
620001,10.8015933625,78.6874572
620002,10.826067100000001,78.69543546666667
620003,10.826419966666668,78.6769205
620004,10.79106466,78.72418568
620005,10.848333333333334,78.72333333333333
620006,10.859416516666665,78.67662963333333
620007,10.73755365,78.71326575
620008,10.8153,78.69558326666667
620009,10.752460585714287,78.59725511428572
620010,10.7760611,78.72592205000001
620011,10.777836449999999,78.74163490000001
620012,10.73095228,78.64046908
620013,10.802007525,78.7949342875
620014,10.774756975,78.79390972499999
620015,10.774189033333334,78.81078861666667
620016,10.7368709,78.77792360000001
620017,10.81688885,78.6805139
620018,10.8226944,78.6823611
620019,10.804583,78.739667
620020,10.786183283333335,78.69236043333333
620021,10.8045273,78.68389959999999
620022,10.768472,78.768472
620023,10.7774722,78.6864444
620024,10.6759444,78.7431111
620025,10.696187833333333,78.80112126666667
620026,10.7283056,78.7638333
620027,10.746971,78.600125
620101,10.8618404,78.6504131
620102,10.816215166666666,78.63048625555557
621001,11.175555555555555,78.51888888888888
621002,11.213076923076924,78.64461538461538
621003,11.23625,78.47375
621004,11.102,78.654
621005,10.948,78.69800000000001
621006,11.01142857142857,78.62142857142858
621007,11.063333333333333,78.69333333333333
621008,11.19111111111111,78.57222222222222
621009,10.96,78.675
621010,11.15,78.6
621011,11.295,78.57875
621012,11.251666666666665,78.48666666666666
621014,11.084285714285715,78.59
621101,11.232,78.752
621102,11.323333333333332,78.78666666666668
621103,22.36833333333333,78.735
621104,11.129999999999999,78.781
621105,11.01,78.79734524285713
621106,11.1425,78.935
621107,11.246,78.814
621108,11.387500000000001,79.065
621109,11.112857142857143,78.84285714285714
621110,11.4075,78.7075
621111,10.926666666666668,78.78666666666668
621112,10.925,78.7425
621113,11.174999999999999,78.899199
621114,11.113333333333335,78.71
621115,11.312999999999999,78.966
621116,11.336666666666666,78.8
621117,11.433636363636365,78.87272727272727
621118,11.148,78.72
621133,56.40887036666666,33.83728703333333
621202,10.926920628571427,78.5328849142857
621203,10.982000000000001,78.318
621204,10.9075,78.57
621205,11.0475,78.4925
621206,11.09125,78.5425
621207,11.025454545454545,78.21727272727273
621208,11.19125,78.4825
621209,10.9725,78.3875
621210,11.19,78.44166666666666
621211,10.99,78.44666666666666
621212,11.233333333333334,78.87333333333333
621213,10.901666666666666,78.62
621214,11.122222222222222,78.4211111111111
621215,11.036363636363637,78.30727272727273
621216,10.884,78.69800000000001
621217,11.011666666666665,78.54166666666667
621218,10.867654285714284,78.77701142857143
621219,11.306666666666667,78.85333333333334
621220,11.23,78.82333333333332
621301,10.78202222,78.20527222000001
621302,10.535,78.316
621305,10.51624444,78.43122500000001
621306,10.617234566666667,78.42396296666668
621307,10.643494945454545,78.38819949090909
621308,10.42735278,78.50887222
621310,10.46605555,78.3075243
621311,10.6507702,78.23276010000001
621312,10.64355555,78.4912743
621313,10.753656563636364,78.42024747272727
621314,10.35968518888889,78.394
621315,10.655313127272727,78.29274494545454
621316,10.598461538461539,78.57538461538462
621601,10.8753333,78.8152222
621651,10.99926944,78.92491944
621652,11.028145,78.95991749999999
621653,11.0064074,78.95336573333333
621701,11.081428571428571,79.22
621702,10.919740733333335,78.9300324
621703,10.87980555,78.7937743
621704,11.124934714285713,79.11557521428573
621705,11.164187777777776,79.14312755555555
621706,10.894303666666667,78.88263783333333
621707,11.025756177777778,79.07979937777777
621708,11.228333333333333,78.995
621709,11.307538,79.1976296
621710,11.258769,79.2508148
621711,10.910024688888889,78.84122531111112
621712,10.921,78.82769125
621713,11.159053076923076,79.05831907692307
621714,11.24752111111111,79.18646088888889
621715,10.959651518181818,79.09174494545455
621716,11.309999999999999,79.11111111111111
621717,11.3225,79.0525
621718,11.222436514285715,79.14569047142858
621719,11.30971125,79.2510185
621722,10.892814800000002,78.9000648
621729,11.1393056,79.0960556
621730,11.3219225,79.207037
621801,11.045,79.06
621802,11.159126544444444,79.34721604444445
621803,11.2275,79.27916666666667
621804,11.15398176470588,79.26694988235295
621805,11.297538,79.3256296
621806,11.236812857142857,79.291164
621851,10.975384285714286,79.06973542857143
622001,10.354337888888889,78.80387344444445
622002,10.397272727272728,78.66
622003,10.34,78.81833333333333
622004,10.3975,78.7525
622005,10.38,78.82333333333332
622101,10.394285714285715,78.79857142857144
622102,10.448,78.662
622103,10.383425933333333,78.71537033333333
622104,10.394,78.702
622201,10.257142857142856,78.86142857142856
622202,10.172857142857142,78.91
622203,10.518333333333333,78.94500000000001
622204,10.020000000000001,78.99499999999999
622209,10.15,78.866
622301,10.375,78.96125
622302,10.573333333333332,79.17083333333333
622303,10.343333333333334,78.89444444444445
622304,10.367777777777778,79.08555555555556
622401,10.305,78.57666666666667
622402,10.304,78.652
622403,10.237537,78.5129556
622404,10.323196750000001,78.7182725
622407,10.365,78.675
622409,10.235,78.6675
622411,10.29,78.53
622412,10.23,78.792
622422,10.333333333333334,78.78333333333335
622501,10.48,78.81166666666667
622502,10.593333333333334,78.83666666666666
622503,10.154,78.744
622504,10.536666666666667,78.80333333333334
622505,10.2925,78.8025
622506,10.292,78.816
622507,10.282,78.76
622515,10.655,78.71902315
623115,9.223333333333334,78.32444444444445
623120,9.178333333333333,78.39166666666667
623135,9.197479175,78.4917986
623308,9.8187395875,78.9371493
623315,9.6766389,78.95906480000001
623401,9.671652783333334,78.79119906666666
623402,9.721652783333333,78.85119906666667
623403,9.609979175,78.8492986
623404,9.594958349999999,78.9085972
623406,9.683305566666666,78.98239813333333
623407,9.62,78.88
623409,9.783090275,79.03695139999999
623501,9.3699167,78.8271944
623502,9.8344537,78.51562498333332
623503,9.36056945,78.86575
623504,9.374878475000001,78.84574305
623512,9.364958349999998,78.8985972
623513,9.289979175,78.7692986
623514,9.457479175,78.8717986
623515,9.289972233333332,78.7490648
623516,9.323305566666667,78.95573146666666
623517,9.26008888,78.71832778000001
623518,9.33495835,78.9985972
623519,9.233333333333333,79.32666666666667
623520,9.3699167,78.8271944
623521,9.329958349999998,79.0235972
623522,9.36995835,78.88859719999999
623523,9.301416671428571,78.89817062857142
623524,9.33495835,78.89359719999999
623525,9.613333333333333,78.81777777777778
623526,10.006013875,78.764437475
623527,9.496923076923078,78.74692307692308
623528,9.23331945,78.64786573333333
623529,9.33495835,79.0535972
623530,9.45598334,78.75743888
623531,9.4866389,78.8690648
623532,9.266666666666667,78.79666666666667
623533,9.39831945,78.73453239999999
623534,9.322479175,78.9442986
623536,9.349986116666665,78.8945324
623537,9.497479174999999,78.8342986
623538,9.659988100000001,78.8595992
623566,9.3699167,78.8271944
623601,9.445454545454545,78.41181818181818
623603,9.396666666666667,78.35833333333333
623604,9.3866389,78.54573146666667
623605,9.444979175,78.4742986
623608,9.573466669999998,78.36347778
623701,9.539,78.58
623703,9.274537881818183,78.58065403636364
623704,9.388035354545455,78.48422727272727
623705,9.507000000000001,78.704
623706,9.477768522222222,78.6119104888889
623707,9.464722225,78.567215275
623708,9.35995835,78.6235972
623711,9.32398334,78.65743888
623712,9.4199895875,78.6421493
623806,9.3699167,78.8271944
624001,10.4309722,77.869055575
624002,28.807138890909087,59.477287881818185
624003,10.349036100000001,77.82222222
624004,10.481277766666667,77.86673146666668
624005,68.39420015714286,20.01845237857143
624101,10.27551634117647,77.55044934705882
624103,10.25564956923077,77.3971859
624201,10.146837999999999,77.90975
624202,10.17532291875,77.76835416875
624204,10.23703888,77.75134444
624206,10.205361428571427,77.90442428571428
624208,10.1636111,77.9972222
624210,10.4392639,77.59008335
624211,10.20381666,77.77851666000001
624212,10.330625,77.69
624215,10.26,77.83444444444444
624216,10.37463195,77.647541675
624219,10.162058644444445,77.82557407777777
624220,10.156932542857144,77.7357381
624301,10.482,78.0155
624302,10.319789685714285,77.87145238571429
624303,10.291666666666666,77.85833333333333
624304,10.281666666666666,78.09916666666668
624306,10.384411618181817,78.06728788181819
624307,10.270000000000001,77.83333333333333
624308,11.036666666666667,78.1511111111111
624401,10.26691401904762,78.26863491904763
624402,10.3014213,78.17002778333334
624403,10.441705559999999,78.11403334
624601,10.4504676,77.5175
624610,10.4942639,77.52508335
624612,10.564075399999998,77.70430952857143
624613,10.376753475000001,77.65378125
624614,10.554043983333333,77.53918055833334
624615,10.4456493,77.471746525
624616,10.61153846153846,77.63461538461539
624617,10.57,77.59181818181818
624618,10.5314513875,77.454722225
624619,14.73043229375,73.567409725
624620,10.735454545454546,78.14454545454545
624621,10.48770556,77.43603334
624622,10.408,77.845
624701,10.6085278,77.5701667
624702,10.538087966666666,77.95669445
624703,10.624285714285715,78.00999999999999
624704,10.578087966666667,77.78836111666666
624705,10.35625,77.8025
624706,10.82125,78.12
624707,10.276,77.792
624708,10.252857142857142,77.67714285714285
624709,10.58067222,77.96514721999999
624710,10.56201296,77.95130926
624711,10.596932542857143,77.88430952857142
624712,10.62963195,77.732541675
624801,66.81833333333333,21.758333333333336
624802,10.451217172727272,78.10243434545454
625001,9.74821668,78.17387499
625002,9.7929522125,78.1703303
625003,9.9168532,78.09302985
625004,9.89375,78.0800278
625005,9.606751466666667,78.04917139999999
625006,9.885088575000001,78.055212575
625007,21.750240766666664,78.20983333333334
625008,9.834903716666666,78.11488589999999
625009,11.178594025,78.4608541625
625011,9.93748785,77.94853135
625012,9.8301111,78.33034724999999
625014,9.82912722222222,78.07965082222222
625015,9.8834167,78.0798889
625016,9.848930677777778,78.13885531111112
625017,9.39335542,64.8481286
625018,9.965787433333333,78.22818761666666
625019,9.935588433333333,78.05525856666667
625020,9.885884854545454,78.31532878181818
625021,9.8007708,78.28780143333334
625022,9.815449424999999,78.0985638
625023,9.7526944,78.2094167
625101,10.146478955555557,78.35397965555555
625102,10.06427654,78.40861052
625103,10.233422054545455,78.37118784545454
625104,9.97084385,78.20075645
625105,10.114036466666667,78.31040221666667
625106,10.0265318,78.33389504
625107,9.777230099999999,78.22326521666666
625108,10.1004217,78.43421255
625109,10.00186265,78.4134987875
625110,9.947151533333333,78.21161513333334
625122,9.9846225,78.16935235
625201,9.83019385,78.13287890000001
625203,10.17789835,77.7031487
625205,10.156065250000001,78.32957225
625207,9.93987475,77.9742226125
625214,10.378,78.0167222
625218,10.095248340000001,77.98203784
625221,10.027845957142857,78.03297444285714
625234,10.178138314285714,78.27539484285714
625301,10.044719788888889,78.23307297777778
625402,9.9939843,78.04347704999999
625501,10.122718827272728,78.17450306363637
625503,10.122835442857141,78.11813691428571
625512,9.982290345454546,77.60438191818183
625513,10.008617,77.352671
625514,9.601371881818181,78.05217560909091
625515,9.99583290909091,77.57897818181819
625516,9.772853399999999,77.3256408
625517,9.937749414285715,77.49696797142857
625518,10.365218,77.04863866666666
625519,9.627061666666668,77.33921133333332
625520,9.8663504,77.4724512
625521,9.72955885,77.3062955
625522,9.849376,77.297286
625523,10.0835293,77.5277406
625524,9.76526625,77.31615325
625525,11.339396,78.7441975
625526,9.775682000000002,77.34092733333334
625527,10.038110845454545,77.81639944545455
625528,9.969932,77.35516333333334
625529,9.862161625,77.8274274625
625530,9.889296,77.29768585714285
625531,9.99231084,77.51232165
625532,9.963551233333334,77.75602255833333
625533,9.796648999999999,77.4093644
625534,9.9672071,77.46696531111111
625535,10.016224363636363,77.70330018181818
625536,10.008988375,77.59788175
625537,9.9918735375,77.8314933
625540,9.8312495,77.5714305
625556,9.482916,77.580447
625562,10.046129933333333,77.58263526666667
625579,9.767488181818182,77.43466863636364
625582,10.275326727272727,77.571383
625601,10.1230741,77.53861110000001
625602,10.141214728571429,77.64696005714286
625603,10.087789266666666,77.5706217
625604,10.158875666666667,77.58292066666667
625605,10.1064275,77.5209975
625701,9.6871055,77.995518725
625702,9.678668463636363,77.84152771818182
625703,9.730041733333334,77.85833646666667
625704,9.793603766666667,77.9000560111111
625705,9.681648200000001,77.81663660000001
625706,9.814425769565217,77.96480145652174
625707,9.723956600000001,77.96384847499999
625708,9.74834725,77.9092045
626001,9.5889824,77.95691492499999
626002,9.615,77.95
626003,9.53196112,77.93859444
626004,9.527375,77.99468518333333
626005,9.56842778,77.85591112
626101,9.513230933333334,78.10186363333334
626102,9.392812240000001,77.58699010000001
626103,9.612645825,77.84211805
626104,9.620000000000001,78.0925
626105,9.495999999999999,78.154
626106,9.6695382,78.1430868
626107,9.56,78.12825545
626108,9.43,77.57
626109,9.609544439999999,78.01084444
626110,9.4885765,77.57988449999999
626111,9.365,77.5025
626112,9.476347216666667,78.06313426666667
626113,9.350000000000001,78.32
626114,9.3419218875,78.264907325
626115,9.7237639,78.108645825
626116,9.60804165,77.64831945
626117,9.4484111,63.55245
626118,9.387142857142859,78.19142857142857
626119,9.509518533333333,77.88610186666666
626121,9.38,77.46333333333332
626122,9.3882778,77.4950556
626123,9.451895825000001,77.796409725
626124,9.4475,77.7375
626125,9.509337314285714,77.63764682857142
626126,9.594324066666667,77.6769537
626127,9.333333333333334,77.67
626128,9.371541675,77.817104175
626129,9.513,78.21608611
626130,9.497483333333333,77.80461666666666
626131,9.333333333333334,77.68833333333333
626132,9.6418611,77.63388889999999
626133,9.6318611,77.59027776666666
626134,9.424575,78.0567425
626135,9.484259266666667,77.64648146666667
626136,9.37106945,77.62375926666667
626137,9.436527775,77.65375
626138,9.565480157142858,77.72292459999998
626139,9.365008033333332,77.57142896666666
626140,9.355083333333333,77.82828703333332
626141,9.488994333333332,77.69707275
626142,9.412087966666666,77.50652778333334
626149,9.6449537,77.71225463333333
626161,9.29,78.07
626188,9.3941944,77.4963056
626189,9.435,77.82875
626201,9.285,77.82
626202,9.335714285714285,78.01142857142858
626203,9.358902783333333,77.90887730833333
626204,9.44225145,77.9474277125
626205,9.25580555,77.94950926666667
626607,9.641428571428571,78.28
626612,9.61457205,78.358801575
627001,8.689907475,77.711771825
627002,8.72032712,77.67744531999999
627003,8.7318056,77.7197222
627004,8.72491665,77.66386109999999
627005,8.6372639,77.72769445
627006,8.749510585714285,77.6285283
627007,8.680453925,77.733312475
627008,8.654573599999999,77.71265315
627009,8.7255556,77.7133611
627010,8.720935383333334,77.61224685
627011,8.697288083333333,77.77372055
627012,8.776651533333334,77.62412096666667
627101,8.826044475,77.93347722499999
627102,8.4640322,77.584414425
627103,8.450697966666667,77.61526946666667
627104,8.233265366666666,77.80638503333334
627105,8.5727222,77.7535833
627106,8.2035952,77.66702463333333
627107,8.483661425,77.562574
627108,8.480138479999999,77.67367898
627109,8.333482380000001,77.59131176000001
627110,8.428635,77.7363551
627111,8.255778442857144,77.70636668571429
627112,8.353523679999999,77.78615846
627113,8.349204499999999,77.66815585
627114,8.186377033333335,77.57960223333333
627115,8.436430349999998,77.5674298
627116,8.23818836,77.62667494
627117,8.3772852,77.6196606875
627118,8.41651175,77.79555925
627119,8.4035278,77.7500833
627120,8.16610915,77.6199456
627127,8.1507909,77.5952326
627133,8.269066733333334,77.58199646666667
627151,8.600323133333333,77.7194059
627152,8.587165625,77.65159291249999
627201,8.87866846,77.64260607
627202,8.9100447,77.6094963
627351,8.756101225,77.799671075
627352,8.877145985714286,77.78123734285714
627353,8.800692233333333,78.00225953333333
627354,8.56935614,77.74970682
627355,8.4627622,77.73311559999999
627356,8.681348675,77.684247775
627357,8.801971733333334,77.71301918333334
627358,8.759599439999999,77.69826284
627359,8.7751131,77.76553853333333
627401,8.704301566666667,77.45197143333333
627412,8.78825248,77.36873886
627413,8.70618444,77.51774866000001
627414,8.64976705,77.5706153
627415,8.847098057142857,77.39845619999998
627416,8.6848607,77.45543332222222
627417,8.6265176,77.65274314999999
627418,8.7909424,77.39023193333333
627420,8.569421,77.4075
627421,8.6652763,77.42827095
627422,8.7126111,77.3835556
627423,8.80383567142857,77.41480274285713
627424,8.7921129,77.36011513333334
627425,8.7040255375,77.379583625
627426,8.70764795,77.50772911666667
627427,8.559941933333334,77.3546091
627428,8.5727222,77.7535833
627451,8.67425,77.6391389
627452,8.6677778,77.6168333
627453,8.6787364,77.5896013
627501,8.518742314285713,77.55638952857143
627502,8.56140372,77.57066756
627601,8.74660445,77.527227425
627602,8.767393819999999,77.50044414
627603,8.7200833,77.5447222
627604,8.667060933333333,54.2734786
627651,8.304653325,77.8957622
627652,8.39883385,77.841280775
627654,8.3167122,77.8127182
627657,8.339051940000001,77.83099187
627713,9.21485,77.723625
627719,9.1735875,77.54967500000001
627751,9.073106,77.33324
627753,9.258049999999999,77.52578571428572
627754,9.16046,77.58871
627755,9.164155555555556,77.43966666666667
627756,9.16665,77.5062
627757,9.324457142857142,77.44265714285714
627758,9.21806,77.41418
627759,9.0786,77.31961
627760,9.242125,77.3966
627761,9.246475,77.4671
627764,9.2863,77.43780000000001
627802,8.92211,77.24549999999999
627803,8.9987,77.2643
627804,9.010333333333334,77.29803333333334
627805,8.955533333333333,77.25396666666667
627806,8.92494,77.38022
627807,9.015899999999998,77.2415
627808,8.864715125,77.353924375
627809,8.9686,77.23357142857142
627811,8.9423,77.27966
627812,9.030566666666667,77.25386666666667
627813,8.96385,77.23005
627814,8.92745,77.31045
627818,8.9428,77.2839
627851,8.827922222222222,77.47508888888889
627852,8.999925000000001,77.323475
627853,8.87376,77.49485999999999
627854,8.90108,77.50504
627855,9.148599999999998,77.38124
627856,9.00655,77.37195
627857,9.053671428571429,77.43084285714285
627858,8.9619,77.3615
627859,8.975142857142858,77.41821428571428
627860,8.988328571428571,77.49488714285714
627861,8.912966666666668,77.41128333333334
627862,9.1027,77.43649666666667
627951,8.966342857142857,77.63327142857143
627953,9.075118181818182,77.57059090909091
628001,8.678917400000001,78.36678445
628002,8.690226142857144,78.2186020857143
628003,8.7256944,78.2025556
628004,8.75690275,78.1729861
628005,8.7343532,78.12212166666667
628006,8.5700833,78.2434722
628007,8.7352778,78.1224722
628008,8.79522882,78.12211448000001
628101,8.775540066666666,78.0904617
628102,8.698793349999999,77.91481705
628103,8.737943614285715,78.07673394285715
628104,8.832501,81.59868426666667
628105,8.9157185,78.1626058
628151,8.586311625,78.0452053
628152,8.7200311,78.11224406666666
628201,8.547266859999999,78.07748266
628202,8.556569640000001,78.099638
628203,8.425951425,78.01782353749999
628204,8.56547355,78.12315444999999
628205,8.487886283333333,78.03915388333333
628206,8.419294171428572,78.04503801428572
628207,8.579024616666667,78.05820816666666
628208,8.45943055,78.04217435000001
628209,8.3778889,78.0566667
628210,8.4715638625,77.9840642625
628211,8.456378,77.94864150000001
628212,8.5777983,78.04450779999999
628213,8.49638845,78.04046985
628215,8.4955093,78.1245659
628216,8.5199722,78.1161389
628217,8.7256944,78.2025556
628218,8.52448385,78.0619467
628219,8.472603,78.0520502
628229,8.5919167,78.0874722
628251,8.65870045,78.00148842499999
628252,8.727564899999999,77.8343051
628301,8.855001233333335,78.04054843333334
628302,8.889803275,77.900754775
628303,8.820354383333333,77.902788
628304,8.808857033333334,78.06785656666666
628401,8.9494003,77.97922881666666
628402,8.882828620000002,78.02886407999999
628501,9.16615,77.70044999999999
628502,9.1648,77.85065
628503,9.017433333333335,77.7131
628552,9.078027272727272,77.65570000000001
628601,8.6311944,77.9111389
628612,8.60580092,77.94535072
628613,8.669418862499999,77.95667660000001
628614,8.59857535,77.97341145
628615,8.6445278,77.8552778
628616,8.571091633333333,77.98354013333334
628617,8.570077175,77.935190325
628618,8.575009466666666,78.02103353333334
628619,8.6580988,77.872998
628620,8.6535472,77.95065865
628621,8.70007957142857,77.86966657142857
628622,8.595887600000001,77.8544854
628623,8.531619666666666,78.07460833333333
628653,8.3777857875,77.935661575
628656,8.41414405,77.913749725
628701,8.629081066666666,77.92486226666666
628702,8.4130254,77.94296938571428
628703,8.382812128571429,77.99457357142856
628704,8.42374171,77.8344467
628712,9.064713333333334,78.09317166666666
628714,8.967360000000001,77.83035
628716,9.066175000000001,77.792075
628718,8.99072,77.93906
628720,9.058616666666667,77.88078333333333
628721,9.029457142857142,77.73201428571429
628722,8.953000000000001,78.0883
628751,8.653571433333333,78.00219406666666
628752,8.7256944,78.2025556
628753,8.63789,77.97361
628801,8.629666566666666,78.04019240000001
628802,8.6381406,78.0108882
628809,8.655928833333332,77.87852533333334
628851,8.730647066666666,77.91866101666666
628901,9.086025,78.261975
628902,9.15775,78.00381666666667
628903,8.9895,78.20836
628904,9.218562499999999,78.109175
628905,9.26169,78.07481
628906,9.02745,78.2848
628907,9.086722222222223,78.1191
628908,9.040033333333334,77.96513333333333
628952,8.896728571428572,77.68311428571428
629001,8.191921275,77.42757405
629002,8.1623611,77.438
629003,8.19397778,77.39896112
629004,8.1565139,77.4012639
629101,8.451125,77.24097685
629102,8.5160556,77.3161111
629151,8.37181945,77.23550695
629152,8.3497708375,77.244722225
629153,8.321464285714287,77.20722618571429
629154,8.2619861,77.1881111
629155,8.29475,77.24725
629156,8.2376389,77.2571389
629157,8.2380463,77.21501851666666
629158,8.28286805,77.27113890000001
629159,8.202375,77.251916675
629160,8.278904757142858,77.16882539999999
629161,8.31341919090909,71.06531060909091
629162,8.289898133333333,77.20444443333334
629163,8.284384928571429,77.21887698571429
629164,8.29480555,77.29689582500001
629165,8.289706342857142,77.23621031428571
629166,8.29305555,77.299722225
629167,8.2577014,77.28656945
629168,8.335537033333333,77.25221296666666
629169,8.2666389,77.2546389
629170,8.3747014,77.159041675
629171,8.27802222,77.19579444
629172,8.3015278,77.1647778
629173,8.2450648,77.1780926
629174,8.244763899999999,77.3055139
629175,8.247849980000002,77.32289444
629176,8.26025,77.1465972
629177,8.32543055,77.27155093333333
629178,8.258375000000001,77.2282639
629179,8.3078889,77.2403889
629180,8.2136736,77.3577639
629193,8.225756950000001,77.1816111
629201,8.161555566666665,77.37610186666666
629202,8.126402800000001,77.32849999999999
629203,8.16081945,77.3433889
629204,8.156944450000001,77.32008335
629251,8.18897222,77.2905
629252,8.1340764,77.39110417500001
629301,8.429620366666667,77.5271389
629302,8.21775,77.48356945
629401,8.14545556,77.55213334
629402,8.174370366666666,77.3846111
629403,8.1518889,77.49844445
629501,8.122130559999999,77.41346667
629502,8.130835000000001,77.36364
629601,8.114546666666667,77.44172333333334
629602,8.105898133333334,77.465
629701,8.11422,77.49975
629702,8.09473334,77.54386112
629703,8.1741111,77.43964813333334
629704,8.155878475,77.457034725
629801,8.191518533333332,77.36102776666667
629802,8.197571428571427,77.30794047142857
629803,8.194416666666667,77.27763
629804,8.211518533333333,77.28438890000001
629809,7.6503611,42.773861100000005
629810,8.2061111,77.3264444
629851,8.33216944,77.430325
629852,8.260020825,77.443840275
629901,8.220916675,77.44563195
630001,23.745016659999997,64.94645556
630002,10.07645835,78.771625
630003,10.074791,78.783248
630005,10.58511,78.78403
630101,44.836763899999994,44.539652800000006
630102,10.9292778,79.0120556
630103,10.556490449999998,78.8485439
630104,44.351791649999996,44.28868055
630105,44.32679165,44.33868055
630106,44.33179165,44.29868055
630107,55.916333333333334,33.02728703333333
630108,70.286621525,18.6806354125
630201,44.36955555,44.354430550000004
630202,10.041080866666666,78.80496913333333
630203,10.108395825,78.561840275
630204,9.998395825,78.584340275
630205,55.72452776666666,32.95912036666667
630206,44.27179165,44.28868055
630207,64.94793333999999,23.82003888
630208,10.112567349999999,78.7411813
630210,9.968395825,78.514340275
630211,19.885674599999998,68.76647817142857
630212,61.550208325,27.2889514
630301,10.0327222,78.7708889
630302,9.946640166666667,78.81437691666666
630303,63.523013444444445,25.205084555555555
630305,10.0007048625,78.6870625
630306,9.91628315,78.61350905
630307,64.98481111999999,23.79812222
630309,64.76504444,24.00169444
630311,55.8125648,32.86476853333334
630312,65.06338334,23.64867778
630313,9.9578611,78.55912036666666
630314,44.41283335,44.39941665
630321,9.83179165,78.58368055
630405,67.13226388333332,21.622893516666664
630408,9.806716660000001,78.61547222
630410,69.8941979125,18.8384201375
630411,9.851448414285715,78.7263254
630501,67.09219445000001,21.54197685
630502,67.05048148333334,21.587162033333332
630551,9.823725,78.65870556
630552,9.91679165,78.47868055
630553,9.97871666,78.48747222
630554,9.767654757142859,78.63819444285714
630555,9.90471666,78.60547222
630556,9.85026112,78.60140554
630557,9.9,78.515
630558,9.90679165,78.52368055
630559,9.808395825,78.419340275
630561,50.96271666,37.26547222000001
630562,9.851850528571427,78.44052248571428
630566,9.9778611,78.49578703333333
630602,9.80179165,78.43868055
630606,61.242013899999996,26.904652775
630609,9.68260100909091,78.43431818181818
630610,9.744012344444444,78.37679012222222
630611,9.7946875,78.24881481666667
630612,9.7770139,78.284652775
630702,16.56370556,71.75146389
630709,9.6966979125,78.6171701375
630710,9.545714285714286,78.63571428571429
630713,9.720597216666667,78.68453775
631001,13.08555295,79.67644665
631002,13.06507952857143,79.64369024285713
631003,13.122015076923077,74.55044273846154
631004,13.12488898,79.69117784
631005,12.99985,79.61852
631006,13.14127,79.7168
631051,12.969478466666667,79.59917890000001
631052,12.93817125,79.58865625
631101,13.10238425,79.6193732
631102,13.095786985714286,74.84526726428571
631151,13.0599905,79.70924054285715
631152,12.9809911,77.6830238
631201,12.9270463,79.76182963333333
631202,13.206710875,79.5551939375
631203,13.155055039999999,79.84484145
631204,13.135383133333333,79.89452295555556
631205,13.160287463636363,79.71307093636364
631206,13.185241475,79.670624425
631207,13.338771758333335,79.44295296666667
631208,13.109292307692307,79.81867777692308
631209,13.141116199999999,79.6800611
631210,13.153552276923078,79.78899872307693
631211,13.157922633333333,79.71479856666667
631212,13.181225966666666,79.73000593333333
631213,13.157920966666666,79.71480023333334
631301,13.160765216666666,79.49647243333334
631302,13.094793058333332,79.83471203333333
631303,13.031672225000001,79.691612225
631304,13.085822566666666,79.61857266666667
631402,13.054041666666668,79.76858333333334
631501,12.81244785,79.7207849
631502,12.839794306666667,79.71722648666668
631551,12.84769744,79.67894822
631552,12.86100648,79.8161784
631553,12.965843211111112,79.94984326666666
631561,12.78684962857143,79.83101025714286
631601,12.84638778,79.81560572
631603,12.794928375,79.7671473625
631604,12.921990983333332,79.96225706666667
631605,12.785512342857142,79.76438642857143
631606,12.71771288,79.86387674
631701,12.81687888,79.97419665999999
631702,12.698056342857143,79.59422618571429
632001,12.91175346,79.36535321
632002,12.826048766666666,79.4032605
632004,12.920888866666667,79.3440463
632006,12.940681742857143,79.21787540000001
632007,12.98908055,79.13801805
632008,12.929662,79.7628333
632009,12.97845555,79.35241574999999
632010,12.922163900000001,79.09398055
632011,12.83690555,79.182934725
632012,12.9155833,79.1320278
632013,12.9382778,79.4363889
632014,12.9682055,79.16363949999999
632055,12.89189165,79.1101139
632057,13.3770833,79.2962778
632058,12.5468472,79.1598639
632059,13.0773639,78.9359139
632101,12.865265154545455,78.99899292727274
632102,12.699368690909091,79.07217778181818
632103,12.759228281818183,79.01603181818182
632104,12.914347216666668,79.0393713
632105,12.8818166625,79.15503125
632106,12.922159725,79.2990458375
632107,12.786249999999999,78.8987520875
632113,12.7849638875,79.163740975
632114,12.909761099999999,79.07690926666668
632115,12.9155833,79.1320278
632201,12.964183,78.9813375
632202,12.964623736363636,79.17544242727273
632203,13.001877,78.990717
632204,12.95424778,79.16074222
632209,12.962901142857143,78.96581442857143
632301,12.669623600000001,79.285404175
632311,13.059109999999999,79.76333333333334
632312,12.605548599999999,79.473570825
632313,12.646699066666665,79.51768055000001
632314,12.646699066666665,79.51768055000001
632315,12.7208,79.18022222222221
632316,12.658456342857141,79.53028332857143
632317,12.578735444444444,79.66406233333333
632318,12.904451250000001,79.31914735000001
632319,12.808795824999999,79.17115695000001
632326,12.601123600000001,79.449495825
632401,12.939468666666665,79.33194
632403,12.94605,79.347
632404,12.973477500000001,79.28668214
632405,12.9249696,79.36684149999999
632406,12.9155833,79.1320278
632501,12.94357562,79.36477715
632502,13.0715772875,79.6348998125
632503,12.8975592375,79.3249173375
632504,12.904453,79.3191456
632505,13.02742725,79.53707575
632506,12.826880461538462,79.3576492
632507,12.889030985714285,79.35430248571429
632508,12.925288444444444,79.37763995555555
632509,12.9182078,79.31972275
632510,13.083752333333335,68.4840378
632511,12.799148299999999,79.44956486
632512,12.798633370000001,79.31240405999999
632513,12.933437609999999,79.3158794
632514,13.135389175,79.25338805
632515,13.00585,79.20795
632516,12.975034400000002,65.97550340000001
632517,12.924659733333334,79.3753145
632518,12.7970825,79.349408325
632519,12.91031218,79.25771532
632520,13.04538,79.25931
632521,12.891374525,79.286217275
632531,12.916894840000001,79.5091952
632601,12.995953600000002,78.8709473
632602,12.9448015,78.8678155
632603,13.063066999999998,78.95370733333333
632604,12.9836515,78.812978
635001,12.526402749999999,78.22150695
635002,12.52201664,78.21773298000001
635101,12.484138179999999,78.20078574
635102,12.3176870625,77.7647676125
635103,12.7100426,77.91485248000001
635104,12.541331784615384,78.2519638923077
635105,12.741302314285715,77.9503548142857
635106,12.503790033333333,78.19908256666668
635107,12.557511205,77.83968852500001
635108,12.522248871428571,78.24810074285713
635109,12.71089578888889,77.8852794888889
635110,12.637328100000001,77.8601499
635111,12.310097614285715,68.77909365714285
635112,12.495264899999999,78.21988699230769
635113,12.609403208333333,77.84588434999999
635114,12.69325175,77.86075753333334
635115,12.943508181818181,79.63036593636365
635116,12.514625,78.05811573333334
635117,12.6777686,77.9157286
635118,12.553973927272727,77.71366176363637
635119,12.6159155,77.9689459
635120,12.527217644444445,78.22413958888889
635121,12.570132481249999,78.20177780624999
635122,12.521336325,78.1732919375
635123,12.474843514285713,78.22669141428571
635124,12.5275,78.2161944
635126,12.746988066666667,77.81030976666666
635130,12.71368225,77.84484103333334
635201,12.176454016666666,78.2037721
635202,12.13958205,78.35634181428573
635203,12.521667125,78.21555995625
635204,12.442966377777777,78.29251846666666
635205,12.190804766666666,78.17488953333333
635206,12.521110611111112,78.24231341111111
635207,12.306571612499999,78.47970455
635301,11.934230685714285,78.3362132
635302,12.023462966666665,78.28239444444445
635303,12.1121833375,78.27778125
635304,12.2231618,78.46538125000001
635305,12.084015707692307,78.4350429
635306,12.289457142857144,78.5098623
635307,12.305956924999998,78.55354705
635601,12.497924000000001,78.56406075
635602,12.474489416666666,78.55626708333334
635651,12.521949545454545,78.503317
635652,12.399714875,78.598525375
635653,12.478150454545455,78.61728318181818
635654,12.429928166666665,78.48381766666667
635655,12.403239705882353,78.68996452941177
635701,12.591231624999999,78.785649
635702,12.522889600000001,78.6650554
635703,12.5476609375,78.890814375
635710,12.5616186,78.71894219999999
635751,12.675654,78.61617741666667
635752,12.6503116,78.6681444
635754,12.710801428571429,78.61608414285715
635801,12.6700012,78.5617992
635802,12.781637625,78.717701375
635803,12.942577571428572,78.91685742857143
635804,12.857681888888889,78.87383177777778
635805,12.863161166666666,78.78143366666667
635806,12.9150425,78.85604666666667
635807,12.735785,78.68485949999999
635808,12.8462695,78.7152555
635809,12.893055571428572,78.93065728571428
635810,12.948927363636363,78.72997045454545
635811,12.792398500000001,78.675982875
635812,12.842827999999999,78.78820233333333
635813,12.8923934,78.82432200000001
635814,12.761296000000002,78.70635566666667
635815,12.613489000000001,78.55899799999999
635851,12.576485777777778,78.57241455555555
635852,12.598208428571429,78.51892514285714
635853,12.56560942857143,78.61372100000001
635854,12.577895666666668,78.47003483333333
635901,12.4871035,78.4692073
636001,11.656138775,78.1625860375
636002,11.650871666666667,78.14585766666666
636003,11.662198799999999,78.18324153333333
636004,11.677315466666668,78.1343228
636005,11.6709125,78.1118915
636006,11.640748283333332,78.15150203333333
636007,11.669109766666667,78.15805885
636008,11.69427444,78.17668114
636009,11.659492333333333,78.141937
636010,11.621522522222222,78.1175126888889
636011,11.723371,78.0765575
636012,11.738431833333332,78.1119435
636013,11.669873500000001,78.0298525
636014,11.664718700000002,78.19902325000001
636015,11.643450675,78.171074625
636016,11.6771655,78.1455144
636017,11.6706219,78.2132378
636030,11.670339333333333,78.06121366666666
636101,11.543986971428572,78.79538361428571
636102,11.5982778,78.5984722
636103,11.67710534,78.24063778
636104,11.746620136363635,78.37731450909091
636105,11.47376667,78.62157002000001
636106,11.67005442857143,78.27900955714286
636107,11.555961471428573,78.49363204285714
636108,11.618107,78.48131293333334
636109,11.631468375,78.519638325
636110,11.4290819,78.609508
636111,11.65257535,78.3345541
636112,11.608475327272727,78.75967404545455
636113,11.4371277,78.465178775
636114,11.753947257142856,78.4536336
636115,11.643399774999999,78.41648456666667
636116,11.4754687,78.75276021111111
636117,11.65365866,78.39948652000001
636118,11.580879,78.26087715
636119,11.636355525,78.4783325
636121,11.572522525,78.685948975
636122,11.715714022222222,78.25404656666666
636138,11.755779144444444,78.57079603333334
636139,11.72578242,78.33710909999999
636140,11.6620887,78.21378075
636141,11.58534997142857,78.54445101428571
636142,11.366330666666668,78.314999
636201,11.6074646,78.14514254000001
636202,11.553833,78.37499730769231
636203,11.554391175,78.1318940875
636204,11.57350014,78.19983362
636301,11.507812,78.15392266666667
636302,11.680343833333334,78.10333516666667
636303,11.8386595,77.72930235714286
636304,11.705061714285714,78.04505442857143
636305,11.8261887,78.06763140000001
636306,11.652084166666667,77.93946683333333
636307,11.649599875,78.083841625
636308,11.578085516666667,78.06842111666667
636309,11.786966333333332,78.04621733333333
636351,11.892892555555555,78.08755400000001
636352,11.984859175,78.40750750000001
636354,11.919349,78.18912257142857
636401,11.784269,77.79672400000001
636402,11.805207,77.822574
636403,11.811197333333334,77.83715566666666
636404,11.824654666666666,77.86357566666668
636406,11.772602,77.810107
636451,11.83080403,77.95345203
636452,11.7759662,77.7853854
636453,11.814430428571429,77.91903357142857
636454,11.770913666666667,77.89159833333333
636455,11.72283811111111,78.03725555555555
636456,11.795245,77.815242
636457,11.745194333333332,77.87147
636458,11.87312625,77.90228675
636501,11.697601299999999,77.880274
636502,11.710108142857143,78.105587
636503,11.751380874999999,77.966003375
636601,11.806213866666667,78.2504705
636602,11.83779409,78.22548494
636701,12.140016333333334,78.15901803333333
636704,12.124913057142859,78.16476131428571
636705,12.112354850000001,78.17324258333333
636803,12.106174122222221,78.14816997777777
636804,12.095222028571428,78.16211607142857
636805,12.2967053125,78.2052752
636806,12.325053142857143,78.05585942857144
636807,12.116572675,78.11679186666667
636808,12.299154823529411,78.07448035294118
636809,12.155240563636363,77.94914417272727
636810,12.127622738461538,77.8889771
636811,11.99883466,77.96868864000001
636812,12.383811066666667,78.0054781
636813,12.126689563636363,77.9960217
636902,11.966677087499999,78.38384375
636903,12.03759326111111,78.48463329444445
636904,12.0445353,78.60279208
636905,11.925444121428571,78.36989309285715
636906,12.07784856875,78.49891205624999
637001,11.221893457142857,78.1672136
637002,11.196489410000002,78.18142193999999
637003,11.254114755555555,78.12810093333333
637013,11.1520675,78.28173430000001
637014,11.334066660000001,78.16773156000001
637015,11.075637471428573,78.14526584285714
637017,11.127290166666667,78.105027
637018,11.376312822222223,78.11967695555556
637019,11.312250555555556,78.15267674444445
637020,11.1170985375,78.2094641
637021,11.15266352,78.35499774
637101,11.611936690909092,77.82152991818181
637102,11.573369961538463,77.91499298461538
637103,11.53798992857143,77.96441744285714
637104,11.46246905,77.835039875
637105,11.613394883333333,77.86757304999999
637107,11.610034725,77.815996875
637201,11.3015195375,77.9451209625
637202,11.3777201,78.01013581111111
637203,11.246614828571428,77.94351917142856
637204,11.159520775,77.94238982499999
637205,11.3913252625,77.933215175
637206,11.214836133333334,78.0080176
637207,11.194681757142858,78.06917248571428
637208,11.10722878,77.9373221
637209,11.3789571,77.89377213750001
637210,11.339927183333332,77.84190666666667
637211,11.379972233333334,77.89190743333334
637212,11.293411036363636,78.04419938181819
637213,11.148771757142857,77.89075815714286
637214,11.344774525,77.86030455
637215,11.364598,77.8355683
637301,11.487625928571429,77.87795078571428
637302,11.446541250000001,77.90259183333333
637303,11.46611425,77.8095199875
637304,11.4117909,77.51270136666666
637401,11.448657714285714,78.16148985714287
637402,11.3950849,78.2562236
637403,11.422719714285716,78.12020585714286
637404,11.3382774875,78.2577759
637405,11.2667678,78.20922021428571
637406,11.450540555555555,78.26425755555556
637407,11.490359833333335,78.24339808333333
637408,11.463869428571428,78.19242057142857
637409,11.284684433333334,78.2323108
637410,11.4136372,78.064243
637411,11.310314232000001,78.3581405
637412,11.4107702,78.2137672
637501,11.525931814285714,78.0376612
637502,11.610437285714285,77.99782342857144
637503,11.45100042,78.03876197999999
637504,11.567156666666667,78.0190815
637505,11.503519714285714,78.08842714285713
638001,11.36312268,77.72062078
638002,11.31623888,77.73959357999999
638003,11.356174249999999,77.7236265
638004,11.358556733333332,77.7056515
638005,11.38544775,77.6981828
638006,11.367387,77.745602
638007,11.333048733333333,77.77487856666666
638008,11.388000725,77.7565695375
638009,11.322442825,77.710441975
638010,11.3639633,77.7848031
638011,11.337861,77.70715
638012,11.3202778,77.6779167
638051,11.147541854545453,77.59230583636364
638052,11.270421624999999,77.582489625
638053,11.284883,77.557972
638054,11.3661505,77.452524
638055,11.3305196,77.4902902
638056,11.238795777777778,77.50221711111111
638057,11.311981666666668,77.5404095
638060,11.168078,77.565791
638101,11.160317988888888,77.7039225111111
638102,11.372885499999999,77.668463
638103,11.224454869999999,77.55726529
638104,11.22962441111111,77.7784811
638105,11.022772325,77.7295068
638106,10.844964941176471,77.71430288235294
638107,11.3309055,77.63837975
638108,11.022737916666665,77.68288518333334
638109,11.11744446,77.78518774
638110,11.356275199999999,77.54634056
638111,10.9170744375,77.7092222375
638112,11.255797442857142,77.66899578571429
638115,11.237135125,77.7286106
638116,11.3713628,77.5786516
638151,11.056221054545453,77.85854667272727
638152,11.11174488,77.86857584
638153,11.245155333333335,77.82092833333333
638154,11.20309825,77.84890874999999
638181,11.121088499999999,77.9898225
638182,11.1296751,78.02615615714285
638183,11.439118283333334,77.72087061666667
638301,11.4481015,77.68167866666667
638311,11.5972385,77.7324682
638312,11.476685,77.632559375
638313,11.489094,77.50181566666667
638314,11.575394727272727,77.65411218181818
638315,11.484905000000001,77.5717761111111
638316,11.436240000000002,77.66798399999999
638401,11.582052428571428,77.20894728571429
638402,11.447892090909091,77.224978
638451,11.5010148375,77.11526789999999
638452,11.456897999999999,77.4281105
638453,11.487343599999999,77.38862400000001
638454,11.439587033333334,77.295395
638455,11.42645299,77.55008828
638456,11.373489999999999,77.40620166666666
638457,11.420064499999999,77.34692150000001
638458,11.360474271428572,77.39017991428571
638459,16.05331692857143,72.44403671428572
638460,11.299079833333332,77.28848983333334
638461,11.717373706666667,76.96324304
638462,11.349872142857143,77.24579642857144
638476,11.467448625,77.448575875
638501,11.599445090909091,77.56938000000001
638502,11.541190833333333,77.517734
638503,11.5577311,77.3080448
638504,11.620722166666667,77.68736948333333
638505,11.5318316,77.45218059999999
638506,11.519201666666667,77.36806516666667
638656,10.7336883,77.5293897
638657,10.73677487142857,77.45038832142858
638660,10.9042101,77.46817106
638661,10.770760880000001,77.61792819
638672,10.67960835,77.4772639
638673,10.6965648,77.56993170000001
638701,11.012715705,77.56018186
638702,10.83848888888889,77.40746222222222
638703,10.90093555,77.51154555
638706,10.8475315,77.5682485
638751,11.166954857142857,77.48991842857143
638752,11.1524136,77.4401808
638812,11.250945999999999,77.53179650000001
639001,10.961268500000001,78.07996296666667
639002,10.931646828571429,77.99903571428571
639003,10.918539999999998,78.04865142857143
639004,10.9788541625,78.118152775
639005,8.71031666,62.466211120000004
639006,10.9931111,78.07443054999999
639007,10.906074066666667,78.1072963
639008,10.986666666666666,78.04666666666667
639101,10.867254066666666,78.60421013333332
639102,10.9045382,78.2577291625
639103,10.833994713333333,78.584611165
639104,10.940388875,78.41725695
639105,10.93798889,78.33783611
639107,10.898603171428572,78.39753174285715
639108,10.933838333333334,78.21279666666666
639109,10.824277775,77.982902775
639110,10.834608181818181,78.50904545454546
639111,10.963358022222222,77.93363579999999
639112,10.89478065,78.48635875
639113,11.070240744444444,78.04358951111111
639114,10.947378475,78.1543993
639115,10.883378024999999,78.55722545
639116,11.00755555,78.10818055
639117,11.040044439999999,77.98054444
639118,10.848047614285715,78.14560317142858
639119,10.842132222222222,78.34639777777778
639120,10.826098481818182,78.39001262727272
639136,11.000055549999999,78.01568055
639201,10.782060754545455,77.81303862727273
639202,10.8020062,77.78661829090909
639203,10.687261119999999,77.98278888
639205,10.70202222,77.88027222
639206,10.939022220000002,77.84327222
639207,10.693636363636363,77.85545454545455
641001,10.995448,76.959734
641002,11.0095,76.953
641003,11.011,76.9352
641004,11.025532233333331,76.85478406666667
641005,10.9998611,77.0308056
641006,11.042717733333333,76.9708378
641007,11.005713,76.90555044
641008,10.952767200000002,76.95480553333333
641009,11.011,76.9661
641010,10.967820533333333,76.88154796666667
641011,11.026244,76.94735
641012,11.01969415,76.962067
641013,11.02071,76.93631
641014,11.02581,77.02456000000001
641015,11.00708,77.0229
641016,11.008174839999999,77.00776742000001
641017,11.088307166666667,76.92841220000001
641018,11.00223842857143,76.97298657142858
641019,11.184497766666667,76.95923083333334
641020,11.147634974999999,76.9364504
641021,10.9321025,76.9774725
641022,11.104638366666668,76.9560218
641023,10.964523333333332,76.99154886666666
641024,10.9579,76.9882
641025,11.037664549999999,76.92874845
641026,10.988748300000001,76.94009915000001
641027,11.02685,76.967908
641028,11.00250165,76.99637045
641029,11.06692245,76.95043665
641030,11.0445558,76.93944765
641031,11.11005545,76.94041849999999
641032,10.84895935,76.9613112375
641033,11.01112,77.03619
641034,11.08107,76.94401
641035,11.058785333333333,76.9305602
641036,10.975509,76.994727
641037,11.01788,76.9844
641038,11.01822,76.957959
641039,11.1812,77.0798
641040,11.042,76.9498
641041,11.022355,76.910675
641042,10.95774,76.92312
641043,11.01983,76.9516
641044,11.01743,76.9844
641045,11.004100000000001,77.01699500000001
641046,11.1469125,76.82110829999999
641047,11.165396199999998,76.9432911
641048,11.08639295,77.0509989
641049,11.0611,76.98524
641050,11.0429,77.1139
641062,11.06213245,77.07050662500001
641101,10.947002966666666,76.81165523333333
641103,11.014093133333333,77.07632201666667
641104,11.244333555555556,76.88105811111112
641105,10.8816678875,76.9268983125
641107,11.145199481818182,77.05570674545454
641108,11.079505816666668,76.84993616666667
641109,10.990003488888888,76.81385441111111
641110,11.140655,77.00714371666668
641111,10.990705,76.99865750000001
641112,10.8951113,76.90393929999999
641113,11.223593,76.86985333333332
641114,10.95425995,76.7394058
641201,10.9370124,77.0693354
641202,10.87075555,77.05578055000001
641301,11.2925556,76.9401667
641302,11.333986222222222,77.04113134444444
641305,11.3126544,76.9163682
641401,11.026947,77.16619566666667
641402,11.016007,77.12778298333333
641407,11.0843889,77.1169167
641601,11.1078889,77.3409444
641602,11.087704800000001,77.2364566
641603,10.5698902,77.3018588
641604,11.0517877,77.34323004285714
641605,11.038278949999999,77.339017
641606,18.461132042857145,78.2538781
641607,11.460158,78.49576425
641652,11.208230666666665,77.392704
641653,11.241177635714285,77.1042284
641654,11.155196125,77.4137314375
641655,10.890928,76.89419814285715
641658,11.0086265,77.127472875
641659,11.147047125,77.14559837499999
641662,11.033142000000002,77.21489
641663,11.08411225,77.3294975
641664,11.542544538461538,77.665324
641665,11.01884044,77.34428244
641666,11.207192333333333,77.35292700000001
641667,11.267359,77.83072680000001
641668,11.084832,77.1943396
641669,11.231845777777778,77.53369288888888
641670,11.2116518,77.20158119999999
641671,10.6963493,77.4112672
641687,11.087971666666666,77.304188
641697,11.238631499999999,77.03417733333333
642001,10.65271888,76.97890887999999
642002,10.671603171428572,77.08936904285714
642003,10.648637033333333,77.05496666666666
642004,10.191574066666666,77.31357406666667
642005,10.6361583375,77.06166805
642006,10.9997222,76.9637222
642007,10.698672649999999,76.99090995
642101,10.6338515,76.99188056
642102,10.8282611,76.97282995
642103,10.623184914285714,76.8514881
642104,10.612383333333334,76.9663963
642105,10.469366775000001,76.986346075
642106,10.709343050000001,76.95080555
642107,10.692564440000002,77.07532444
642108,10.5096959,76.99541450000001
642109,10.5772622,77.1611389
642110,10.58838195,76.948709725
642111,10.817536100000002,77.1311611
642112,10.658302833333334,77.28144611666667
642113,10.551363775,77.33485405
642114,10.5419444,76.9831389
642117,10.46726635,76.96859405000001
642120,10.734612499999999,77.09052685
642122,10.569610274999999,77.167079175
642123,10.855240733333332,76.9469074
642125,10.532224533333334,76.97550463333333
642126,10.584314833333332,77.2436852
642127,10.493172116666667,76.9927196
642128,10.5778333,77.2689722
642129,10.558233933333334,76.91604193333335
642130,10.49712795,77.00244075
642132,10.8763952,77.15735806666667
642133,10.7647074,76.96294073333333
642134,10.7418533,76.98967583333332
642154,10.617937275000001,77.2058626375
642201,10.8133471,77.22106836666667
642202,10.822560314285713,77.14350317142858
642203,10.664957375,77.314158725
642204,10.772635157142858,77.143004
642205,10.64320556,77.31192833
642206,10.65609588,77.11047148
642207,10.554989275,76.98991806250001
643001,11.40833456,76.70117112
643002,11.403772428571429,76.70793414285716
643003,11.382860142857142,76.68912942857142
643004,11.372647125,76.667645875
643005,11.4373595,76.61572633333333
643006,11.34945,76.802858
643007,11.428843666666666,76.73701066666666
643101,11.34945,76.802858
643102,11.509337083333333,77.08404545833334
643103,11.377343533333333,76.8196168
643105,79.17,10.8
643201,79.16,10.7
643202,33.16392006666666,54.9607799
643203,79.15,10.49
643204,45.385639000000005,43.509935500000005
643205,11.443998,76.5324455
643206,11.445357666666666,76.71774916666666
643207,11.454725,76.61642900000001
643209,24.8680618,63.4664312
643211,11.522732645454546,76.54456149090909
643212,11.501047400000001,76.4444808
643213,28.3106965,60.093509
643214,11.415308249999999,76.80048675
643215,28.33831125,60.10196575
643216,11.429909425,76.8968384
643217,20.322209586666666,68.09318924666667
643218,45.2393055,43.570874499999995
643219,19.773551875000003,68.393697625
643220,11.408713333333333,76.79779966666666
643221,33.93889566666667,54.60887566666667
643223,11.5063925,76.69327775
643224,11.40602925,76.67023825
643225,11.474738333333335,76.53407133333333
643226,11.4152615,76.5448035
643231,45.573958425,43.695667575
643233,11.4,76.1
643236,34.01315833333333,54.86304766666667
643237,11.427301666666667,76.67537866666667
643238,45.233141,43.788022
643239,11.463963,76.568821
643240,11.503336666666668,76.496597
643241,11.46004,76.522491
643242,45.268823000000005,43.915015000000004
643243,11.378285,76.742614
643253,11.34945,76.802858
643270,11.492,76.382
670001,11.8718156,75.364645
670002,11.8787141,75.3707862
670003,11.86245555,75.38413919999999
670004,11.874535,75.37019
670005,11.89072435,75.37566785
670006,11.874753733333334,75.4102702
670007,11.85071935,75.3944968
670008,11.874535,75.37019
670009,11.899347766666667,75.34882219999999
670010,11.874535,75.37019
670011,11.901953599999999,75.363847
670012,11.76392155,75.4660796
670013,11.874535,75.37019
670014,11.874535,75.37019
670017,11.874535,75.37019
670018,11.874535,75.37019
670051,11.8745,75.3702
670101,11.754456,75.48697066666666
670102,11.735842,75.505228
670103,11.756684,75.505456
670104,11.753368,75.490912
670105,11.766684,75.505456
670106,11.753368,75.490912
670107,11.761683999999999,75.510456
670141,12.041767,75.356861
670142,12.051634211111113,75.40697257777778
670143,12.03475855,75.33838385
670301,11.965522385714285,75.31640862857144
670302,11.874535,75.37019
670303,11.9640417,75.328375
670304,11.874535,75.37019
670305,11.96447525,75.29415945
670306,12.149874555555556,75.33085468888889
670307,12.1243856,75.23001330000001
670308,12.046711825,75.24040395
670309,12.068293766666665,75.2819665
670310,12.041767,75.356861
670325,11.874535,75.37019
670327,12.041767,75.356861
670331,11.9101947,75.37448819999999
670334,12.04696285,75.3363407
670353,12.229016775,75.3156701
670358,11.874535,75.37019
670501,11.874535,75.37019
670502,11.72912205,76.422010625
670503,12.041767,75.356861
670504,11.7264601,75.54691425
670511,12.267803766666667,75.40346723333333
670521,12.14723785,75.250541425
670561,11.926757133333334,75.36242883333334
670562,12.175317666666666,75.31045916666666
670563,12.0287504,75.37615596666666
670567,12.041767,75.356861
670571,12.2215185125,75.46249703125
670581,12.141942425,75.4022006
670582,11.960953224999999,75.5940478875
670591,11.909946666666665,75.41611569999999
670592,11.9261552,75.441522525
670593,11.9781036,75.5249868
670594,11.8837288,75.38905944999999
670595,11.921493499999999,75.46670033333334
670601,11.931361,75.39985
670602,11.977489766666666,75.43624968333333
670604,11.90714045,75.3930699
670611,11.88938935,75.42716615
670612,11.8858858,75.4970644
670613,11.8726351,75.4257715
670621,11.868482325,75.425810775
670622,11.856323025,75.45352815
670631,12.051059599999999,75.5014424888889
670632,12.088397085714286,75.53534444285715
670633,12.086051340000001,75.56500231999999
670641,11.761683999999999,75.515456
670642,11.777789333333333,75.530304
670643,11.826671,75.552614
670644,11.818999999999999,69.51
670645,11.788333333333334,75.98722222222221
670646,11.8775,76.03125
670649,11.751684000000001,75.505456
670650,11.8365902,75.6835359
670651,11.837789333333333,75.74363733333333
670661,11.781684,75.480456
670662,11.753368,75.490912
670663,11.794456000000002,75.460304
670671,33.01778933333333,54.25363733333333
670672,11.734456,75.56030399999999
670673,11.8933368,75.7000912
670674,11.882921,75.780114
670675,11.340842,75.757728
670676,11.753368,75.490912
670691,11.793342,75.557728
670692,11.7626736,75.5721824
670693,11.763394666666665,75.62331866666666
670694,11.766684,75.535456
670701,11.8386736,75.5641824
670702,11.926224533333334,75.5980608
670703,11.951909714285716,75.64441599999999
670704,11.959263111111111,75.71787911111112
670705,12.022921,75.645114
670706,12.016671,75.705114
670708,11.9142,75.5486
670721,11.73857142857143,76.07714285714285
670731,11.74,75.90666666666667
670741,11.841133750000001,75.4650475
671121,12.509763366666666,74.98505303333333
671122,12.510552,74.985688
671123,12.528461,75.02666038333332
671124,12.5339458,75.0115803875
671310,12.198072577777777,75.15781573333334
671311,12.193716666666667,75.14836493333333
671312,12.210382975,75.127516925
671313,12.23784783,75.18319496000001
671314,12.286406377272726,75.17133633181818
671315,12.332115,75.09662
671316,12.369784616666665,75.06994438333334
671317,12.4880815,75.00743826
671318,12.38034495,75.0835042
671319,12.4159413,75.052555525
671320,12.409685,75.093274
671321,12.600049823529412,74.99121089411766
671322,12.673794875,74.980747825
671323,12.71866556875,74.9362268125
671324,12.6312251,74.99325808333333
671326,12.3199056,75.214207
671348,12.601057950000001,75.00879825
671351,12.2752809,75.11025475
671531,12.33380070625,75.1343191375
671532,12.437164022222223,75.28877026666666
671533,12.3479185,75.21584155
671534,12.36769592,75.33314281
671541,12.48792574,75.13331094
671542,12.509210600000001,75.11465477142858
671543,12.549178635714286,75.18004201428572
671551,12.590695583333334,75.06718636666666
671552,12.623283585714287,75.09929635714286
673001,11.248429999999999,75.81281833333334
673002,11.252645000000001,75.80922749999999
673003,11.241763333333333,75.79615166666666
673004,11.247333333333332,75.82
673005,11.276,75.786
673006,11.36,75.82
673007,11.24,75.83333333333333
673008,11.238365555555555,75.89205055555556
673009,11.375,75.92
673010,11.2713225,75.79461375
673011,11.274999999999999,75.78999999999999
673012,11.277645,75.81422749999999
673014,11.242645,75.8792275
673015,11.212645,75.8042275
673016,11.2475,75.83
673017,11.263333333333334,75.83333333333333
673018,11.24529,75.778455
673019,11.227500000000001,75.865
673020,11.274999999999999,75.805
673021,11.24529,75.778455
673027,11.21,75.82
673028,11.24529,75.778455
673029,11.2,75.82
673032,11.242645,75.7842275
673051,11.28226,75.769723
673101,11.608168,75.59171
673102,11.629389333333334,75.57390333333333
673103,11.608168,75.59171
673104,11.6058168,75.612171
673105,11.582722666666667,75.62057
673106,11.627042,75.5879275
673121,11.61,76.1
673122,11.618321428571429,76.07065
673123,11.59,76.205
673124,11.648333333333333,76.105
673301,11.15,75.84
673302,11.24529,75.778455
673303,11.315,75.775
673304,11.3955065,75.74596375
673305,11.443246,75.694674
673306,11.417342,75.731285
673307,11.4604052,75.69277100000001
673308,11.646056,75.58390333333334
673309,11.644084,75.575855
673310,11.699542,75.55042750000001
673311,11.753368,75.490912
673312,11.753368,75.490912
673313,11.753368,75.490912
673314,11.101216733333333,75.84003256666666
673315,11.398671,75.77230916666667
673316,11.753368,75.490912
673317,11.386012999999998,75.76692750000001
673323,11.432044600000001,75.7622114
673328,11.26,75.85
673501,11.644084,75.595855
673502,11.662722666666667,75.60390333333334
673503,11.652042,75.6229275
673504,11.666056,75.63057
673505,11.687042,75.6054275
673506,11.7098168,75.69417100000001
673507,11.671297714285714,75.70655071428571
673508,11.638015272727273,75.73106454545454
673509,11.702042,75.6379275
673513,11.670651636363637,75.78297363636364
673517,11.721361333333334,75.670285
673521,11.564542,75.6079275
673522,11.547042,75.61542750000001
673523,11.5030065,75.68096375
673524,11.532447333333332,75.71931722222222
673525,11.548002888888888,75.76042833333334
673526,11.514008666666667,75.79461833333333
673527,11.4845066,75.81906699999999
673528,11.582004333333332,75.8106425
673529,11.457341999999999,75.681285
673541,11.596361333333334,75.660285
673542,11.627271,75.63396375
673570,11.24529,75.778455
673571,11.30392111111111,75.86760611111112
673572,11.4491,75.8452
673573,11.45625,75.93
673574,11.457432285714287,75.86483642857142
673575,11.64,75.98777777777778
673576,11.543333333333331,76.04
673577,11.490427272727272,76.11908181818181
673579,11.832052222222224,76.10523611111111
673580,11.416666666666666,76.01777777777778
673581,11.546666666666667,76.24333333333333
673582,11.34647,75.94977928571429
673585,11.358571428571427,75.87714285714286
673586,11.468571428571428,75.99857142857142
673591,11.666666666666666,76.19
673592,11.67315789473684,76.27052631578948
673593,11.608333333333334,76.21666666666667
673595,11.62,76.31833333333333
673596,11.700000000000001,76.25714285714285
673601,11.306666666666667,75.95
673602,11.298,76.107
673603,11.404285714285715,76.03999999999999
673604,11.337142857142856,76.07571428571428
673611,11.305881666666666,75.8147425
673612,11.4462026,75.8253855
673613,11.393333333333333,75.83666666666666
673614,11.486547818181817,75.78216863636364
673616,11.3425,75.825
673620,11.456003714285714,75.72197928571428
673631,11.1725,75.85499999999999
673632,11.215096666666668,75.84281833333334
673633,11.192,75.908
673634,10.56663075,76.105509
673635,11.134027,75.895235
673636,11.126609,75.892062
673637,11.1821525,75.914602
673638,11.144302545454545,75.97935581818182
673639,10.569508435714285,76.06450838571428
673640,11.071442999999999,76.0331485
673641,11.129968614285714,76.06417195714286
673642,10.8971396,76.5328996
673645,11.923004500000001,75.7596635
673647,11.245304,75.950804
673655,11.184999999999999,75.85
673661,11.263333333333334,75.96666666666667
676101,10.9138336,75.92148985
676102,10.706632955555555,76.04031342222223
676103,10.92961225,75.94585409999999
676104,10.9087669,75.923295
676105,10.900389133333334,76.03986676666666
676106,10.9153126,76.021559775
676107,10.9256634,75.9119385
676108,10.8572241,75.94045059999999
676109,10.9266264,75.9034974
676121,11.1202965,76.1214445
676122,11.113068777777777,76.125777
676123,11.131566363636365,76.13661463636363
676301,10.88235488,76.05472477999999
676302,10.96458278,75.8919856
676303,11.05095922,75.86121154
676304,11.0507956,75.97645091666666
676305,11.077044966666667,75.95890096666666
676306,11.017824300000001,75.919074525
676307,10.9570431,75.899307525
676309,11.0156933,75.9097365
676311,11.060299,75.91967170000001
676312,11.0832748,75.8490379
676317,11.095385066666665,75.90910103333333
676319,11.070903,75.8536381
676320,10.983003133333334,75.90837943333334
676501,10.989333225,75.971019975
676502,10.9047021,75.891155
676503,10.9948889625,76.025498525
676504,11.0123265,76.0786855
676505,11.0457635,76.0741345
676506,11.039440666666666,76.10517533333334
676507,11.038504666666668,76.12223933333333
676508,11.01189125,75.948257525
676509,11.076775999999999,76.106625
676510,10.968105300000001,76.00005014999999
676517,11.0847685,76.0686325
676519,11.05283,76.06083828000001
676521,11.061750842857142,76.20894288571428
676522,11.101003,76.256602
676523,11.137408316666667,76.3343269
676525,10.9263996125,76.3310594
676528,11.032008,76.03086346666667
676541,11.2117114,76.1224204
676542,11.1366676,76.2352606
676551,10.92424017142857,75.97617735714286
676552,10.909135166666665,76.07617957777778
676553,10.95311348,76.0393024
676561,10.84117385,75.92120925
676562,10.82967595,75.9044038
678001,60.189965325,27.249809250000002
678002,10.799571,76.642318
678003,43.7279355,46.117859
678004,63.484954200000004,26.8393836
678005,54.704057,34.336706
678006,43.7279355,43.708359
678007,54.652590333333336,32.698406
678008,43.7279355,43.708359
678009,43.7279355,43.708359
678010,10.799571,76.642318
678011,10.799571,76.642318
678012,54.704057,34.336706
678013,10.799571,76.642318
678014,10.799571,76.642318
678051,10.775912,76.658204
678101,60.228792750000004,27.1714795
678102,54.736657,32.66823933333334
678103,43.7523855,46.117859
678104,10.799571,76.642318
678501,54.72799033333333,34.278306
678502,54.72799033333333,34.278306
678503,43.7415855,43.661259
678504,10.642185,76.544826
678505,10.642185,76.544826
678506,69.28409833333335,20.153914
678507,54.73452833333334,34.25350866666667
678508,71.54252961538462,18.334202
678510,54.59886166666667,34.22950866666667
678512,10.799571,76.642318
678531,10.799571,76.642318
678532,43.7566855,43.660659
678533,10.799571,76.642318
678534,54.761590333333324,34.298239333333335
678541,10.642185,76.544826
678542,43.5643925,43.690863
678543,60.025496249999996,29.6421315
678544,54.53846166666667,34.325042
678545,43.5643925,46.069113
678546,10.642185,76.544826
678551,60.32569275,29.6415295
678552,54.54449033333333,35.94303933333334
678553,43.8169855,46.117859
678554,43.8169855,43.689659
678555,63.6274342,26.831903599999997
678556,60.32569275,28.427429500000002
678557,54.82279033333333,35.94303933333334
678571,60.01469625,30.831256500000002
678572,63.391757000000005,25.4680252
678573,43.5571925,43.626663
678574,54.52886166666667,34.282242000000004
678581,13.143915444444445,76.16746344444444
678582,13.5444739,75.6407471
678583,12.190744916666667,76.20502258333333
678591,12.00978475,76.52439275
678592,63.4207942,27.8031836
678593,14.629147800000002,76.3314742
678594,43.6878355,46.117859
678595,13.6778278,76.5347342
678596,10.8044695,76.4726855
678597,13.1827695,76.4726855
678598,13.1827695,76.4726855
678601,12.096917375,76.38803387499999
678611,43.6878355,43.712609
678612,54.62625699999999,34.33957266666667
678613,60.077292750000005,27.2479045
678621,54.60112366666667,34.30473933333334
678622,65.55151183333334,24.129919666666666
678623,43.6507355,46.117859
678624,43.6507355,43.660409
678631,65.56801183333333,23.39801966666667
678632,12.281013,76.39402366666667
678633,11.558554875,76.300783875
678641,60.073392750000004,29.664679500000002
678642,60.073392750000004,28.4737295
678651,54.692557,32.306306
678661,43.7876355,46.117859
678671,43.6507355,46.117859
678681,43.5720425,43.611663
678682,54.548661666666675,34.272242
678683,60.03697125000001,28.3738065
678684,63.329957,25.8177252
678685,10.642185,76.544826
678686,43.5720425,46.069113
678687,54.548661666666675,34.272242
678688,43.344342499999996,43.665913
678701,54.810990333333336,34.061906
678702,68.65623562500001,23.167353249999998
678703,43.4363425,43.673813
678704,10.642185,76.544826
678705,10.642185,76.544826
678706,63.23603700000001,24.658565199999998
678721,43.4363425,43.673813
678722,43.4363425,46.069113
678731,43.5150355,46.117859
678732,10.799571,76.642318
678762,10.7874695,76.2998855
679101,10.772476,76.37013
679102,13.986313,76.375357
679103,13.1827695,76.3738355
679104,10.772139,76.369271
679105,10.5020556,76.2025278
679106,10.610132799999999,76.2975974
679121,13.986313,76.375357
679122,12.148934142857144,76.37709585714286
679123,10.7715195,76.3738355
679301,10.7631695,76.4025855
679302,10.887313,76.17849033333333
679303,12.927348777777778,76.19717455555556
679304,13.1827695,76.1445855
679305,12.06383475,76.15464275
679306,13.1827695,76.2261855
679307,12.06383475,76.15464275
679308,12.23663475,75.93654275
679309,13.1827695,76.2261855
679313,10.923219499999998,76.25153549999999
679321,11.294039555555555,76.526808
679322,10.9670202,76.2402312
679323,10.91660225,76.21338675
679324,11.039942428571427,76.13863142857143
679325,10.918342433333333,76.29146957777778
679326,11.059375399999999,76.29134288571429
679327,11.125969333333332,76.277851
679328,10.709459599999999,76.3056434
679329,11.2839808,76.220265
679330,11.296235880000001,76.26692814
679331,11.266785414285716,76.22649888571428
679332,11.2835293,76.32423458888888
679333,11.541457333333334,76.11787366666667
679334,14.154625000000001,77.44604655555555
679335,11.327589833333334,76.31154516666666
679336,11.06858475,76.08236775
679337,13.29773475,76.14654275
679338,18.812706,72.29559142857143
679339,12.449288166666667,76.63827183333333
679340,10.943697019999998,76.23929106
679341,10.9714145,76.31008825
679357,10.931838166666665,76.27761383333333
679501,13.276848428571428,75.782753
679502,13.1827695,76.18238550000001
679503,12.440248428571428,76.04889585714285
679504,11.0264195,76.18238550000001
679505,13.1827695,76.3347355
679506,13.1827695,76.3405855
679511,13.1827695,76.3964355
679512,10.8450695,76.3964355
679513,11.6829878,76.3658942
679514,11.672923166666665,76.41454516666666
679515,10.772139,76.369271
679516,10.772139,76.369271
679521,10.8321695,76.18438549999999
679522,12.748667800000002,76.07345419999999
679523,10.852179666666666,76.122757
679531,10.8138676,76.27329868
679532,10.714701739999999,76.13191622000001
679533,14.6292152,76.16730600000001
679534,13.416119857142858,76.22193871428571
679535,11.8714278,76.0546542
679536,11.788513,53.781757
679551,10.772139,76.369271
679552,10.7840278,76.11105419999998
679553,10.772139,76.369271
679554,10.779569500000001,76.2078855
679561,10.6758126,76.0070549
679562,10.608876675000001,76.069039825
679563,10.9166965,75.977799
679564,10.678039,75.969237
679571,10.868033283333332,76.04008900000001
679572,10.86466,76.0979202
679573,10.745058566666666,76.05416118333333
679574,10.7916089,76.14197785
679575,10.568192566666667,76.12892583333333
679576,10.788380528571428,75.99390392857143
679577,10.7677201,75.9259013
679578,10.7949306,76.0288158
679579,10.719446825,75.9544135
679580,10.702779450000001,75.97484080000001
679581,10.7318362,75.9755907
679582,10.824326300000001,76.00186933333333
679583,17.4870409,78.6027564
679584,15.062853566666666,79.797827
679585,10.7530593,76.0357329
679586,10.7609112,75.934296
679587,10.7151823,75.9784036
679591,10.7689678,76.06874335
680001,10.442317426666667,76.18124560666666
680002,10.5020556,76.2025278
680003,10.524707,76.1911681
680004,10.5221169,76.2011387
680005,10.43357515,76.23049144999999
680006,10.1827651,76.34891036666666
680007,10.496812733333334,76.20266903333334
680008,10.5217043,76.2100109
680009,10.5020556,76.2025278
680010,10.527197300000001,76.2100109
680011,10.5020556,76.2025278
680012,10.500714775,76.166491175
680013,10.5020556,76.2025278
680014,10.161283933333333,76.38686596666666
680020,10.5293056,76.2168889
680021,10.5120556,76.2081944
680022,10.5020556,76.2025278
680026,10.5020556,76.2025278
680027,10.486369,76.21782543333333
680028,10.566996533333333,76.25862093333333
680101,10.148615933333334,76.58395296666667
680102,10.6064522,76.08223659999999
680103,10.521002,76.218011
680104,10.5557512,76.1088606
680121,10.30225,76.20163889999999
680122,10.3338611,76.1835
680123,10.2730926,76.20739813333334
680125,10.3615,76.20226389999999
680301,10.41595,76.26262222
680302,10.4279537,76.29422223333334
680303,10.42425,76.27965280000001
680304,10.43326405,76.43098695
680305,10.377624999999998,76.26180554999999
680306,10.41719567,76.26400939999999
680307,10.306796266666666,76.33637036666666
680308,10.3021972375,76.334650125
680309,10.298208325000001,76.32802777500001
680310,10.3952222,76.2279722
680311,10.357351866666667,76.3108426
680312,10.3715625,76.31497917499999
680317,10.4760278,76.2662639
680501,10.616801,76.13937016666667
680502,10.5020556,76.2025278
680503,10.6513333,76.0704167
680504,10.5020556,76.2025278
680505,10.8173314,76.07268395
680506,10.591185540000001,76.02236556
680507,10.240834266666667,76.16934563333332
680508,10.69107045,76.04730725
680509,10.5323333,76.0855833
680510,10.832282366666666,76.06192576666666
680511,10.567921049999999,76.081036025
680512,10.376919033333333,76.14586973333333
680513,10.51279,76.076883
680514,10.3,76.12
680515,10.371456,75.59444
680516,10.602663,76.006549
680517,10.57030775,76.0674155
680518,10.804112666666667,76.104784
680519,10.69311882,76.09323626
680520,10.628935,76.022664
680521,10.385211,76.031865
680522,10.5341898,76.1275534
680523,10.80458025,75.95198825
680524,10.313309,76.04137
680541,10.5703834,76.17961145
680542,10.36294675,76.2155662
680543,10.564136999999999,76.0587065
680544,10.5440975,76.028528
680545,10.5020556,76.2025278
680546,10.5020556,76.2025278
680551,10.589796633333334,76.13219529999999
680552,10.551908860000001,76.13844415999999
680553,10.5020556,76.2025278
680555,10.5020556,76.2025278
680561,10.041333333333332,76.2701111
680562,10.426240733333332,76.22226853333333
680563,10.457805966666667,76.1875331
680564,10.47783405,76.1720909
680565,10.8761944,75.7173056
680566,10.414625000000001,76.10768055
680567,10.20890556,76.17352222
680568,10.060625,76.2422639
680569,10.446436366666667,76.0898196
680570,10.4258889,76.1165556
680571,10.431291649999999,76.13420835
680581,10.5975110375,76.3189641625
680582,10.5020556,76.2025278
680583,10.995529433333333,77.02912003333334
680584,10.690835625,76.16430485
680585,10.7266782,76.33003135
680586,10.683703244444445,76.35116478888888
680587,10.6815963,76.40393721666666
680588,10.540604116666666,76.44991928333333
680589,10.46366192,76.24568416
680590,10.688669233333334,76.23123930000001
680591,10.5020556,76.2025278
680594,10.6206833,76.3026609
680596,10.5594608,76.19407340000001
680601,10.7973669,76.7789647
680602,10.5720559,76.1212907
680604,10.5167355,76.198835
680611,10.5020556,76.2025278
680612,10.4776111,76.1150556
680613,9.3839167,76.56725
680614,10.480447866666667,76.1191116
680615,10.5023056,76.0609444
680616,10.5146667,76.0550278
680617,10.4937838,76.1527644
680618,10.5020556,76.2025278
680619,10.48523415,76.0717827
680620,10.49375015,76.1408359
680623,10.6484974,76.21601575
680631,10.5598889,76.2350833
680641,10.137891725,76.2458017
680642,10.5020556,76.2025278
680651,10.229561033333333,76.2997266
680652,10.546641450000001,76.31378443333334
680653,10.421628,76.6245825
680654,10.32446,76.170803
680655,10.312081,76.145299
680656,10.323562,76.17142
680661,10.3281944,76.2188056
680662,10.303131950000001,76.2351736
680663,10.247277799999999,76.21231945
680664,10.222847225,76.1972014
680665,10.5020556,76.2025278
680666,10.20150695,76.1657639
680667,10.191981466666666,76.21044443333334
680668,10.354018533333333,76.18417593333334
680669,10.20155555,76.19829164999999
680670,10.2732778,76.2121111
680671,10.385055566666667,76.30716666666666
680681,10.3323125,76.1412986
680682,10.26587778,76.24091111999999
680683,10.3306466,76.25003775714286
680684,10.36823334,76.33107222
680685,10.2962222,76.167
680686,10.300898133333334,76.1485
680687,10.336631950000001,76.15018055
680688,10.3086852,76.1958148
680689,10.3930139,76.2912361
680691,10.2936944,76.1479444
680697,10.2825,76.2625
680699,10.637902775,76.369409725
680701,10.3686528,76.1909028
680702,10.384652775000001,76.140527775
680703,10.379347200000002,76.1391528
680711,10.387104175000001,76.2324861
680712,10.3773333,76.2186389
680721,10.344672844444444,76.41139197777778
680722,10.304268533333333,76.32283333333334
680724,10.3326736,76.382520825
680731,10.2956574,76.25587036666667
680732,10.232038880000001,76.2668
680733,10.293191499999999,76.270073525
680734,10.25669445,76.2818611
680741,10.3630139,76.27563195
680751,10.499470833333334,76.27876735
682001,9.9655556,76.2414167
682002,9.960648166666667,76.25930553333333
682003,9.9495556,76.2774722
682004,9.9345278,76.7508889
682005,9.9353889,76.2584167
682006,9.91621035,76.2754829
682007,9.8829844,76.28663764999999
682008,9.8550594,76.267625925
682009,9.9685833,76.2585278
682010,9.9020556,76.2998333
682011,9.9718611,76.2823056
682012,10.0015833,76.2820556
682013,9.9385556,76.2963333
682015,9.9495278,76.2924444
682016,9.9857778,76.2862222
682017,9.9957222,76.2920556
682018,9.9914167,76.2814167
682019,9.9666111,76.3179444
682020,9.9662222,76.2991667
682021,10.031657766666667,76.3438212
682022,9.7508889,76.3675278
682023,10.0231111,76.2731944
682024,10.03062765,76.30118355
682025,10.0021667,76.3043889
682026,10.0188611,76.0234167
682027,10.048603100000001,76.26752105
682028,9.9966111,76.3189722
682029,9.939864,76.268267
682030,10.2264902,76.327085925
682031,9.982777800000001,76.27944445
682032,9.9842222,76.3123056
682033,10.0405556,76.3180556
682034,10.05725,76.2871111
682035,9.9823889,76.2693056
682036,9.9629444,76.2971667
682037,10.0081667,76.34425
682038,9.95075,76.3334722
682039,10.1102222,76.3595833
682040,9.9280278,76.32225
682041,10.1102222,76.3595833
682042,9.9718611,76.2823056
682050,9.981636,76.299884
682051,9.9704,76.2991
682052,10.0212,76.3438
682301,9.929170025,76.448497925
682302,9.9763056,76.3851944
682303,9.990432433333334,76.39101570000001
682304,9.9378333,76.3233611
682305,9.93595645,76.3798283
682306,10.013617866666666,76.34197723333334
682307,9.838918275000001,76.42290824999999
682308,9.947380477777777,76.43439576666667
682309,10.1102222,76.3595833
682310,9.9927875,76.42884526666667
682311,9.977309316666668,76.48094956666667
682312,10.1813151,76.34934340000001
682313,9.86886784,76.44014494000001
682314,9.783111616666666,76.40181386666667
682315,9.860538575,76.41010407499999
682316,9.6897245,76.52017624999999
682317,9.857605,76.4169931
682501,10.1125278,76.2018611
682502,10.09425,76.2068056
682503,10.0192778,76.2274167
682504,10.0075732,76.25375149999999
682505,10.0473056,76.2175556
682506,10.00871,76.33269920000001
682507,9.92349715,76.25687895
682508,9.9933223,76.2319786
682509,10.06627435,76.21699885000001
682511,10.1102222,76.3595833
682551,10.854627,72.192611
682552,10.854627,72.192611
682553,10.854627,72.192611
682554,10.854627,72.192611
682556,10.854627,72.192611
682557,10.854627,72.192611
682558,10.854627,72.192611
682559,10.854627,72.192611
683101,26.665530725,59.794463775
683102,9.581709199999999,76.36559525000001
683104,10.484093933333334,76.19212026666668
683105,10.105962233333335,76.39781986666667
683106,10.43,76.96
683108,10.1078786,76.34572105000001
683110,10.05809785,76.3992279
683111,10.1102222,76.3595833
683112,10.1102222,76.3595833
683501,10.074061266666666,76.2998775
683502,10.71,76.54
683503,10.0430833,76.3285833
683511,11.427956380000001,76.2241994
683512,10.1722778,76.2368056
683513,10.27479108,76.35995141999999
683514,10.1391111,76.1934444
683515,10.1729722,76.1767222
683516,10.185935500000001,76.201044
683517,10.070478900000001,76.27586065
683518,10.427198449999999,76.26933545
683519,10.47966495,76.51825595
683520,10.141380700000001,76.26176846666667
683521,10.1783611,76.2246944
683522,10.1628476,76.20219839999999
683541,12.833180550000002,76.498195825
683542,10.1154167,76.4764722
683543,10.97,76.59
683544,10.166753971428571,76.51204285714286
683545,13.771079633333335,76.35633539999999
683546,10.54861112,76.02754444000001
683547,12.8518111,76.41674165
683548,10.1154167,76.4764722
683549,13.0517,76.37195
683550,10.31,76.98
683556,10.129104175,76.616872225
683561,10.1083306,76.37929545
683562,10.27763785,76.464733
683563,10.1102222,76.3595833
683565,10.0340334,76.40056287499999
683571,10.1258889,76.3854444
683572,13.182767457142857,76.40616824285713
683573,10.1761111,76.3753056
683574,10.142187942857143,76.43146677142856
683575,10.144712,76.42816583333332
683576,10.242938800000001,76.39361245
683577,10.746978,76.1704677
683578,10.155096666666665,76.3204265
683579,10.185312674999999,76.32590875
683580,10.13292615,76.39924905000001
683581,10.72317974,76.3114602
683585,10.1283581,76.35646645
683587,10.1835556,76.5034167
683589,10.1618889,76.3689722
683594,10.3632228,76.41443236666667
685501,735.5680593,76.9690424625
685503,9.619559333333333,76.78271533333333
685505,9.677448479999999,76.94759718
685507,9.628737399999999,77.53412105000001
685508,9.7539444,77.1160833
685509,10.9732051,77.62909218333333
685511,9.73651732,77.06527267999999
685512,9.711378700000001,77.14674515
685514,9.833949445454545,77.05506201818183
685515,10.01245187,76.93605933
685531,9.906733114285714,76.775214
685532,9.550010333333333,76.78821833333333
685533,9.597669657142857,77.06157671428572
685535,9.62553735,77.121961325
685551,9.7373631,77.17194133333334
685552,9.5664482,77.19436803333333
685553,9.924677225,77.0278732125
685554,9.907330666666667,77.1832868
685561,10.0266531625,76.925849825
685562,10.120952925,76.86727765
685563,9.67154715,77.084179975
685565,10.108288623076923,76.95845443846154
685566,9.70211544,77.08231656000001
685571,9.7946655,76.9393585
685581,18.2797322875,68.437372825
685582,9.955775925000001,76.749029525
685583,9.867351766666667,76.65276413333333
685584,9.895198350000001,76.71877620000001
685585,9.573122633333332,76.67695573333333
685586,9.9959393,76.540068075
685587,14.952854,75.41478599999999
685588,10.118025444444445,76.59724232222223
685589,9.78665605,76.84704121666667
685590,9.81579765,76.7999055
685591,9.8137778,76.8245
685595,9.899424233333333,76.8291481
685601,9.7958111,76.878458
685602,9.901300133333333,76.91295917777778
685603,9.8537778,76.9480833
685604,10.21470355,76.809085125
685605,9.917152524999999,76.7406461
685606,12.015924557142856,78.47216988571428
685607,9.99051052,76.81084878
685608,13.362327133333332,73.33086614444444
685609,9.789914333333334,76.96271033333333
685612,10.088798557142857,77.05526698571428
685613,9.8881593,77.07209693333333
685614,10.07677385,77.13334950000001
685615,10.160004525,77.23667205
685616,10.1085038,77.1307498
685618,10.057063733333333,77.14742263333333
685619,9.820416254545455,77.16886571818182
685620,23.637968620000002,63.791580120000006
686001,9.591566666666667,76.52104333333334
686002,9.6042778,76.5319722
686003,12.58838055,76.51571945
686004,11.088716675,76.527141675
686005,9.5869,76.5213
686006,9.6181389,76.5307778
686007,9.5869,76.5213
686008,11.01530475,76.51951625
686009,9.5869,76.5213
686010,9.59075,76.5654444
686011,12.546700000000001,76.5333
686012,13.576963333333333,76.52470333333333
686013,9.560609999999999,76.52241666666667
686014,12.602405000000001,76.50516
686015,12.421700000000001,76.51525000000001
686016,12.5923528,76.52495835
686017,9.4067,76.529
686018,9.5705,76.55684
686019,11.07654305,76.54193055
686020,11.4709,76.52753333333334
686021,9.5693,76.5263
686022,9.25,76.53
686041,9.25,76.53
686101,9.446238333333334,76.541522
686102,9.479577,76.4960762
686103,9.457526333333334,76.53353933333334
686104,9.463676,76.5467855
686105,9.4467775,76.5889075
686106,9.467767,76.553529
686121,12.639605,76.779225
686122,9.68633,76.77261
686123,9.42,76.69
686141,9.7496389,76.3901944
686143,9.49855,76.46260000000001
686144,11.586833333333333,76.49346666666666
686146,12.545975,76.4289
686501,9.718792,76.54249100000001
686502,9.58567557142857,76.64368342857142
686503,9.5937835,76.676806
686504,9.566854500000002,76.714921
686505,9.554593,76.71665
686506,9.562854,76.76374857142856
686507,9.555345,76.790429
686508,9.607841666666667,76.77731466666667
686509,9.481511000000001,76.8512792
686510,9.4318405,76.920665625
686511,9.427791,76.8584025
686512,9.623777666666667,76.82707066666667
686513,9.512232875,76.916884375
686514,9.604678666666667,76.89204677777778
686515,9.551480000000002,76.6897395
686516,12.421700000000001,76.68825000000001
686517,9.537989,76.719642
686518,9.53823525,76.81267525
686519,9.532886666666666,76.76344233333333
686520,9.52477975,76.778376
686521,9.5414265,76.6545225
686522,9.597256999999999,76.73844199999999
686531,9.521471,76.522999
686532,9.502246333333332,76.54056833333333
686533,9.5235045,76.5364795
686534,9.493355333333334,76.49301533333333
686535,9.481647666666667,76.54011633333333
686536,9.487505333333333,76.59569533333332
686537,9.424374,76.584759
686538,9.4315906,76.5752838
686539,9.52430825,76.601808
686540,9.50021825,76.6385175
686541,9.553737,76.70606457142857
686542,9.506814666666665,76.65576833333334
686543,9.495786,76.75497899999999
686544,9.472864428571429,76.772348
686545,9.477501,76.61193499999999
686546,9.457432,76.5919825
686547,9.455928,76.737798
686548,9.425617,76.562623
686555,9.5334445,76.675737
686560,9.6,76.4333
686561,9.425,76.48165
686562,12.628797200000001,76.4838028
686563,9.598659999999999,76.433176
686564,11.281058285714286,76.42331714285714
686571,12.65445,76.607
686572,9.508566666666667,76.77023333333334
686573,13.185640000000001,76.70304
686574,12.57185111,76.70068943999999
686575,9.7127579,76.68428213333333
686576,11.2484958375,76.66101945
686577,11.615133333333333,76.65858333333334
686578,11.382035714285715,76.72422714285715
686579,10.83224,76.75468000000001
686580,13.23726444,76.81254555999999
686581,9.873650000000001,76.42705000000001
686582,12.201426428571429,75.90146457142858
686583,12.5067,76.53205
686584,10.126583333333334,76.46219333333333
686585,9.6250705,76.6990515
686586,11.427,76.453075
686587,11.384500000000001,76.41307499999999
686601,12.63937,76.505585
686602,12.421700000000001,76.51735
686603,9.74744222,76.45747888000001
686604,11.540322233333335,76.5134389
686605,11.717883333333333,76.44912592222221
686606,11.523166666666668,76.44766666666666
686607,11.518433333333334,76.46033333333334
686608,9.8017875,76.39518472500001
686609,9.34,76.29
686610,11.6346,76.45673333333333
686611,12.6068,76.573825
686612,12.059520000000001,76.49008
686613,9.807442219999999,76.52806333999999
686616,9.46,76.28
686630,9.669,76.5592
686631,12.631474816666667,76.55888648333334
686632,9.680083333333334,76.55540186666667
686633,12.220802385714288,76.55816348571429
686634,12.568950000000001,76.59190000000001
686635,12.57145,76.5169
686636,13.185840000000002,76.51536000000002
686637,8.7802,76.8449
686651,12.220679166666665,76.549061575
686652,10.725833333333334,76.52091666666666
686653,9.7137531,76.682928
686661,9.9801667,76.5805
686662,10.881792489999999,77.48467207
686663,9.936562275,76.49131944999999
686664,12.327154757142859,76.48988884285714
686665,9.711804299999999,76.679454
686666,10.05375,76.61925
686667,10.856526483333333,76.46456743333333
686668,9.97195295,76.67825751666666
686669,9.901033625,76.5045184
686670,10.727589283333332,76.68143973333333
686671,10.001559542857143,76.53579141428573
686672,9.812997450000001,76.459574175
686673,9.990987923076924,76.58491409230768
686681,13.46514814,77.94617518
686691,11.48066222,76.71374833
686692,12.851612266666669,76.63840836666667
686693,14.158936112500001,76.744353475
688001,9.4990139,76.33529165
688002,9.488295,76.334055
688003,9.330544450000001,76.26641445
688004,9.4193056,76.3353056
688005,9.40162,76.363893325
688006,9.5398825,76.3584286
688007,9.511169633333333,76.32756776666668
688008,9.52954,76.31307
688009,9.4554789,76.3637339
688011,9.8757649,76.255277
688012,9.4991944,76.3259722
688013,9.50419445,76.3427639
688014,9.4571944,76.3346389
688501,9.483842,76.392096
688502,9.4485828,76.42148335
688503,9.4429248,76.4134489
688504,9.4520974,76.4408687
688505,9.412077499999999,76.404375275
688506,9.47927088,76.46975155999999
688521,9.5381389,76.3322778
688522,9.54764,76.32001813333333
688523,9.606539999999999,76.31538499999999
688524,9.692656666666666,76.33455776666666
688525,9.60499,76.35916
688526,9.801033333333335,76.34716666666667
688527,9.661334,76.373498
688528,9.7744167,76.3389167
688529,9.715065,76.30308
688530,31.879583333333333,54.07164666666667
688531,9.741914999999999,76.302875
688532,9.699648133333334,75.0056389
688533,9.78508,76.30272
688534,9.4995,76.33819
688535,9.864065,76.33102
688536,9.7239722,76.3398611
688537,9.747125,76.3167975
688538,9.568859999999999,76.34866406666667
688539,9.668592,76.33495
688540,9.773391866666666,76.29866593333334
688541,9.74763,76.36680333333334
688555,9.6488056,76.3693611
688561,9.32242685,76.37154148333333
688562,9.3723011,76.411566675
688570,9.8355,76.3515
688582,9.63068,76.325605
689101,9.3344722,76.5694861
689102,9.540699,76.67341533333332
689103,9.4239295,76.595936
689104,9.4244035,76.380526
689105,9.384142899999999,76.58863533333334
689106,9.3111554,76.679703
689107,9.495103,76.7287465
689108,9.439931000000001,76.4537465
689109,9.455493,76.51452599999999
689110,9.4356935,76.4687465
689111,9.39,76.57
689112,9.376545499999999,76.522706
689113,9.366003,76.54592550000001
689115,9.43,76.8
689121,9.35043055,76.70636110000001
689122,9.310535333333334,76.637146
689123,9.323626666666668,76.63420233333333
689124,9.330926250000001,76.60069
689126,9.3016055,76.6117365
689501,9.213468257142859,76.64246428571428
689502,9.246666666666668,76.71333333333332
689503,9.245583328571428,76.68742857142857
689504,9.555,76.62
689505,9.388770666666666,76.39832733333333
689506,9.326921,76.57772
689507,9.7,76.7
689508,9.247446333333334,76.44075333333333
689509,9.167843999999999,76.751138
689510,9.3051315,76.57483049999999
689511,9.278756666666666,76.57391333333334
689512,9.4995,76.3381944
689513,9.155000000000001,76.64500000000001
689514,9.28741665,76.68459720000001
689515,9.202836,76.676212
689520,9.2933595,76.47294049999999
689521,9.57,76.07
689531,9.34891,76.653919
689532,9.2985728,76.6878004
689533,9.317859333333333,76.68093633333332
689541,9.42089775,76.732248
689542,9.377049,76.63114233333333
689543,9.392417,76.65071825000001
689544,9.4070692,76.6813378
689545,9.376698,76.6988385
689546,9.350371,76.623942
689547,9.3612489,76.65841836666667
689548,9.6954461,76.66060985
689549,9.345030000000001,76.695431
689550,9.361472,76.701904
689551,9.358918,76.614879
689571,9.5812275,76.6312675
689572,9.4175932,76.4751264
689573,9.3679004,76.45406820000001
689574,9.18,76.89
689581,9.43737115,76.608911825
689582,9.406394333333333,76.51621233333333
689583,9.45,76.65
689584,9.44,76.65
689585,9.439395,76.6552018
689586,9.418748,76.71607900000001
689587,9.436809666666667,76.67520866666666
689588,9.8477465,77.891903
689589,9.6321735,76.5852445
689590,9.486552,76.63717866666667
689591,9.66,76.93
689592,9.37,76.56
689594,9.437292,76.62841549999999
689595,9.5242138,76.5597882
689597,9.94,76.26
689602,9.37,76.56
689611,9.358713,76.7223135
689612,9.373069999999998,76.73315249999999
689613,9.394754500000001,76.7308085
689614,10.108587,77.93819400000001
689615,9.4100645,76.74880150000001
689621,9.6631478,76.48283324
689622,9.463666933333334,76.52624226666667
689623,9.18,76.36
689624,9.246371,76.298996
689625,9.2625,76.74
689626,9.33,76.36
689627,9.4995,76.3381944
689641,9.327909725,76.709319425
689642,9.466666666666667,76.64666666666666
689643,9.290000000000001,76.6842857142857
689644,9.61,76.83
689645,9.1621389,76.853625
689646,9.2351111,76.8060463
689647,9.242333325,76.75443055
689648,9.352500000000001,76.8
689649,9.44,76.79666666666667
689650,9.309999999999999,76.87
689652,9.0,76.91
689653,9.36,76.77799999999999
689654,9.13,76.87
689656,9.22,76.60666666666667
689661,9.58,76.74
689662,9.34769445,76.93134375
689663,9.362,76.92999999999999
689664,9.450000000000001,76.81666666666666
689666,9.77,76.76
689667,9.355,76.915
689668,9.535,76.705
689671,9.245,76.42
689672,9.349230157142857,76.78644841428572
689673,9.381347225,76.7937361
689674,9.358569450000001,76.7718125
689675,9.5949722,76.851
689676,9.513333333333334,76.61333333333333
689677,9.515,76.715
689678,9.273333333333333,76.54
689691,9.205303027272727,76.81173484545455
689692,9.246,76.87
689693,9.271666666666667,76.79
689694,9.103333333333333,76.71
689695,9.177515433333333,76.77409876666667
689696,9.13,76.89555555555555
689698,9.434999999999999,76.78999999999999
689699,9.233333333333334,76.75
689711,9.3726145875,76.852840275
689713,9.42221,77.0691
690101,9.240511425,76.53690370000001
690102,9.347202,76.3773315
690103,9.31145025,76.47255135
690104,9.253666666666666,76.50773633333334
690105,9.4353782,76.4825144
690106,9.29089575,76.4742021
690107,9.259139,76.41982833333333
690108,9.374749999999999,76.4590972
690110,9.23695315,76.60828985
690501,9.360246666666667,76.644382
690502,9.175725400000001,76.497327
690503,9.3007698,76.5681285
690504,9.16147796,76.65183428
690505,9.16951075,76.597258225
690506,6.206648266666666,76.4529316
690507,9.239374999999999,76.47876389999999
690508,9.355491,76.4268447
690509,9.3400895,76.5371095
690510,9.39,76.06
690511,9.41,76.2
690512,9.387140500000001,76.4092862
690513,9.261463899999999,76.46009415
690514,9.298674974999999,76.460576325
690515,9.3124635,76.3933466
690516,9.3232765,76.4035286
690517,9.355626599999999,76.41998028
690518,9.06,76.54
690519,9.0432565,76.51528775
690520,9.16,76.595
690521,9.038022219999998,76.61791112
690522,9.14,76.7025
690523,9.082499,76.5139125
690524,9.345,76.60499999999999
690525,9.1,76.5
690526,9.125,76.525
690527,9.3328685,76.41541620000001
690528,9.105,76.50999999999999
690529,9.280327,76.3354555
690530,9.47,76.16
690531,9.343094,76.3939392
690532,9.7518056,76.0341944
690533,9.259342333333334,76.46525213333332
690534,9.5251415,76.3454165
690535,9.689913666666667,76.34077246666668
690536,9.0375,76.55
690537,9.4995,76.3381944
690538,9.02,76.61
690539,9.051852,76.332077
690540,9.216666666666667,76.8
690542,9.076666666666666,76.49666666666667
690544,9.075,76.53
690546,9.09,76.49
690547,9.125018425,76.490920525
690548,9.358413666666666,76.39488180000001
690558,9.488253,76.62383833333332
690559,9.4995,76.3381944
690561,9.106666666666667,76.54
690571,9.63,76.86
690572,9.346975,76.4190332
690573,9.046666666666667,76.51
690574,9.114999999999998,76.585
691001,8.79562825,76.5288685
691002,8.89,76.59
691003,8.91,76.56
691004,8.895,76.61500000000001
691005,8.91,76.64
691006,8.87,76.59
691007,8.88,76.57
691008,8.89,76.6
691009,8.89,76.58
691010,8.875,76.61
691011,8.86,76.625
691012,8.9,76.57
691013,8.89,76.58
691014,8.93,76.64
691015,8.9,76.62
691016,8.86,76.61
691019,8.9,76.61
691020,8.86,76.64
691021,8.879999999999999,76.62
691301,8.81,76.67
691302,8.8,76.695
691303,8.835,76.655
691304,8.85,76.66
691305,9.0144444,76.9284722
691306,8.913522727272728,76.89549242727273
691307,9.114,77.0
691308,8.663333333333334,77.13333333333333
691309,8.950000000000001,77.21
691310,8.815714285714286,77.16857142857144
691311,8.8760648,76.96269443333334
691312,8.932432542857143,76.92857937142857
691319,8.79,76.67
691322,9.2125,76.9
691331,9.078333333333333,76.90833333333333
691332,9.027430549999998,76.90844444999999
691333,8.98610185,76.9197963
691334,8.835,76.69
691500,9.02,76.63
691501,8.966,76.684
691502,9.0,76.63333333333334
691503,8.985,76.6725
691504,8.94,76.68
691505,8.985555555555557,76.72777777777777
691506,9.0,76.77
691507,9.04,76.72
691508,9.036635799999999,76.84728703333333
691509,8.942,76.72
691510,8.88,76.77333333333333
691511,8.95,76.64500000000001
691512,8.950000000000001,76.76
691515,8.93,76.71
691516,8.87,76.80666666666667
691520,8.93,76.80666666666666
691521,9.08,76.74
691522,9.340000000000002,76.75333333333333
691523,9.1568056,76.7304167
691524,9.293333333333335,76.60666666666667
691525,9.17,76.52333333333333
691526,9.2125,76.7375
691527,8.97,76.78
691530,9.2642778,76.78725
691531,8.987142857142858,76.78571428571429
691532,8.95,76.845
691533,8.995555555555557,76.79666666666667
691534,8.862499999999999,76.86250000000001
691535,8.83,76.87
691536,8.825454545454546,76.93
691537,8.894,76.76599999999999
691538,8.983333333333334,76.85000000000001
691540,8.93,76.705
691541,8.816666666666668,77.01333333333334
691543,9.02,76.685
691551,9.278,76.668
691552,9.176666666666668,76.55333333333333
691553,8.89,76.62333333333333
691554,9.153162033333333,76.74641203333333
691555,9.149999999999999,76.7575
691556,8.816666666666668,76.54
691557,9.03,76.821
691559,8.8125,76.97
691560,9.045444433333333,76.78666666666668
691566,9.03,76.765
691571,8.87,76.68
691572,8.86,76.71
691573,8.883333333333335,76.72333333333334
691574,8.816666666666668,76.77333333333333
691576,8.9,76.69333333333333
691577,8.906666666666666,76.66333333333334
691578,8.83,76.74
691579,8.8775,76.735
691581,8.92,76.55
691582,8.95,76.535
691583,9.0,76.54
691584,8.98,76.55000000000001
691585,8.985,76.56
691589,8.87,76.66
691590,8.99,76.58
691601,8.945,76.60625
691602,8.946666666666667,76.59333333333332
695001,8.6653889,76.556625
695002,8.46656945,76.97456945
695003,8.415005,76.76893335
695004,8.9985463,76.7499352
695005,8.42954055,76.77148335000001
695006,8.6653889,76.586625
695007,8.8307778,76.16325
695008,8.424367775,76.835263325
695009,8.6329028,76.893875
695010,8.5120278,76.9707222
695011,8.59384416,76.7660038
695012,8.5356726,76.574232
695013,8.52431112,76.99715
695014,8.476225933333334,76.43925
695015,8.5526528,76.9375139
695016,8.8307778,76.16325
695017,8.5524167,76.9153611
695018,8.4710278,76.98
695019,8.8307778,76.16325
695020,8.440965275,77.025284725
695021,8.6168556,76.65387966666667
695022,8.8307778,76.16325
695023,8.38371,76.75324499999999
695024,8.44366945,76.546705
695025,8.8307778,76.16325
695026,9.103181800000002,76.5108898
695027,8.43066665,76.95481945
695028,8.517785,76.811985
695029,8.5,76.92
695030,8.8307778,76.16325
695032,8.479864,77.001323
695033,8.505379633333334,76.9479259
695034,8.8307778,76.16325
695035,8.49120835,76.94170835
695036,8.8307778,76.16325
695038,7.523255,75.37438
695040,8.7918889,76.7857222
695042,8.432444,77.014704
695043,8.653592600000001,76.69775
695051,8.48479,76.9427
695099,8.8307778,76.16325
695101,8.6858333,76.8023056
695102,8.72470226,76.82099282
695103,35.90978199999999,49.5198498
695104,42.70400933333334,42.689616
695121,8.323236099999999,76.06175
695122,22.40989242,77.09540494000001
695123,8.4906414,77.0378575
695124,8.433927780000001,77.12992222
695125,8.483199066666666,77.14679166666667
695126,8.5692639,77.11991665
695132,8.368762,77.104447
695133,8.361866666666666,77.08076666666666
695134,8.362619,77.09242
695141,25.733242849999996,59.724093075
695142,8.432657,76.451358
695143,31.413684,54.09119723333333
695144,53.97057966666667,31.324456666666663
695145,54.075101866666664,31.418388899999997
695146,8.521491,76.58219199999999
695301,31.329245733333334,54.09746356666667
695302,8.363951,76.49519
695303,42.582398,42.551299
695304,54.080620366666665,31.365481466666665
695305,54.08299073333333,31.364083333333337
695306,63.15571112,22.298099999999998
695307,8.546597,76.594401
695308,8.241236,76.46271
695309,42.586219,42.556472
695310,8.7583111,76.73435115
695311,8.76526834,76.69631954
695312,8.70087615,76.76410179999999
695313,42.505,42.435
695316,8.5935077,76.8560255
695317,8.381508,76.504614
695318,8.83,76.28
695501,8.5887536125,76.981337325
695502,8.325148133333334,77.1483148
695503,8.5259861,77.1828889
695504,8.4018889,77.180104175
695505,8.497873736363637,77.18594697272728
695506,8.31954075,77.1061005
695507,8.4594167,77.0618611
695508,8.3719862,77.1413265
695512,8.433633133333332,77.10446673333333
695513,9.215521,76.496792
695521,8.377462966666668,77.00278703333333
695522,9.320859200000001,76.8715562
695523,8.968527,76.892819
695524,8.38458335,77.09163889999999
695525,8.332477666666668,77.08043233333333
695526,8.343625,77.04930555
695527,8.39125575,76.97935915
695528,8.44025,77.0329722
695541,8.618293211111112,77.03366975555555
695542,8.63824722,77.08878333
695543,8.559099728571429,77.05603611428572
695547,8.371372,77.015726
695551,8.68531944,77.10833056
695561,8.632562499999999,76.98686805
695562,8.722152775,77.02024305
695563,8.6799453,77.0144791857143
695564,8.56907,77.00340933333332
695568,8.683676333333333,76.98386266666667
695570,8.5106,77.0519
695571,8.485018833333333,77.0332566
695572,8.508447533333332,77.12010802222223
695573,8.55917778,76.96713888
695574,8.561385000000001,77.12740325
695575,8.543146666666667,77.08984766666667
695581,8.563416700000001,76.898799325
695582,8.5615833,76.8714722
695583,8.52204205,76.88210939999999
695584,65.50798148333334,19.989263883333333
695585,8.5736782,76.8741213
695586,54.0912255,31.323170933333333
695587,8.340653,76.543952
695588,8.5736733,76.8495128
695589,42.17129,41.937055
695601,8.767329322222222,76.85884981111111
695602,8.808964333333334,76.82453346666667
695603,8.790564925,76.77605915000001
695604,8.7562404,76.7340668
695605,8.7534217,76.802169025
695606,8.715849283333334,76.89808783333334
695607,51.329027525,34.2654566125
695608,8.754320074999999,76.93168262500001
695609,8.6768202,76.990206
695610,8.621646666666667,76.82243166666666
695611,8.322446,76.435025
695612,8.754462766666668,76.88523400000001
695614,8.687905333333333,76.76272300000001
695615,63.2264308,22.2182516
700001,22.431713676923078,88.26323846153846
700002,22.8862077375,87.8101047625
700003,22.603120333333333,88.36824996666667
700004,22.593725733333333,88.3666769
700005,22.59609715,88.35872205000001
700006,22.588581685714285,88.36744062857143
700007,22.582617566666666,88.35805736666667
700008,22.482,88.3104166
700009,22.34371775,88.22413685000001
700010,22.3366687,88.23673966666667
700011,22.3431482,88.2246378
700012,22.569509266666667,88.35674999999999
700013,22.5647778,88.3603889
700014,22.375979140000002,88.24730934
700015,22.34199793333333,88.22452866666667
700016,22.5597685,88.35675926666666
700017,22.378334475,88.250583275
700018,22.5225994,88.28516809999999
700019,22.52656945,88.36264353333333
700020,22.539951625,88.3477348
700021,22.3895,88.3375278
700022,22.54627775,88.32724999999999
700023,22.541673557499998,88.323604125
700024,22.54082635,88.285173575
700025,22.538666666666668,88.34982409999999
700026,22.519005949999997,88.34546893333334
700027,22.52681015,88.33219903333334
700028,22.55988435714286,88.3728805
700029,22.517249975,88.35418745
700030,22.471942600000002,88.33962593333332
700031,22.507125000000002,88.37181945
700032,22.495564833333333,88.35991666666666
700033,22.504101833333333,88.34649073333333
700034,22.498042400000003,88.31864221666666
700035,22.64792715,88.3658083
700036,22.634074066666667,88.3657963
700037,22.60888196666667,66.38644406666667
700038,22.5068055,88.3234166
700039,19.93784002,72.6482381
700040,22.48340263333333,88.35204646666666
700041,22.5010972,88.32011109999999
700042,22.5453765,88.36569025
700043,22.5155868,88.3206012
700044,22.5521666,88.26711105000001
700045,22.5065,88.3569444
700046,22.3243402,88.22551405
700047,22.4725972,88.37643055
700048,22.359368766666666,88.23756783333333
700049,22.66,88.4
700050,22.628500000000003,88.38456945
700051,22.66,88.42500000000001
700052,22.636620366666666,88.43124073333333
700053,22.509222174999998,88.33115967500001
700054,22.3445234,88.23250614
700055,22.513281966666668,88.35396033333335
700056,22.668402783333335,88.38565278333333
700057,22.67,88.36500000000001
700058,22.685000000000002,88.37
700059,22.368336475,88.2540588
700060,22.508791600000002,88.29474995
700061,22.47963666,88.29203767999999
700062,22.3049,88.2056
700063,22.466234566666667,88.30073863333332
700064,22.411263525,88.282369875
700065,22.56204305,88.362877775
700066,22.5727778,88.3475
700067,22.5926111,88.38597215
700068,22.5064444,88.3668889
700069,22.5660972,88.3504722
700070,22.4075639,88.28798610000001
700071,22.557851833333334,88.36252776666667
700072,22.5601759,88.35550003333333
700073,22.39003556,88.2402
700074,22.62030556666667,88.40880556666667
700075,22.462713225,88.3388521
700076,22.66,88.36
700077,22.6310278,88.3969444
700078,22.5076186,88.38383853333333
700079,22.64,88.43
700080,22.6009028,88.38433334999999
700081,22.65,88.44
700082,22.5222914,88.34368549999999
700083,22.630000000000003,88.37
700084,22.319,88.22066666666667
700085,22.3413329,88.23247
700086,22.48275,88.386
700087,22.5588889,88.3551111
700088,22.513819400000003,88.3069583
700089,22.3629873,88.24602
700090,22.56269375,88.36959485
700091,22.347274,88.25330703333333
700092,22.4854167,88.3686944
700093,22.28,88.2242
700094,22.487982033333335,88.39712473333334
700095,22.4970278,88.3573611
700096,22.274,88.215
700097,22.3421678,88.2419133
700099,22.4954527,88.4017125
700100,22.3143584,88.25855
700101,22.3620408,88.2519974
700102,22.3530673,88.2556151
700103,22.3855926,88.36729813333334
700104,22.444191714285715,88.28838814285714
700105,22.329053766666664,88.24589676666666
700106,22.3417606,88.2454115
700107,22.5093758,88.40471485
700108,23.4022051,86.97836056666667
700109,22.68,88.39
700110,22.692739285714286,88.398698
700111,23.2005615,88.622921
700112,22.72,88.39
700113,22.639090333333332,88.37842533333333
700114,22.7,88.37
700115,22.71,88.37
700116,22.7,88.37
700117,22.72666666666667,88.37333333333333
700118,22.73,88.38
700119,22.735999999999997,88.376
700120,22.76875,88.35375
700121,22.765,88.43
700122,22.773333333333337,88.37666666666667
700123,22.756666666666664,88.37
700124,22.716305566666666,88.4819891
700125,22.750409914285715,88.49811078571429
700126,22.748979925,88.4607799
700127,22.7098333,88.4678333
700128,22.67198482,75.35945438
700129,22.697996333333332,88.46527596666665
700130,22.705042199999998,88.44742473333334
700131,22.688455225,88.4455293
700132,22.6650268,88.6651655
700133,22.6629722,88.8713889
700134,22.67,88.83
700135,22.5908050625,88.53459564166667
700136,22.64142965,88.4563994
700137,22.466763636363638,88.21943808181818
700138,22.4162,88.12762500000001
700139,22.425699999999996,88.25166666666667
700140,22.503436566666664,88.2542891111111
700141,22.494842588888886,88.25205395555555
700142,22.3421,88.215
700143,22.3057,88.1727
700144,22.3615,88.4321667
700145,22.41836,88.44774
700146,22.2545,88.2559
700147,22.2445,88.2559
700148,22.4163055,88.4068194
700149,22.333285333333333,88.28858866666667
700150,22.45736942857143,88.43012932857143
700151,22.3823955,88.297596
700152,22.2832778,89.2292639
700153,22.3421,88.215
700154,22.356606499999998,88.2881955
700155,22.6912471,88.4770194
700156,22.514794,88.41759725
700157,22.3587103,88.26844905
700158,22.68,88.44
700159,22.36671065,88.25847350000001
700160,22.5655278,88.4013056
700161,22.5567418,88.3686631
700162,22.5909343,88.4544308
700163,22.5831,88.4538
711101,22.450145475,88.3306356
711102,23.0959346,88.45649282857143
711103,22.560562525,88.3093611
711104,22.556373344444445,88.28857157777777
711105,22.59966155,88.31423445
711106,22.641645733333334,88.34742866666666
711107,22.6144722,88.35169445
711108,23.0191666,88.5302777
711109,22.627016625,88.270146375
711110,26.1413,80.0275
711111,22.5804,88.2751
711112,22.590866650000002,88.28608335
711113,22.6062,88.294
711114,22.615888866666666,88.29289256666668
711115,22.650242,88.281835
711201,22.6396194,88.34189593333333
711202,22.629041700000002,88.35268055
711203,22.625425,88.3409333
711204,23.097924275,88.244431225
711205,23.3141411,88.74848999999999
711206,22.650242,88.281835
711225,22.5816944,88.3371944
711226,20.906484375,88.06202325
711227,23.1543972,89.8274472
711301,21.480084114285717,88.87148411428572
711302,21.10437881875,87.72423680625
711303,22.44036231764706,87.88729337058824
711304,22.5816944,88.3371944
711305,22.5004722,88.1725833
711306,22.5816944,88.3371944
711307,22.6127886,88.1557661
711308,22.5816944,88.3371944
711309,22.5284345,88.223444
711310,21.802939770000002,88.14820311000001
711312,22.164117504545455,88.03756141363637
711313,21.16817038,88.23286604
711314,20.702474116666668,88.1483427
711315,22.2717386,87.99108039999999
711316,22.17146823809524,87.82852376190476
711317,22.5816944,88.3371944
711322,27.246588114285714,83.45972825714286
711331,22.33482,88.09818
711401,20.83987611,88.50073373666666
711403,22.5925677,88.3000212
711404,22.6496864,88.139517
711405,22.61045942222222,88.21456152222223
711408,22.6373892,88.1983642
711409,22.613786675,88.264871925
711410,22.23990150666667,88.11691469333333
711411,22.572198554545455,88.18264185454545
711412,21.1871606,88.14935439999999
711413,21.66568642857143,87.85092557142858
711414,22.5714026,88.0834904
712101,22.83458778,88.40448888
712102,22.799520825000002,88.45563195
712103,22.6318426,88.39433331666667
712104,22.76499995,88.33361105
712105,22.3270625,88.3930625
712121,22.5955555,88.2636111
712122,22.9465463,88.29472222222222
712123,22.5428298625,87.94000695
712124,22.76078888,88.35237219999999
712125,22.7306195,88.2199051
712134,22.599234845454546,88.36482575454545
712135,22.580991333333333,88.475522
712136,22.81302,88.36438
712137,22.88825,88.40225
712138,22.9388625,88.3711
712139,22.845854000000003,88.35416430000001
712146,22.817825,88.376225
712147,22.963626166666668,88.37658533333332
712148,22.9584257,88.37919722
712149,22.959073529411768,88.38373856470588
712152,23.07199354,88.3445
712201,29.613005299999998,68.41862195
712202,22.7513192,88.3514317
712203,22.88825,88.40225
712204,22.88825,88.40225
712221,22.812139,88.3528
712222,22.83708335,88.0179861
712223,22.77007131818182,88.32255958181818
712232,22.88825,88.40225
712233,22.6860556,88.3505833
712234,22.7027666,88.3235833
712235,22.70111115,88.34958334999999
712245,22.7400059,88.349994
712246,22.9997485,88.222947
712248,22.7263958,87.8498472
712249,22.7367176,88.33552275
712250,22.77777066666667,88.35888466666667
712258,22.65527775,88.34805555
712301,22.925753971428573,88.10972222857143
712302,22.75861111,88.16647222
712303,22.799062499999998,88.1801736125
712304,22.88825,88.40225
712305,22.949209399999997,88.37623931538461
712306,22.88825,88.40225
712308,22.80095,88.34335
712310,22.685,88.2988888
712311,22.697321825,88.3042772
712401,22.83837270714286,87.99762815714284
712402,22.722989871428574,88.01285798571429
712403,22.5336111,88.29138881249999
712404,22.736369250000003,88.05843836
712405,22.88825,81.85085
712406,22.65113889,87.99717778
712407,22.839332511111113,88.21476181111112
712408,22.762137742857142,88.05399152857144
712409,22.814904313333333,88.23379338
712410,22.88099347307692,88.03201728461539
712412,22.782085714285717,87.90307142857144
712413,22.829874999999998,87.46873214285714
712414,22.91451657142857,88.316558
712415,22.84603125,87.96528125
712416,22.696825,87.95522500000001
712417,22.673096666666666,87.86740833333333
712501,22.832592583333334,88.0050001
712502,22.5571093,88.35276242500001
712503,22.639125,88.36112499999999
712504,22.88825,88.40225
712512,22.548611114285713,88.35064285714286
712513,22.919125,88.40225
712514,22.88825,88.40225
712515,22.921203700000003,88.40768516666667
712601,22.64950142,87.85152766
712602,22.818694444444443,88.33136111111111
712611,22.937971833333332,88.27309116666667
712612,22.8868287,87.63755555
712613,22.8059835125,88.0842013875
712614,22.836105,88.22815
712615,22.937649999999998,88.39245
712616,22.901896463636362,88.2932803
712617,22.91853125,88.39153125
712701,22.75871342857143,88.22228514285713
712702,22.82895396,88.381346
712706,22.77701627142857,88.22955014285715
713101,23.191463618181817,87.74759227272727
713102,23.274719636842104,87.8483216
713103,23.29689445833333,87.58572040833333
713104,23.140823733333335,87.89731404444444
713121,23.379371428571428,87.80784285714286
713122,23.17764285714286,88.26201428571429
713123,23.739233769230772,88.08074976923078
713124,23.17255237142857,88.05673571428572
713125,23.400974073333334,87.96422778
713126,23.521983333333335,87.64391666666667
713127,23.474520366666667,87.6599955
713128,23.48868686818182,87.74565656363637
713129,23.759242482352942,87.85764547058824
713130,23.688177680000003,88.07759104
713131,23.68073166666667,87.84125166666666
713132,23.6,88.024
713140,23.827154142857143,88.05140971428571
713141,23.33610333333333,87.77890777777777
713142,23.20535211111111,87.67603966666667
713143,23.520834657142856,88.08948412857143
713144,23.481515154545455,87.56517676363636
713145,23.43548148,88.12627777333334
713146,23.18351955714286,88.09149361428571
713147,23.49884375,87.9086875
713148,23.487444441666668,87.47106713333334
713149,23.422374066666666,87.66332433333332
713150,23.610534719999997,88.10149111
713151,23.19097794,88.0031356
713152,23.505066666666664,87.60276666666667
713153,23.50981333333333,87.55579999999999
713154,23.2001716,88.0833558
713166,23.180890275,87.942496625
713201,23.49344483333333,87.31627536666667
713202,23.4917151,87.3062555
713203,23.563760575,87.2599734
713204,23.58607075,87.3102894
713205,23.569408366666664,87.33436666666667
713206,23.540668933333336,87.34844516666665
713207,23.5285891,87.2563925
713208,23.530694,87.2801115
713209,23.5494707,87.29182835
713210,23.524667,87.3255155
713211,23.489560666666666,87.33604766666667
713212,23.527064,87.38604918181818
713213,23.561623,87.278457
713214,23.5453555,87.33152749999999
713215,23.510101499999998,87.272874
713216,23.536386,87.298268
713217,23.572935,87.23322
713301,23.489237033333335,87.78917963333333
713302,23.850175825,87.173114125
713303,23.78811288,87.02649986
713304,23.2890271,87.59513395
713305,23.8371222,86.909973
713315,23.9162835,87.15055924999999
713321,23.589238675,87.193268225
713322,23.658112,87.2005305
713323,23.695288566666665,87.37257566666666
713324,23.734469525,86.816127325
713325,23.703173529999997,86.99515779999999
713326,22.2322222,87.8636111
713330,23.68130066666667,86.992417
713331,23.798211266666666,86.92352143333333
713332,21.505329,80.4598795
713333,23.693105399999997,86.82927480000001
713334,23.727575833333333,87.0234755
713335,23.8302087,86.903686325
713336,23.707823766666667,87.07696843333333
713337,23.658058666666665,87.071394
713338,23.629329000000002,87.1955841
713339,23.67258378,86.96501599999999
713340,23.8371222,86.909973
713341,23.7718571,86.9299325
713342,23.665918,87.164077
713343,24.145711933333335,87.30704463333332
713344,23.8371222,86.909973
713346,23.722121333333334,87.25292733333333
713347,23.612613500000002,87.11575705
713357,23.8371222,86.909973
713358,23.632858,87.1005564
713359,23.46701332,86.99567511000001
713360,29.459514066666667,79.326951
713361,23.8371222,86.909973
713362,23.6857472,87.1318288
713363,23.64520511111111,87.25161166666666
713365,23.618125,87.136235
713369,24.2808333,87.5516666
713370,23.887533,87.732934
713371,23.691478666666665,86.920967
713372,23.8371222,86.909973
713373,23.70658044,86.9439106
713376,23.4178,86.653368
713378,23.705457166666665,87.20561533333334
713381,23.68863125,87.349685
713384,23.648181,87.160475
713385,23.662240399999998,87.30641499999999
713386,23.8371222,86.909973
713401,23.131855833333333,88.03723733333334
713403,23.36764342857143,87.55414214285715
713404,23.177424440000003,87.7799946
713405,23.280968474999998,88.2250425
713406,23.34263889090909,87.69142929090908
713407,23.262945454545456,87.96669090909091
713408,23.124760183333333,87.89749775
713409,23.23329287142857,88.31956765714287
713420,23.6085611,87.1949865
713421,23.394809249999998,87.86039536666668
713422,23.338141112,88.162433332
713423,23.43410317142857,87.30540217857143
713424,23.116396605555554,87.85488117222222
713426,23.321210363636364,88.04989618181818
713427,23.09192583,87.83892583
713428,23.28741944,87.64119167
713502,23.592566238461536,88.17917735384616
713512,23.531099533333332,88.15968981666667
713513,23.453805557142857,88.2925357142857
713514,23.575571285714286,88.005262
713515,23.3306,88.22545
713519,23.312425016666666,88.21773999999999
713520,23.485714285714288,87.96571428571428
721101,22.51205482,87.43251664
721102,22.456648141666665,87.3155287
721121,22.47463425263158,87.324986
721122,22.541285412500002,87.4059104125
721124,22.41490751111111,87.34729446666667
721125,22.175297285714286,87.14057728571427
721126,22.371395066666665,87.5558216
721127,22.863169253333336,87.3541082
721128,22.7090463,87.17061573333335
721129,22.447546383333332,87.32151101666666
721130,18.31011334,87.84876
721131,22.391743750000003,87.7312111125
721132,22.3832,87.1908
721133,22.124235933333335,87.23462912380953
721134,22.5035562875,87.8594503375
721135,22.180590275,87.15973425833333
721136,22.446313127272727,87.62970201818182
721137,22.964408644444447,87.82738888888889
721139,22.632401782352943,87.70255017058824
721140,22.28276,87.58651296
721143,22.253385714285717,87.3401142857143
721144,22.373827499999997,87.73694861
721145,22.55236805,87.3298861
721146,22.524844444444444,87.67002233333334
721147,22.64197937142857,87.31986904285715
721148,21.0725574,88.42996295
721149,22.38021666666667,87.44024888666667
721150,22.553973956249997,87.4639375
721151,26.962936669999998,87.79945000000001
721152,22.453555984615384,87.77206196923076
721153,19.84068888,87.86715554
721154,22.456498399999997,87.7835
721155,22.241434345454543,87.6719722181818
721156,22.475537141666667,87.34747555
721157,22.824400000000004,87.24144944000001
721158,22.61389165,88.22389720000001
721159,22.073783333333335,87.233225
721160,22.370984142857143,87.569813
721161,22.4852777,87.8558333
721166,22.313440274999998,87.67564097500001
721171,22.2956667,87.926
721172,22.275599999999997,87.71495
721201,22.73312291666667,87.516905325
721211,22.606899163636363,87.72451041363637
721212,22.680422118518518,87.76392252962962
721222,22.691272225000002,87.5907875
721232,22.756872219999998,87.61620250000001
721242,22.82307036666667,87.6131037
721253,22.70410069375,87.33764756875
721260,22.638671241176468,87.4976114352941
721301,22.354798144,87.237762276
721302,22.3215556,87.3099167
721303,22.3396944,87.21275
721304,22.66658125,87.51010625
721305,22.3343623,87.322789525
721306,22.323153333333334,87.30861266666666
721401,21.827564805555554,87.39819084444444
721402,21.7745451,87.7476739
721403,21.9372222,87.7761111
721404,21.7786111,87.7419444
721405,21.800695949999998,87.7017845
721406,21.778731,87.754979
721420,21.564933033333332,87.3216054
721422,21.89921264375,87.64462955
721423,21.69068154,87.59621641999999
721424,22.24270156111111,87.38892596666668
721425,22.010654375,87.724395625
721426,21.9335352,87.29389114117646
721427,21.85057682,87.80214416999999
721428,21.860482566666665,87.64200533333333
721429,21.90210919230769,87.53708697692308
721430,22.070479806666665,87.77570726
721431,22.089400264705883,87.90219409411765
721432,29.23913633333333,80.55801477777777
721433,21.7601001375,87.7150839625
721434,22.03437462857143,87.64006400000001
721435,22.09359123333333,87.47151856666666
721436,21.831662837499998,87.4174601
721437,22.361250271428574,87.4380709095238
721438,21.961206533333335,87.56252906666667
721439,22.045524292857145,87.52288324285713
721440,21.98770984,87.60683784
721441,21.708079599999998,87.58423772857144
721442,21.862130855555556,87.84629533333333
721443,21.94200052,87.47794363
721444,21.919674485714285,87.72055248571428
721445,22.428264206666668,87.57315247333332
721446,21.694690484615386,87.488208
721447,21.813590050000002,87.46053735000001
721448,21.77154957692308,87.50578254615385
721449,22.5571847,87.78844165
721450,21.746151933333334,87.78944481666667
721451,27.441268758333333,81.86454791666667
721452,22.4286726,87.63487942727274
721453,21.942831799999997,87.72474161666666
721454,22.4370355,87.45051925
721455,21.733855044444443,87.70184742222222
721456,22.066309975,87.65763155
721457,21.822582938461537,87.3422710923077
721458,22.076336055555558,87.67406846666667
721463,21.621445,87.507221
721467,22.305528145454545,87.52975221818181
721501,22.693573333333337,86.90694721999999
721503,22.456310000000002,87.15092727272727
721504,22.498643500000004,86.94299950000001
721505,22.47705050909091,86.85700252727273
721506,22.206087607692307,86.89485790769231
721507,22.4563926,86.99683333333333
721513,22.37102116190476,87.12485846666667
721514,22.472436666666667,87.01987655555556
721515,22.6691194375,86.88676145
721516,22.574698414285713,87.04622857142856
721517,22.571478260869565,86.86642173913044
721601,24.100908337499998,87.8193375
721602,22.086080525,88.138283325
721603,19.4089455,87.84288716666667
721604,22.3,88.0559
721606,22.0422752,88.0742056
721607,22.02320835,88.06322779999999
721624,22.116759,87.59
721625,19.65214,86.52074999999999
721626,21.586940000000002,87.79576
721627,19.33625,88.51205499999999
721628,22.2230184,88.09862187499999
721629,18.528323014285714,87.98711031428572
721631,22.209352775,88.25843611250001
721632,22.212908728571428,87.34666904285714
721633,22.122942857142856,87.83052142857143
721634,22.36106612857143,87.783458
721635,20.1585938,88.1114262
721636,22.3192273,87.9932677
721637,22.293121,87.923554
721641,22.37347777777778,88.18073333333334
721642,22.118748481818184,88.45455352727272
721643,22.82125555,88.0611333
721644,22.70235,88.02778749999999
721645,21.15371675,88.044977125
721646,19.31377935714286,88.31871904285715
721647,22.67062,88.03732
721648,23.272353875,87.889949875
721649,20.9799,88.02466
721650,22.67941533076923,87.97616806153846
721651,22.818936833333336,87.97217566666667
721652,22.14995,87.90468333333332
721653,21.470325,86.896175
721654,22.125822222222222,88.04404444444444
721655,17.75190185,88.03293935
721656,21.302688888888888,87.76501111111111
721657,21.2719445,87.98712952000001
721658,22.744419999999998,87.99982
721659,20.230227155555557,87.8682716
722101,22.952495350000003,87.10858373333333
722102,23.278430274999998,87.0842191
722121,23.124850952173915,86.9741269826087
722122,23.113251695454547,87.3749938409091
722132,23.14923846,87.16989368
722133,23.3629312875,87.049832575
722134,22.80079287857143,86.94176928571429
722135,22.882622592857143,86.78085623571428
722136,22.417524714814814,86.93828980370371
722137,23.311632021428572,86.91287990000001
722138,23.040574553846152,87.41066442307692
722139,23.286571142857145,86.96075845714286
722140,22.971829241666665,86.896403
722141,23.019323399999998,87.59723885294117
722142,23.38474224285714,87.17939764285714
722143,23.549274271428573,87.10607807857143
722144,23.154481215789474,87.19420867368422
722146,23.200571125,87.0723931875
722147,23.232188,87.2844605
722148,22.846591760000003,86.46462753
722149,22.913901857142857,87.27276742857143
722150,22.715092066666667,87.30271605
722151,22.9147275375,87.0799738375
722152,23.103169233333332,87.11026927619048
722153,23.594786966666664,86.94804143333333
722154,22.966478857142857,86.82582404285714
722155,22.945015983333334,87.02687328333333
722156,23.041949366666667,87.130343
722157,23.1098396125,87.308131325
722158,23.50884245714286,86.93090754285716
722160,22.956043925,87.0548504625
722161,22.9206039,87.60121670000001
722162,23.087504999999997,87.13279833333333
722164,23.100314666666666,87.32228066666666
722173,23.166094,86.580177
722183,23.51917,87.39389
722201,23.15167357142857,87.55871214285715
722202,23.369518416666665,87.26096396666667
722203,23.3800466,87.25458436923077
722204,23.3937333,87.3054
722205,23.110801492857142,87.30166150000001
722206,23.187430194999997,87.59011146
722207,23.246084295238095,87.38196703333334
722208,23.38180114,87.37202126
723101,23.25162664,86.2129604
723102,23.2602936125,86.41102821875
723103,23.3815539625,86.285758775
723104,23.3452090875,86.56413145
723121,23.273921388235294,86.7875991117647
723126,23.450669861904764,86.48428550952381
723127,23.05770021111111,86.38692296111111
723128,23.170742559999997,86.505393404
723129,22.85140897222222,86.52023422777778
723130,23.296465242857142,80.54327510952382
723131,23.094583312121213,86.61088866363637
723132,23.365392175,86.6003218125
723133,23.54905675,86.68433483125
723142,23.4618626,86.6234192
723143,23.04330956470588,86.21104713529412
723145,23.581843518181817,86.53617442727273
723146,23.580869175,86.470764075
723147,23.387684871428572,86.36303042857142
723148,23.334503955555554,86.49445224444445
723149,23.381601446153844,86.33845889999999
723151,23.178535293333333,86.64553395333333
723152,23.230838553333335,86.04048102
723153,23.181875636363635,86.2788899909091
723154,23.270491816666667,86.23121094999999
723155,23.48482614285714,86.4508058
723156,23.45324425,86.66807990000001
723201,23.382176684999997,83.01683543
723202,23.379881883333333,85.96979159444444
723212,23.229905047058825,85.91757520588236
723213,23.44315384117647,86.1240115764706
723215,23.448879275,86.169169575
731101,55.4641372875,55.6255513
731102,23.829271244444445,87.54134853333333
731103,23.937508855555553,87.54544755555555
731104,23.843718324999998,87.486576175
731121,70.19906624545455,41.24432085454546
731123,29.103041649999998,82.04477519166666
731124,27.9711018,83.1833364
731125,23.764147714285713,87.23380671428572
731126,57.78273089333334,66.25523719333333
731127,24.0228516,87.52566513846153
731129,24.428841583333334,86.94579688333333
731130,23.965713255555556,87.34453641111111
731132,23.987558000000003,87.61297816666666
731133,23.795515075,87.371121175
731201,23.820064629166666,87.68191514166666
731202,31.17296881111111,80.62559018888889
731204,23.65151724117647,87.7091263117647
731214,23.654645873333333,87.52793293333333
731215,23.6061671,87.76814788
731216,24.06453397647059,87.71484804117647
731218,23.973071083333334,87.79538433333333
731219,24.457362488235294,134.91678714117648
731220,24.255236308333334,87.87662164166666
731221,24.450901846153844,87.95238269999999
731222,24.38836107692308,87.85571607692307
731223,24.129490750000002,87.71589525
731224,23.818521075,87.92294765
731233,24.121079785714283,87.79077364285715
731234,23.901023040625,87.719825659375
731235,23.6861915,87.69849364999999
731236,23.681087653333336,87.59917382
731237,24.193540249999998,88.00114208333333
731238,24.376398818181823,87.88244027272727
731240,23.62411402727273,87.80632295454546
731241,24.051162,87.89836600000001
731242,24.2427072,87.902524
731243,24.250752033333335,87.74240664444444
731244,24.054803825,87.80254392500001
731245,24.037173625,87.845252375
731301,23.7422047,87.9098008
731302,23.842175461538464,87.88782739230768
731303,23.81187931875,87.80006775
731304,23.83109333333333,87.73981601666667
732101,24.77987923,88.15181817
732102,25.01141647777778,88.1406456722222
732103,25.156323042857142,88.27489708571429
732121,24.84416062,88.16168416
732122,25.01114469166667,88.141108025
732123,25.03223128888889,88.13376912777777
732124,25.01069125416667,88.14131495833333
732125,25.03967026785714,88.12187055
732126,25.06824610833333,88.15579785
732127,24.8999387,88.03227741999999
732128,25.272505941666665,88.36640619166667
732138,25.254301405,88.3213265
732139,25.06389215333333,88.14640341333333
732140,25.027833469999997,88.14110303
732141,25.1502887,88.28960033333333
732142,25.17895014,88.28803969999998
732144,24.9996111,88.1455
732201,25.098127855555553,88.2174223
732202,25.08589988888889,88.20260344444445
732203,25.147832827272726,88.32198272727273
732204,25.1790604125,87.9861036125
732205,25.01001681,88.14156969999999
732206,25.04011745333333,88.05928401999999
732207,25.01991800625,88.1538120625
732208,25.009777075,88.123493025
732209,25.040488528571426,88.09745941428571
732210,25.0590472,88.1968247
732215,24.0004861,87.0012916
732216,25.231347833333334,88.34274672222222
733101,25.226243049999997,88.77437178333332
733102,25.22060858181818,88.77045201818181
733103,19.296512500000002,92.524015
733121,25.231025624999997,88.748334375
733123,25.2272615,88.7869962
733124,25.407844445000002,88.549230555
733125,30.21172223076923,88.36308423076922
733126,25.234569999999998,88.825445
733127,25.3,88.57
733128,25.450131733333333,88.16064433333332
733129,25.676163781818182,88.3928474
733130,25.52993055,2269.60729165
733132,25.360214166666665,88.52015672222223
733133,25.321193875,88.760344125
733134,25.61272585416667,88.31262489583334
733140,25.23408333333333,88.75473666666666
733141,25.416702117647063,88.73044194117648
733142,25.36,88.51
733143,25.520736363636363,88.16009545454546
733145,25.260397714285716,88.89075
733156,25.826315454545455,87.87515909090908
733158,26.260607000000004,88.19019199999998
733201,25.890069441666668,87.84004629166667
733202,25.345359000000002,88.70897768421052
733207,26.30772736842105,88.28044052631579
733208,26.5496354125,85.932934025
733209,222.86491452307695,87.83386751538463
733210,26.016000000000002,88.08132571428571
733215,25.220913125,88.7706415
734001,26.715746109999998,88.42607389
734002,26.7097222,88.4287778
734003,26.7391972,88.4174889
734004,26.700462966666667,88.43428333333333
734005,27.695725,82.85185555
734006,26.660381233333336,88.5370383
734007,26.640199733333333,67.82145713333334
734008,26.8457349625,88.4353239
734009,25.593674975,88.2397909
734010,26.71401285,88.40628175
734011,26.970309,88.22289
734012,26.68625,88.37532
734013,26.872739600000003,88.3081847
734014,26.681440275,88.321329175
734015,26.53632466666667,88.71950666666667
734101,26.93255705,88.35546703333334
734102,27.00456,88.2413090909091
734103,27.022170000000003,88.254648
734104,26.284438857142856,88.10826514285714
734105,27.051445,88.27387900000001
734201,26.725146769230772,88.20891661538462
734203,26.955489775,88.267839575
734204,27.035998,88.262675
734209,26.920048555555557,88.30483411111112
734213,27.05319,88.32974
734214,26.478455925,88.26510665
734215,26.99485,88.316925
734216,26.881888000000004,88.27894300000001
734217,26.9747249,88.426075
734218,26.999498099999997,88.43239605
734220,26.937704500000002,88.26154500000001
734221,26.9422966,88.2547028
734222,27.052,88.42545
734223,26.92555225,88.28492250000001
734224,26.964635599999998,88.32741576666666
734226,26.954891,88.29265725
734301,27.048149046666666,88.46285033999999
734311,27.110406333333334,88.56535333333333
734312,27.21221475,88.3924475
734313,27.07715466666667,88.48529533333334
734314,27.0558021,88.5492541
734315,26.626525,88.53954999999999
734316,27.068968666666667,78.23853483333333
734421,26.683523,88.325847
734423,26.950636766666666,67.8526162
734424,26.7344444,88.2983333
734425,26.7084,88.4269
734426,26.804033542857145,88.31214672857143
734427,26.77105502,75.97117906
734429,26.744888500000002,88.22158642
734434,26.682275385714288,88.34699302857143
734501,26.880000000000003,88.57
734503,27.05666666666667,88.85666666666667
735101,26.526685764705885,88.71699229411765
735102,26.522000000000002,88.67
735121,26.54888888888889,88.67
735122,27.233888888888888,88.85055555555556
735132,26.421666666666667,88.69333333333333
735133,26.59357142857143,88.58857142857143
735134,26.55333333333333,88.50999999999999
735135,26.633,88.503
735202,26.80125,89.0025
735203,26.75,89.05
735204,26.691000000000003,89.117
735205,26.89,88.985
735206,26.907999999999998,88.812
735207,26.87,89.065
735208,26.80014,89.45602
735209,26.85,88.67
735210,26.5605,89.0175
735211,26.525,88.95349999999999
735212,26.6875,89.03999999999999
735213,26.677500000000002,89.2
735214,26.666659728571428,89.39275635714286
735215,26.722819450000003,89.372875
735216,26.6,89.144
735217,26.451865085714285,89.27221428571428
735218,26.713,88.488
735219,26.688,88.79400000000001
735220,26.686666666666667,89.26888888888888
735221,26.8664352,88.7442037
735222,26.893333333333334,88.63333333333333
735223,26.953333333333333,88.81333333333333
735224,26.573,88.869
735225,26.92,88.92
735226,26.5384,88.90455
735227,27.582800000000002,86.10981666666667
735228,26.77,89.055
735229,26.845,88.66499999999999
735230,26.786666666666665,88.74
735231,27.0975,88.7525
735232,26.76,89.06
735233,26.708,88.936
735234,26.81,88.6
735301,26.448,88.932
735302,26.607999999999997,88.78200000000001
735303,26.245625,89.0675
735304,26.295555555555556,88.95777777777778
735305,26.476,88.799
736101,25.64590378888889,89.11753545555555
736121,26.46914272727273,89.44324712272727
736122,26.509685199999996,89.50214813333332
736123,26.4577014,87.05478472499999
736131,27.707424545454547,84.87340909090909
736133,25.5945,88.49255555333333
736134,26.18640013043478,89.48240082608694
736135,26.035991392,89.321207696
736145,26.262833325,89.26743055
736146,26.633346293333332,89.12951481333333
736156,26.386812941176473,89.10132352941177
736157,26.347519835714284,88.92942459999999
736158,25.67631,89.13869
736159,26.072422223333334,89.13684722333333
736160,26.960666000000003,85.265444
736165,25.783865733333332,89.20020833333332
736167,26.14843433636364,88.68401010000001
736168,26.46959111111111,89.87980888888889
736169,25.7298345,89.20447266666667
736170,26.26046295,89.42342591666666
736171,26.282592583333336,89.64939813333332
736172,26.35876542222222,89.0892283888889
736176,26.283870366666665,89.1561852
736179,25.902334000000003,89.259722
736182,26.691829,89.0444345
736201,26.514160000000004,89.611
736202,26.520922916666667,89.50700783333333
736203,26.389175,89.7444125
736204,26.498846153846156,89.53867520769231
736205,26.5384,88.90945
736206,26.499437133333334,89.75682653333334
736207,26.123414333333333,86.49585383333333
736208,26.485194625,89.62904975
737101,27.331125,88.6070139
737102,27.42928773,88.61878118
737103,27.356229125,88.625631125
737106,27.3199833,88.5395049
737107,27.42663883333333,88.52917483333333
737111,27.37290195,88.36027028571428
737113,27.35389233333333,88.26290166666668
737116,27.50509804117647,88.5272549
737120,27.59368988,88.59143916000001
737121,27.21947204545455,88.28334204545455
737126,27.212284125,88.3869180625
737128,27.176440200000002,88.4372175
737131,27.311092555555557,88.66389433333333
737132,27.227759222222222,88.52167211111112
737133,27.212203666666667,88.64611655555557
737134,27.317135800000003,88.47646736
737135,27.332983300000002,88.5765049
737136,27.339833,88.655049
737139,27.314945636363635,88.412925
741101,23.204333491666663,88.48043821666666
741102,23.366373455555554,88.50378395555555
741103,23.505329862500002,88.50288194375
741121,23.313742788888888,88.53853564444444
741122,24.020308633333332,88.67771604444445
741123,23.489044446666664,88.57169259333334
741124,23.6772916625,88.4682986
741125,23.459920714285715,88.43916685714285
741126,23.61952485263158,88.39654824210527
741127,23.2599626,88.5678865
741137,23.661041666666666,88.29046605
741138,26.067152775,88.380694425
741139,23.482057,88.448756
741140,23.32944444,88.36727776000001
741150,23.65594444,88.28055554
741151,23.33163275,88.512052
741152,23.951618058333334,88.61200694166666
741153,23.57266266666667,88.41021933333333
741154,23.54110802222222,88.43616666666668
741155,23.8089881,88.47192062857143
741156,23.781109128571426,88.37869047857143
741157,23.766695,88.278805
741158,23.731416675,88.643847225
741159,23.2593333,88.5421667
741160,23.73875,88.50729166666667
741161,23.5258796,88.72549166666666
741162,23.572152775,88.345694425
741163,23.62380556,88.55291666
741164,23.541334,88.622612
741165,23.823805558333333,88.54711574166667
741166,23.4498611,88.53513885
741167,23.2278194,87.9235375
741181,23.72944443333333,88.31092589999999
741201,23.155327591666666,88.506308275
741202,23.5546903,88.04726394285714
741221,22.9455556,88.5422222
741222,23.384425953846154,88.37072343076923
741223,23.065876057142855,88.6555263
741232,22.9756667,88.4353889
741234,22.9576389,88.4956667
741235,22.9308871,88.42802742222221
741238,23.007575825,88.646967275
741245,23.94476318888889,87.89734709999999
741246,22.96808885,88.50139595
741247,22.1296944,88.5454444
741248,23.03548726,88.51786268000001
741249,23.06167505,88.52199063333335
741250,22.94210285,88.43001245
741251,22.878239699999998,88.44098543333332
741252,22.9447222,88.5330556
741253,23.384799,88.64428050000001
741254,23.1961608,88.06752455
741255,23.15524975,88.54358975
741256,45.133099833333326,66.94403743333334
741257,23.138303833333335,88.47693249999999
741301,23.40291665,88.39055554999999
741302,23.363358227272727,88.32901413636364
741313,23.447014,88.38844449999999
741315,23.413112,88.40958925
741316,23.347611116666666,88.36256481666668
741317,23.335601866666668,88.40430556666666
741319,23.3669444,88.3669444
741401,23.2527777,88.4330555
741402,23.22112207777778,88.49579539999999
741404,23.27878268888889,84.37251815555555
741501,23.242370157142858,88.61153974285715
741502,23.35630898125,84.5885512
741503,56.001416675,56.036347225
741504,23.234617866666667,88.65120336666666
741505,23.2631748,88.705828025
741506,23.42589085,88.700836975
741507,23.764526825,88.2556141
741508,23.53549056,88.77763762
741509,23.263125900000002,88.59726796666666
742101,23.537925433333335,88.13216354444444
742102,24.102736836363636,88.24678557272726
742103,24.10367222,88.25186163999999
742104,24.097344425000003,88.29363054999999
742113,24.236644433333336,88.41273333333334
742121,24.315853333333333,88.04889333333334
742122,24.20454583333333,88.23969583333333
742123,24.239714285714285,88.26166667142857
742132,24.05951818181818,87.88689090909091
742133,23.9935184,87.94196041875
742134,24.269322223076923,88.0824076923077
742135,24.331611110526314,88.07152865263159
742136,24.059045454545455,88.11997424545456
742137,24.206234925,88.1498259
742138,23.469595277777778,88.18779505555555
742140,23.99451972,87.66442805
742147,24.14948935,87.94664259166666
742148,24.358014285714287,88.08231349285714
742149,23.99317802222222,88.18419567777778
742151,23.62172,88.06231332
742159,24.170392307692307,87.97543846153846
742160,24.3642,88.23815
742161,24.125030223529414,87.95634885294119
742163,23.52162575454545,88.31316414545455
742164,25.5272222,88.4202777
742165,24.445349999999998,87.94453571428572
742166,23.707706407692307,88.13930875384615
742168,23.88784722,87.92069000000001
742174,22.849,87.993147
742175,24.92156875,87.93369375
742184,23.822477272727273,88.01529545454545
742187,24.67110667,87.95563889
742189,24.357200000000002,87.90961428571428
742201,24.06297857142857,87.92835000000001
742202,24.600090835,87.9425825
742212,24.7491111125,87.8362708375
742213,24.55024275882353,88.03086437058823
742223,24.10286388571429,88.03940237857144
742224,24.62619444,87.98582110999999
742225,24.525770899999998,86.21656254999999
742226,24.3137795125,87.944709375
742227,24.285192012499998,88.1158197875
742235,24.323551725,87.94966492500001
742236,22.8668333,88.62233330000001
742237,24.282417116666664,87.8264074
742238,23.95425,88.03725
742301,24.58023076923077,82.89222307692307
742302,24.473796666666665,87.90952333333333
742303,23.947386293333334,87.68008962666666
742304,24.182491810526315,88.17110409473685
742305,23.644630090909093,88.26613372727273
742306,23.722040733333333,88.50194814444444
742308,25.03095,87.99157175833334
742401,23.770763333333335,88.10248962666667
742402,24.30875,88.2382277
742404,24.0703375,87.93513817499999
742405,24.34049227272727,87.97707836363635
742406,23.38176111111111,87.36307222222223
742407,24.093009,88.25202
742408,24.093009,88.25202
742409,24.093009,88.25202
742410,24.35,87.9
743122,22.46,88.22
743123,23.375,88.41
743124,22.82,88.38
743125,22.8578148,88.38666666666666
743126,22.86,88.41000000000001
743127,22.8275,88.3925
743128,22.85,88.38
743129,22.86,88.41
743130,22.88,88.44
743133,22.82,88.375
743134,22.94,88.42
743135,22.92,88.425
743136,22.93,88.42
743144,22.802857142857142,88.35857142857142
743145,22.937,88.44300000000001
743165,22.89,88.42333333333333
743166,22.887999999999998,88.424
743193,22.93,88.46
743194,22.86,88.39
743221,22.8428704,88.52473334999999
743222,22.840236824999998,88.5959315
743223,22.6629722,88.8713889
743232,23.5225621375,88.12338348749999
743233,22.73806295,88.76360795
743234,22.789872666666668,88.57460811666668
743235,23.02043262631579,88.80728645789475
743245,23.00063334117647,88.71316407058823
743247,22.8189555,88.77227294444444
743248,22.76239255,88.52734295
743249,22.927946388888888,81.4062686111111
743251,23.15011806818182,88.81591315
743252,22.926844159999998,88.7599239
743262,22.993808400000002,88.76016585
743263,22.797599727272726,88.54394292727274
743268,22.8377765,88.6443257
743270,23.201295166666668,88.8203595
743271,22.818660500000004,88.67669266666667
743272,22.862507025,88.615293075
743273,22.875880325,88.86963964375
743286,22.82322038888889,88.87508274444446
743287,22.928678833333333,88.78236423333334
743289,22.84867148,88.7430106
743290,23.00013175714286,87.57477821428571
743291,22.63213466666667,88.81884136666667
743292,22.68366776666667,88.90304498333334
743293,22.711543925,88.736075725
743294,22.737491625,88.55779185
743297,23.18790836,88.75262064
743312,22.15249533333333,88.6668002
743318,22.414595833333333,88.18477280833334
743329,22.309491567647058,88.65703561764705
743330,22.419644285714288,88.51378357142858
743331,22.580470416666667,88.18218976666667
743332,22.208582142857143,88.26465064285715
743336,22.172424257142858,88.31403358095238
743337,22.563422660869566,87.97688420869565
743338,22.13219647368421,88.45452552631578
743345,22.456206466666668,88.84927776666666
743347,21.968688739285714,88.25208050714286
743348,22.244841285714283,88.32903828571429
743349,22.162441649999998,88.44912392500001
743351,22.224273150000002,88.30399073333332
743354,22.26137787727273,88.4090413
743355,22.269352875,85.06117704166667
743356,22.3990111,88.15693335
743357,21.820331157142856,88.26912051904762
743363,22.4517925,88.5247325
743368,22.327819415,88.25859389
743370,22.18443125,88.79139300000001
743371,22.007197619047616,88.37828714285715
743372,22.274839093333334,88.44897887333333
743373,21.816333425,88.16425732500001
743374,22.05819965,88.317457225
743375,22.267162363636363,88.29772481818182
743376,22.318498416666667,88.51936041666666
743377,22.3751984,88.21637715000001
743378,22.215018714285716,88.99272464285714
743383,21.933120576923077,88.40751915384615
743387,22.322359499999997,88.4445402
743395,22.220825,88.31066666666668
743399,22.117769346153846,88.35225257692308
743401,22.75103739,88.79605627999999
743405,23.037645933333334,88.8623844
743411,22.66212625,88.86475235
743412,22.661021066666667,88.87438293333332
743422,22.63122947777778,88.86399627777777
743423,22.6850335,88.617681425
743424,22.687754925,88.695070975
743425,22.56956104117647,88.69743619411764
743426,22.53163015,88.91334524
743427,22.719502753333334,88.85589506
743428,22.445419379999997,88.51982648
743429,22.608898571428572,88.91024867142858
743435,22.673055123076924,88.9490219076923
743437,22.69371572,88.75918238
743438,22.79242905,88.74183296666666
743439,22.284719916,88.92955863200001
743442,22.442693233333333,88.79251109444445
743445,22.62320707142857,88.75844524285715
743446,22.344158855555555,88.92275312222222
743456,22.544216807142856,88.80758797857142
743502,22.5251315,88.57968896153845
743503,22.332132514285714,88.29737211428571
743504,22.355254631578948,88.22253131578947
743513,22.302637363636364,88.25327818181819
743609,22.15978309090909,88.33973098181819
743610,22.32975908235294,88.38389430588235
743611,22.20705716666667,88.78496739166667
743613,22.37805,88.345
743701,23.1169341,88.70694610000001
743702,22.6371379,88.596313525
743704,22.7990604,88.621427
743710,23.127167175,88.70961065
743711,22.882009749999998,88.54277281666667
744101,11.66583333,92.74111111
744102,11.6658333,92.7411111
744103,11.810555555,92.785555555
744104,11.6658333,92.7411111
744105,11.6658333,92.7411111
744106,11.6658333,92.7411111
744107,11.7,92.72
744112,11.37,92.43
744201,11.66583333,92.74111111
744202,11.66583333,92.74111111
744203,11.66583333,92.74111111
744204,12.941805555,92.884305555
744205,12.50555556,92.90944444
744206,11.44,92.42
744207,10.59138889,92.53833333
744209,12.380685,92.802739
744210,11.66583333,92.74111111
744211,11.717916665,92.81055555500001
744301,11.66583333,92.74111111
744302,11.66583333,92.74111111
744303,8.096867,93.517562
744304,11.66583333,92.74111111
751001,20.270794725000002,85.83138149999999
751002,20.237015107692308,85.83427360769231
751003,20.2875185,85.77998976666667
751004,20.2996944,85.8385278
751005,20.1866944,85.62175
751006,20.2623866,85.8498803
751007,20.29305353333333,85.8488283
751008,20.2702,85.8178783
751009,20.2335434,85.76224346666667
751010,21.3025,85.8560556
751011,20.2858333,85.8040278
751012,20.2772778,85.8181667
751013,20.3,85.8305555
751014,20.2529167,85.8407639
751015,20.2923333,85.8083889
751016,20.3288611,85.8202222
751017,20.319710925000003,85.840959075
751018,21.2491944,85.8537778
751019,20.22899107142857,85.75996335714285
751020,20.32682,85.86119903333334
751021,20.3341666,85.8091666
751022,20.291337366666667,85.83324370000001
751023,20.3183889,85.8134444
751024,20.346949549999998,85.8322855
751025,20.1866944,85.62175
751026,20.2797266,85.8524016
751027,20.272465,85.8338883
751028,20.2386,85.7455
751029,20.2908,85.7772
751030,20.262477,85.782045
751031,20.273626,85.834157
751032,20.3474,85.8864
751033,20.2766,85.7954
751034,20.3025,85.8559
752001,24.885468307692307,80.74811798461539
752002,23.317480610526317,82.39160720526316
752003,19.812854,85.831096
752004,19.8344,85.871
752010,19.7194621375,85.53736777499999
752011,19.82595455,85.63654036666667
752012,19.894629953846156,85.79768383076923
752013,19.841724983333332,85.74244695
752014,19.94341639375,85.7943787375
752015,20.067286155555554,85.71602567777778
752016,20.011379261538462,85.75354040769231
752017,19.95721130625,85.64989375625
752018,20.061211716666666,85.58554676666667
752019,19.97405432,85.55882894999999
752020,20.039818154545454,85.52102540909091
752021,19.973561633333333,85.4683133
752022,19.891926599999998,85.40303415
752023,19.917748566666667,85.37479356666665
752024,19.98132318,85.34525186
752025,20.031624722222222,85.3201935888889
752026,20.087016892857143,85.37472914285715
752027,19.86049428,85.35208164000001
752030,19.68773995,85.2260271
752031,19.78861929375,85.15450265625
752032,19.634382449999997,85.31600495
752034,19.828106066666667,85.28923681111111
752035,19.84815305714286,85.16438497142857
752037,19.68628,85.1871416
752038,20.07943068333333,85.41833181666668
752045,19.940498955555555,85.90201422222223
752046,19.964568937499998,85.83140415
752050,20.15523367777778,85.70871995555555
752054,20.2461439,85.70848719166666
752055,20.1866674,85.6218522
752056,20.15485542727273,85.58155246363636
752057,20.209633273333335,85.59379302
752060,33.20299038,85.62984639999999
752061,20.243361241666666,85.47323610833332
752062,20.18747444,85.45020281000001
752063,20.281341752941177,85.28624944117647
752064,20.199378814285716,85.38717395714286
752065,20.156490233333333,85.32928705
752066,20.187879413333334,85.27734676
752068,20.163422055555557,85.16273553333333
752069,20.151845133333335,85.10139236666667
752070,20.09489794285714,85.09962935714286
752077,20.27414393333333,85.18894880555555
752078,20.1271944,85.1091111
752079,20.128494391666667,85.15781691666666
752080,20.0221038,85.08939935000001
752081,20.00968635,84.98703474
752082,20.08568282,84.92060502
752083,20.217933975,84.9573395375
752084,20.3575951125,84.80837621250001
752085,20.392053089999997,85.05675249999999
752089,20.3184856875,84.6301775
752090,19.993387042857144,84.91519187142856
752091,20.27305035,84.9201871875
752092,20.05372926,85.14924880000001
752093,20.4006,84.9211
752094,20.16231014285714,85.01483381428571
752100,20.23625363,85.92434931
752101,20.2953718,85.8978468
752102,24.585656786666668,81.56820066
752103,20.157123388888888,85.97250886666667
752104,20.112264841176472,85.82232663529412
752105,20.026455849999998,85.88731752857143
752106,20.062491886666667,86.00338547333334
752107,20.014704916666666,86.14713878333333
752108,20.0080328625,86.19545149999999
752109,19.97416338,86.27317725
752110,19.955244983333333,86.02102706666666
752111,19.90498961,86.1054199
752113,20.06216424,86.08160016
752114,20.095711253846154,85.92889147692307
752115,20.164873,85.679443
752116,19.96224395,86.07790432499999
752118,19.953019275,86.182291325
752119,20.016423659999997,86.24474133999999
752120,20.1356803,86.0603595
752121,19.98297488333333,85.9530131
753001,20.47102310909091,85.8748181181818
753002,20.4677124,85.85802054285715
753003,20.46511877142857,85.89963027142858
753004,20.456518966666668,85.9087445
753006,20.4498024,85.9324929
753007,20.471849149999997,85.87637190000001
753008,20.48002796,85.85779962000001
753009,20.4595947,85.87234810000001
753010,20.4444501,85.9017388
753011,20.402991500000002,85.90697581428572
753012,20.4489715,85.89024495000001
753013,20.45189305,85.9009188
753014,20.480225599999997,85.83571915
753015,20.4782371,85.8195722
753016,20.4501,85.8939
754001,20.347271644444444,85.90357964444445
754002,20.2803666,85.96992903333334
754003,20.32615138,85.79620328
754004,20.125730646153844,86.08813563846154
754005,20.3997145875,85.824144125
754006,20.445392025,85.76686492500001
754007,20.3842783875,85.6186017625
754008,20.35079915,85.52127590714285
754009,20.312845472727272,85.39997742727273
754010,20.2226252,86.01367246666666
754011,20.2127312,86.0151816
754012,20.3384,85.742116
754013,20.441879,85.7539254
754018,20.27341452,86.02213382
754021,20.495534149999997,85.9184206
754022,21.21031596666667,85.70444147777778
754023,20.605837342857143,86.0860144
754024,20.666132474999998,86.0878308
754025,20.538012957142858,85.95475250000001
754026,20.4661944,85.8585556
754027,20.49518058,85.80446452
754028,20.57334528,85.86984406
754029,21.8076036,85.9238315
754030,20.45337858,85.51285945
754031,20.482290966666667,85.35349960476191
754032,20.491926956249998,85.12337893125
754034,20.4340001,85.4288421
754035,20.4383416,85.45986656666666
754037,20.398412645454545,85.2697719090909
754071,20.4661944,85.8585556
754082,20.67985125,86.011004125
754100,20.417162883333333,85.98845823333333
754102,20.3080758875,86.0890208625
754103,20.248880550000003,86.18314720000001
754104,20.275287411111112,86.22349135555555
754105,20.22992806,86.06451044
754106,20.257170835714284,86.25834114285715
754107,20.189086783333334,86.2582245
754108,20.207911366666668,86.31254310833333
754109,21.254409040000002,85.95422764
754110,21.126895877777777,86.14999123333332
754111,20.341789685714286,86.08075527142856
754112,20.403288716666665,85.94420788333333
754113,20.3293348,86.20791894545454
754114,20.274232055555554,84.88416443333332
754119,20.084817045454546,86.30672518181818
754120,20.2528611,86.1771944
754130,20.39109225,86.0655899
754131,20.4246370625,86.1012937375
754132,20.300518566666668,86.17525008888889
754133,20.34788805,86.222249275
754134,20.392748788235295,86.27988329411765
754135,24.733782,78.40144
754136,20.294334466666665,86.16987311111112
754137,20.32833395,86.32567433333332
754138,20.210647775,86.3467880125
754139,20.212592685714288,86.42912911428571
754140,20.283083308333335,86.43745300833332
754141,20.39093175,86.359634835
754142,20.29092076666667,86.6725594
754143,20.2528611,86.1771944
754145,20.2689,86.649211
754153,20.386893283333333,86.36594106666666
754160,20.4725212,86.40341401666666
754162,20.3444328125,86.4356475125
754200,20.152787099999998,85.22988576363636
754201,21.00203732,86.01478484
754202,20.489136511111113,86.12058854444444
754203,20.45623,86.1329722
754204,20.604324436363637,86.16928174545454
754205,20.617834875,86.2453265875
754206,20.56265862,86.22309016
754207,20.5151661,86.22752098666666
754208,20.5116406,86.3198735125
754209,20.45619397,86.25072309
754210,20.45983201111111,86.32818262222222
754211,20.514257139999998,86.39545538750001
754212,20.47481884,86.49275947333334
754213,20.437195475,86.51591099166666
754214,20.614987393333333,86.36359005333334
754215,20.58719347894737,86.57038878421052
754216,20.5082992,86.5325155
754217,20.547189508333332,86.61648702500001
754218,20.625064866666666,86.44386856666667
754219,20.76019852857143,86.0534448
754220,20.7110853875,86.716330475
754221,20.526315255555556,86.15949405555556
754222,20.551175766666667,86.45036233333333
754223,20.574873145454546,86.47081778181818
754224,20.426651794444446,86.62386336666667
754225,20.5911483,86.76915712727272
754227,20.716447285714285,86.622407
754228,20.436035566666664,86.40571929999999
754231,20.607139125,86.729210375
754239,20.6733916,86.57910953333334
754240,20.607380125,86.162775325
754244,20.3723945,86.36136283333333
754245,20.4863962,86.640305375
754246,20.611674383333334,86.67148049999999
754248,20.66136756666667,86.8113257
754250,20.547288726666668,86.38299742666666
754253,20.32961333333333,85.58636963333333
754289,20.5788625,86.28386833333333
754290,20.85038375,85.377247
754292,20.679188566666667,86.29860608333333
754293,20.42629625,86.181266675
754294,20.234263654545455,86.1678099818182
754295,20.497282640740742,85.65171492592592
754296,20.669964083333333,86.14722228333333
754297,20.5628032,85.7279285
754298,20.3724,86.1351
755001,20.85560905,86.32341972500001
755003,20.695493669999998,86.34464239
755004,20.707805144444446,86.42875
755005,20.721361053846156,86.2634087076923
755006,20.83723589,86.44753708
755007,20.849621325,86.31504285833334
755008,20.75533547857143,86.18721152142858
755009,20.80397447,86.23426585
755010,20.719569933333332,86.36620873333334
755011,20.809663727272728,86.52962914545455
755012,20.720044287500002,86.4374393
755013,20.76850928888889,86.48834477777777
755014,20.82940705,86.410831175
755015,20.878392716666667,86.16531264999999
755016,20.73179260909091,86.52962057272727
755017,20.770871344444444,86.30540352222222
755018,20.945383327272726,85.8976145
755019,21.021861700000002,86.18390300909091
755020,20.8523333,86.3293333
755022,21.00060525,86.17572006666667
755023,20.834497815384616,86.04036003076924
755024,20.76474025,86.171232475
755025,21.00546411428572,86.2363643
755026,20.966948314285712,86.02580275000001
755027,20.7632583,86.3712237
755028,20.99761696,85.87573
755036,20.85405975,86.19404796250001
755043,20.871623,86.25197174444445
755044,20.712332866666667,86.07222793333334
755049,20.7288183,86.24775603333335
755050,20.7758333,86.1552777
755051,21.179238285714288,86.42893115714286
755061,20.643505016666666,86.48755728333333
755062,19.769703755555554,88.3977543111111
756001,21.45833802,86.98569083
756002,21.47024615714286,86.95698185714286
756003,21.45439083333333,86.94045722666667
756019,21.532850550000003,86.86656378333333
756020,21.4977623125,86.791667825
756021,21.462838928571426,86.95487532857143
756022,21.68363775,87.12922106666667
756023,21.674211621428572,87.22369175000001
756024,21.60644798181818,87.19143691818182
756025,21.301009133333334,87.00039606666667
756026,21.667707824999997,87.28111135
756027,21.535815852941177,86.99499574705882
756028,21.6259647375,87.0499020375
756029,21.578240055555554,87.06058977777778
756030,21.745987533333334,87.14227513333334
756032,21.7972778,87.22715554999999
756033,21.80078486,87.16591218
756034,21.75282911,87.29329529
756035,21.73621827142857,87.37095961904762
756036,21.67204715,87.41812041
756037,21.6325282875,87.386990175
756038,21.669326233333337,87.34743587777777
756039,21.69922216666667,87.36764219999999
756040,21.495979588888886,86.83313644444445
756041,21.51604919090909,86.76537696363636
756042,21.325072722222224,86.74260256666668
756043,21.389213424999998,86.80108986666666
756044,21.229532058333334,86.85153371666667
756045,21.3230596625,86.6936071125
756046,21.161116692307694,86.78232591538462
756047,21.227948053846152,86.59594356153846
756048,29.348751150000002,86.525301225
756049,21.183732483333333,86.58174966666667
756051,20.4715583,85.99263216666667
756055,21.314725075000002,86.692794725
756056,21.52902678,86.95843049999999
756058,21.561326175,86.7117758875
756059,21.300405116666667,86.47321185
756060,21.197912875,86.86016827499999
756079,21.703038557142857,87.31059804285714
756080,21.64855447142857,87.15217304285714
756081,21.68944364,87.18240046000001
756083,21.495424266666664,87.249368575
756084,21.795283333333334,87.27058383333333
756085,21.661466633333333,87.3794933
756086,21.760256027272728,87.22088375454545
756087,21.80317471111111,87.24827717777777
756088,87.227075,87.227075
756089,21.544055,86.8151754
756100,21.05864427272727,86.50669337272727
756101,21.103632055555558,86.51413983333333
756111,21.127965875,86.5485269
756112,21.00645467857143,86.41335138571428
756113,21.1166806,86.43593874999999
756114,21.111207946666664,86.35407547999999
756115,21.191213955555558,86.42921657777778
756116,20.98924732,86.52210359333334
756117,20.90484564666667,86.44659399333334
756118,20.920731075,86.505708875
756119,20.894613942857145,86.56102857142857
756120,20.924223575,86.36750535
756121,21.024166366666666,86.31668314166666
756122,20.92041798,86.40760328
756123,21.063716142857142,86.61902282857143
756124,21.074908383333334,86.67819379999999
756125,21.083869326666665,86.72756267333334
756126,21.197551191666665,86.60578143333333
756127,20.878217414285718,86.59237147142858
756128,21.031992366666667,86.53457736666667
756129,20.9286108,86.80394093076923
756130,20.98819022,86.6571393
756131,20.94944735882353,86.70719578235294
756132,20.86709269375,86.7649269625
756133,20.80208963076923,86.74923353846154
756134,21.191919557142857,86.49760479999999
756135,21.12338802857143,86.40676234285715
756137,20.94140525,86.56910246666666
756138,20.82340885,86.64722163333333
756139,20.9157472,86.67334383333333
756144,21.1245574,86.3608218
756162,21.092725533333333,86.78039000000001
756163,20.98213194285714,86.56983122857143
756164,20.958882866666666,86.858756
756165,21.05334996666667,86.73049776666666
756166,21.084842733333335,86.64638165000001
756167,21.01047525,86.6303975
756168,21.129053557142857,86.70406234285714
756171,20.879582483333333,86.89228773333333
756181,21.053943844444447,86.49568081111111
756182,21.191311300000002,86.47845662
757001,21.93321125,86.72940679
757002,21.9417282,86.73004936666666
757003,21.944553314285713,86.73841809999999
757014,22.065579624999998,86.77449505833333
757016,21.770463575,87.05198395
757017,21.642470799999998,86.82694705454546
757018,21.888547421052632,86.89625943684212
757019,21.700708,86.61928575454546
757020,21.806419864285715,86.99742682142858
757021,22.0779418,86.7530806875
757022,22.00902599090909,86.96417190909091
757023,21.925626576923076,86.89766633846155
757024,21.864140574999997,86.678733325
757025,21.63092614,86.56824583999999
757026,21.720588969230768,86.75675665384617
757027,21.72610106666667,86.63113663333333
757028,21.692980116666664,86.86198759166666
757029,21.834252523076923,86.78027739230768
757030,22.060889300000003,86.64789635882353
757031,22.223354985714284,86.57212282857142
757032,22.11551615294118,86.54903662941176
757033,22.09292954375,86.36060174375
757034,21.96043516923077,86.1691247923077
757035,22.016711139999998,85.77905779333334
757036,21.8484285625,86.028186825
757037,21.78294922631579,85.95761886315789
757038,21.527752466666666,86.20571360555556
757039,21.9062852,85.87757484666666
757040,21.5086674,86.52311251333334
757041,21.5972519625,86.56045304375
757042,26.904668414285712,86.24693247142856
757043,22.264652660000003,86.17422564
757045,22.235566499999997,86.14498211111112
757046,22.34308990909091,86.10536961818183
757047,22.106470575,86.0722285125
757048,22.21660401,86.29624187
757049,21.92958279375,86.64233905625001
757050,22.180416857142855,86.16421484285715
757051,22.234424269999998,86.62924052
757052,21.717007644444447,86.89320328333332
757053,22.470727054545453,86.0543977
757054,22.408523771428573,86.16513758571429
757055,21.793806057142856,87.14183814285715
757073,21.847815200000003,87.05425391428571
757074,21.765854555555556,86.60348146666666
757075,21.83052054166667,86.61956559166667
757077,21.575495144444446,86.4605045888889
757079,21.49983188888889,86.45106605555556
757081,22.102120222222222,86.64422264444445
757082,21.601173,86.92280533333333
757083,21.628433349999998,86.78231505000001
757084,21.967866546153843,86.92950533076922
757085,21.602914242857143,86.65192378571429
757086,22.187319354545455,86.65007995454545
757087,21.673337716666666,86.55975051666667
757091,21.969221783333335,86.01385071666665
757092,22.11467337272727,86.45774920909092
757093,22.179480833333333,86.61240495
757100,21.77521415,86.8268285625
757101,21.56501294,86.61446796
757102,21.74214243333333,86.61704413333332
757103,21.828245225,86.723217225
757104,21.725623719999998,86.5614501
757105,22.0672518,86.61003984999999
757106,21.433458566666662,86.4791469
757107,21.987858888888887,86.73401127777778
758001,21.633745166666667,85.60411395
758002,21.643927233333333,85.44507463333333
758013,21.704990564285712,85.58633828571429
758014,21.357166045454548,85.536472
758015,21.26172136923077,86.07315406153846
758016,21.705048450000003,85.94376661666666
758017,21.697612322222223,85.7880465111111
758018,21.4867905875,85.5367366375
758019,21.355455188888886,85.41351162222222
758020,21.173993185714288,86.13117177142858
758021,21.24573303,86.13610063
758022,21.131708266666667,86.20482815000001
758023,21.2287794,86.29612691666667
758025,21.16981084117647,86.02606898235295
758026,21.110461649999998,85.8401416
758027,21.423437262500002,85.8678150625
758028,21.32176391333333,85.73414549333333
758029,21.539071457142857,85.83186597857143
758030,21.6085443375,85.8818031875
758031,21.839899322222223,85.5524018
758032,21.840091678947367,85.70282092105263
758034,21.977023016666667,85.4212761
758035,21.954136433333332,85.37782348888888
758036,21.844988299999997,85.57053495
758037,22.1045388,85.33202215
758038,22.059077466666665,85.47094801666667
758040,22.06550665,85.28402700000001
758041,22.042105554545454,85.5977139
758043,21.103743294444442,86.11496912222222
758044,21.9200197625,85.70394485
758045,21.74215035,85.85956131249999
758046,21.81333103,85.77169748
758047,21.99663028666667,85.56609541333334
758076,21.211510476923078,85.48607573076923
758078,21.2386818375,86.3322410125
758079,21.43572568888889,85.63351258888889
758080,21.2575901625,85.8632658
758081,21.625203542857143,86.02637401428571
758082,21.277824550000002,85.8522512
758083,21.145936933333335,86.2541084
758084,21.440855199999998,85.32759994285713
758085,21.675250492307693,85.37239608461537
758086,21.859346444444444,85.41975625555557
758087,21.484035866666666,85.70202699999999
759001,20.6477644,85.60061773333332
759013,20.66948938181818,85.5981719909091
759014,20.793287715384615,85.70031337692308
759015,20.58002996428571,85.4964365
759016,20.797191127777776,85.91538299999999
759017,20.905246918181817,85.83501866363636
759018,20.934626287500002,85.530658775
759019,20.76760723,85.38812867
759020,20.6926369,85.29580483333334
759021,20.6252078875,85.33700247499999
759022,20.6895243,85.18517372
759023,20.85361083,85.67212664
759024,20.938400914285715,85.73910591428572
759025,20.700960246153844,85.49576425384615
759026,20.796047407692306,85.52474214615384
759027,20.611336044444446,85.64475385555556
759028,21.0814763625,85.56426565
759029,21.088171536363635,85.34412440909091
759037,20.8406389,85.0965556
759039,20.92403295,85.64829944
759040,20.8406389,85.0965556
759100,21.06967019473684,85.18000993157894
759101,20.89970795,85.2165064
759102,20.806221,84.45798
759103,20.915845938461537,85.07544556153847
759104,20.893383274999998,85.18810105
759105,21.1850596375,85.0388053375
759106,20.9074444,85.17125
759107,20.957067,85.2223
759111,20.8406389,85.0965556
759116,20.9261944,85.1528333
759117,21.10419836923077,85.0540028
759118,21.1955667,85.20798144444444
759119,21.43591655625,85.18847079375
759120,20.9062228125,85.33372833125
759121,20.786886499999998,85.28905545333333
759122,20.84226195,85.09392030000001
759123,20.83781415,85.116425575
759124,21.051700125,84.8636545375
759125,20.7874587,84.59029761428572
759126,20.9338949,84.52582911333334
759127,20.8926454,84.85181699500001
759128,20.81568297692308,85.20830883846155
759129,20.727335577777776,85.07103705
759130,21.0156465,84.97975840000001
759132,20.774546294444445,85.01801205
759141,21.0757562,84.81369203
759143,20.856741166666666,85.03880785
759145,20.842466266666666,85.150352
759146,20.94216525,85.31109551666667
759147,21.0213325,85.15444278000001
759148,20.8406389,85.0965556
759149,20.8785,84.8822
759151,21.130935,85.168192
760001,19.298142849999998,84.65572577
760002,19.313667279999997,84.77419102
760003,19.243502377777777,84.80301995555556
760004,19.307413325,84.8081229
760005,19.3010333,84.7980299
760006,19.32033945,84.77320445000001
760007,19.319397616666667,84.8673641
760008,19.3016808,84.81177579999999
760009,19.3144213,84.7754792
760010,19.302893100000002,84.83451543333334
760011,19.865671,84.649809
761001,19.35416191,84.80832249
761002,19.2742982875,84.8984277
761003,19.42584774166667,84.87068189166666
761004,19.1242591375,84.5776231
761005,19.0649375,84.48611362
761006,19.074795914285716,84.5949823
761007,19.3368608,84.54144251818182
761008,19.22226780625,84.76215510625
761009,19.14603738888889,84.73416885555555
761010,19.17874306923077,84.62332589230769
761011,19.226149222222222,84.4976932888889
761012,19.394718633333333,84.5779864
761013,19.449468275,84.6084535
761014,19.43934645,84.45672330000001
761015,19.45777549,84.29524117
761016,19.110409688235297,84.23161888823529
761017,19.291166808333333,84.25149834166666
761018,19.526427866666666,84.88623579166666
761019,19.503777799999998,84.96673257142857
761020,19.358895,84.98815453333333
761025,19.37992,85.0494183
761026,19.40444648333333,84.99225692777777
761027,19.45234404,85.06147078000001
761028,19.531620863636363,85.08307095454546
761029,19.663751476923075,85.1226151923077
761030,19.61028508181818,85.0564913
761031,19.635136775,85.0035421375
761032,19.626648499999998,84.94366950666667
761035,19.73829095,85.0403158375
761037,19.180052142857143,84.54595457142857
761041,19.57342728,84.86348228
761042,19.2302743375,84.5002180625
761043,19.506789966666666,84.82458665
761045,19.3364976,84.9406254
761052,19.2482933,84.8647366
761054,19.396102983333332,84.6698098
761055,19.3522148625,84.5051324125
761100,19.3955467625,84.7433969625
761101,19.433169011111108,84.7563608
761102,19.4825780125,84.7767569125
761103,19.52694825,84.7286286875
761104,19.588404772222223,84.73433702222222
761105,19.7073747625,84.84226130625
761106,19.530981253846154,84.60840396923078
761107,19.65861943076923,84.53520187692308
761108,19.766520173333333,84.43403816666667
761109,19.660180936363638,84.3954243
761110,19.612607933333333,73.81630463333333
761111,19.599575815789475,84.67607806315789
761114,19.63962361666667,84.60045236666667
761115,19.655727640000002,84.63483898000001
761116,19.69546562,84.6926535
761117,19.73935081818182,84.71323888181819
761118,19.817604044444444,84.77643535555555
761119,19.890600254545458,84.65153118181819
761120,19.893275914285713,84.71086258571428
761121,19.969012827272728,84.80197964545454
761122,19.726101083333333,84.64839938333334
761123,19.787366644444447,84.6141779111111
761124,19.838987933333335,84.5885009
761125,19.93522235714286,84.52739702857141
761126,19.94148972,84.57760762000001
761131,19.990470263157896,84.62873579473684
761132,20.0294189375,84.5037959875
761133,19.91556594,84.57146628000001
761140,19.9174358,84.60583488750001
761141,20.12863896,84.56684264
761143,19.89837,84.886066
761144,19.46086312,84.65933066
761146,19.48555546,84.69165428
761151,19.840846,84.318798275
761200,18.88601956,84.23044986
761201,18.806468666666667,84.08490467777777
761206,19.164660072727273,84.13727496363636
761207,18.96479559,84.03501061
761208,18.850760428571427,83.96022685714286
761209,19.173515599999998,84.44774593076923
761210,18.813307166666664,84.21221218333334
761211,18.833431573333332,84.16171820666666
761212,18.971786364285716,84.23543342857144
761213,18.967683287499998,84.138366525
761214,19.109090957142858,84.0991284
761215,18.844390955555557,84.28339336666666
761217,19.50988168,84.11422385
762001,20.476406733333334,84.23469428333333
762002,20.466804742105264,84.10750835789474
762010,20.24678010909091,84.34379541818181
762011,20.33951114,84.07553829
762012,20.4493287,84.4344158
762013,20.669131642857142,84.44740994285713
762014,20.832857995,84.26435387000001
762015,20.785914045,84.08141729
762016,20.765345127272727,83.9324692
762017,20.597388816666665,83.74446358333334
762018,20.4953216375,83.6669676625
762019,20.2963083,84.27032493333333
762020,20.600788918181816,84.60786722727272
762021,19.794410552941176,84.13779064117647
762022,20.1724803,84.40771264
762023,20.56937275,84.45225190000001
762024,20.730000590909093,84.3568667
762026,20.7551007,84.2476294
762027,20.373063960000003,84.36202128
762028,20.2662389125,84.4956180875
762029,20.395182263636364,84.2575482909091
762030,20.736420155555557,83.82308773333334
762100,20.098315333333332,84.34454079444444
762101,20.049306350000002,84.23823571111112
762102,20.104867640000002,84.06208367
762103,20.08941985238095,83.94034613333334
762104,19.9610974,84.13794541111112
762105,19.840413092307692,83.94977323846153
762106,20.21276787,84.14194205
762107,19.97844765454545,83.64048995454544
762109,20.082344377777776,83.80631606666667
762110,20.2805494,83.80922044166667
762112,20.162398883333335,84.28080365
763001,18.74951,82.8359183
763002,18.724353266666665,82.81956993333334
763003,18.7409016,82.8372466
763004,18.7487116,82.80642
763008,18.762526649999998,82.9242291
764001,18.87209592,82.79170484
764002,18.911749366666665,82.59051158333334
764003,18.8573451,82.57533143333333
764004,18.8734035,82.5684708
764005,18.858345,82.5593783
764006,19.6697,83.09
764011,18.802116599999998,82.60356164999999
764014,19.128040025,82.870074575
764020,18.81797225,82.70502855000001
764021,18.85564915,82.77088749166667
764027,22.8937772625,79.00159480625
764028,19.139253133333334,75.87555757777778
764036,50.90177179285714,50.79124353571429
764037,18.557188646666667,82.65528029333333
764038,18.380053311111112,82.67801905555557
764039,18.50925477647059,82.91888355294117
764040,34.4272161,66.410694325
764041,18.5810316,82.6088133
764042,18.64857303333333,82.51718620000001
764043,18.79438534210526,82.5142884263158
764044,18.46760499666667,82.33984797666668
764045,18.79079688888889,82.69489835555555
764046,18.648453177777778,82.3664912
764047,18.23001,82.0579916
764048,18.752587,82.4343875
764049,19.303709412499998,82.82772645
764051,18.26615681818182,82.15786785454544
764052,18.631833333333336,82.52216306666666
764055,28.042653342857143,73.45394541428571
764056,19.05021516,82.54576458
764057,23.661540207142856,78.26944198571428
764058,22.671128744444445,78.88558522777777
764059,24.126311492307693,77.7390658
764061,19.258092058333332,82.23730660833333
764062,19.0906266,83.785955
764063,19.323205328571426,82.93348951428571
764070,28.330427385714284,73.68407377142856
764071,19.4098297,82.53671306470588
764072,19.481253588235294,82.34082276470588
764073,26.157782978947367,75.59386044210527
764074,24.667944746153847,77.2872331
764075,19.346394293333333,82.32675316666668
764076,19.67969851,82.25898339
764077,19.763789973333335,82.39083553333333
764078,19.20681417142857,82.66690375714286
764081,57.00474866,44.188970739999995
764085,19.2679816,82.8256066
764086,27.334074714285716,72.73348944285713
764087,45.327989457142856,54.542465799999995
764088,19.85077938888889,82.0011284
765001,19.561988200000002,83.21724420000001
765002,19.02138,83.37373
765013,19.03017686,82.98064675333333
765015,19.301588,82.806597504
765016,19.49911326666667,83.30088401111111
765017,19.2471823,83.431267905
765018,19.2873883,83.4381966
765019,19.699938266666667,83.45842812916666
765020,19.603513464705884,83.65726728823529
765021,19.836862999999997,83.4538622
765022,19.049023825000003,83.88582288333333
765023,19.103073883333334,83.73074746666667
765024,19.3029166,83.7735233
765025,19.2379033,83.8404083
765026,19.47499752,83.69180571333332
765029,19.2447266,83.64146330000001
765033,19.182032912500002,83.931353325
765034,18.9605961,83.74328609999999
766001,19.909600066666666,83.16581336666667
766002,19.920783014285714,83.15296951428572
766003,19.9082,83.0979
766011,20.06654314375,83.12907356875
766012,20.213542545454544,83.27418123181818
766013,19.621980581818182,82.88244587272727
766014,19.836924145,82.934574275
766015,19.850055321428574,82.78060502142857
766016,20.0261125,82.99973483636364
766017,19.70388514,82.76635895000001
766018,19.506688542857145,82.78308137857142
766019,19.63572231764706,82.71109681764706
766020,19.785872236363637,83.36289708181818
766023,19.785920484615385,82.86588076153846
766026,19.39166796,82.85974762
766027,19.70103566,83.33898398
766028,19.605452919999998,82.63979486
766029,19.94198022307692,82.8260591923077
766031,20.3840658,83.45147996666667
766032,20.35539495,83.45817165
766036,20.143518438461538,83.00727637692307
766037,19.60600736875,83.01066684375
766100,20.096597961538464,83.43203291538461
766101,20.158781277777777,83.3529246111111
766102,20.26809172352941,83.51920331176471
766103,19.774149954545454,82.67716102727273
766104,20.92622867142857,82.5732269
766105,20.722251908333334,82.57851164166667
766106,20.533997213333336,82.63843671333332
766107,20.304073564285716,82.75810190714286
766108,20.08472616666667,82.61850982222222
766110,19.9887138,83.36485265714285
766111,20.287980525,82.59083290833333
766118,20.19125981428571,82.69938689285713
767001,20.707765475,83.4880226
767002,20.694807552380954,83.55582227142857
767016,20.70248938,83.67460412
767017,20.85334535,83.82307046
767018,20.913202499999997,84.05090000555555
767019,21.001910078571427,83.78876135714286
767020,20.857335652941178,83.50219948235294
767021,20.9289065,83.62149081428572
767022,21.029123320000004,83.39934158000001
767023,20.989681023076926,83.54658369230768
767024,20.7001729,83.35276681111111
767025,20.756364976190476,83.15736781904762
767026,20.56096075,83.01219531875
767027,20.74851227,82.97608084
767028,20.78151930909091,82.90290558181817
767029,20.582793958333333,83.3503252
767030,20.4630251875,83.47790795
767032,20.406755307142856,83.47486173571428
767033,20.283895595238096,83.16854247619047
767035,20.212907755555555,82.84313645555557
767037,20.392354983333334,83.054802725
767038,20.641176989999998,82.88250689
767039,20.44889257,82.92110334
767040,20.331202325,82.87509843333333
767041,20.7262366,83.17221302857142
767042,20.3433639,83.1951419
767045,21.024676075,83.69560815
767046,20.4219333,83.6026362
767048,20.690942,83.28507365
767060,20.50909694,82.92394784000001
767061,20.96731066,83.42785197999999
767062,20.965708963636363,83.89350736363636
767065,20.7663314375,83.4426558625
767066,20.196507814285717,83.42933330000001
767067,20.5395156,83.51303063
767068,21.00819878,83.69525691999999
767070,21.116667,84.066667
767071,20.792802,83.53748470000001
768001,21.46742772,83.97859998
768002,21.4735278,83.9676944
768003,21.47875,83.9564444
768004,21.48649575,83.98263130000001
768005,21.428181322222223,84.01817987777777
768006,21.494242016666664,83.93957571666667
768016,21.5786667,83.9812778
768017,21.479055549999998,83.93958330000001
768018,21.5086111,83.9002777
768019,21.4749444,83.8818056
768020,21.4922222,83.9072222
768025,21.386022949999997,83.91583831666667
768027,21.655400606666667,83.65580134
768028,21.333619833333334,83.61814663333332
768029,21.681376677272727,83.69300794090908
768030,21.449416647058825,83.5196305882353
768031,21.578808,83.475714
768032,21.213784175,83.517453275
768033,23.409957034999998,85.003931795
768034,21.182625033333334,83.28906148888888
768035,21.0819787,83.2628117142857
768036,21.00389002777778,83.05915607222222
768037,20.9283302375,83.3425055125
768038,21.51571386,83.59823878666666
768039,20.941515889999998,82.82280528999999
768040,21.33998987777778,83.63358786666667
768042,21.126615016666666,82.78661601666666
768045,21.534906957142855,83.44419841428571
768048,21.167121025,83.430001725
768049,21.01522705,83.2089783
768050,20.849151925,82.72846855
768052,21.608766525,83.5380847
768053,21.369,83.7757
768102,21.303212539999997,83.85709932
768103,21.259788123076923,83.77911476153847
768104,21.21862465,83.72768379166666
768105,21.201202442857145,84.10837733571428
768106,21.097500970588236,84.4184517882353
768107,21.589182033333334,84.37891122380952
768108,21.53051484736842,84.81899132631578
768109,21.187221176190477,84.84857720476191
768110,21.536825206666666,84.99217772666665
768111,21.38520028,83.80594982
768112,21.438486314285715,84.13945151428571
768113,21.303635328571428,83.96531028571428
768115,21.156511625,83.813491625
768118,21.4593611,83.9746667
768119,21.499185714285716,84.67357609999999
768121,21.4835131,84.574980375
768200,21.528741077777777,84.07269677777778
768201,21.854942366666666,84.01739883333333
768202,21.857373818,84.035428172
768203,21.8564722,84.0134444
768204,21.90885214,84.03196552
768210,21.7248844,84.0127559
768211,21.739965333333334,83.91475685
768212,21.68210107,84.04570329333333
768213,21.83501927777778,84.19620341111111
768214,21.641878079999998,84.1630477
768215,21.90999362,84.26293562000001
768216,21.84435018,83.92320704777778
768217,21.78919714,83.84631468
768218,21.80555556,83.86380556
768219,21.773141233333334,83.7743141
768220,21.90009298,84.12860968
768221,22.035313868750002,84.3072893625
768222,21.754225239523812,84.34023798047619
768224,22.0264368125,84.3914354625
768225,21.783520933333335,83.91849623333333
768226,21.777797033333332,83.59685734444444
768227,21.74065702727273,84.47256738181818
768228,21.918076736842103,84.44289943157895
768233,21.83,83.91
768234,21.723416099999998,83.84925088
769001,22.22552663333333,84.86091943333334
769002,22.244974966666664,84.8667511
769003,22.265502859999998,84.85061094
769004,22.227720333333334,84.79968295
769005,22.2575883,84.867135
769006,22.24924745,84.88306415
769007,22.1977858,84.86509665
769008,22.2481016,84.89621
769009,22.262067549999998,84.8272968
769010,22.233744,84.8866791
769011,22.2203683,84.8649933
769012,22.22795476666667,84.8316579
769013,22.2297572,84.8569968
769014,22.2564366,84.89018
769015,22.24159975,84.81038075000001
769016,22.1864,84.874695
769042,22.28185248,84.91202043999999
769043,22.182442633333334,84.84436343333333
770001,22.1202233,84.04009896
770002,22.152353169230768,84.02786971538461
770011,22.072041640000002,83.93198514
770012,22.17410265,83.77442238333333
770013,21.9831519,83.68995303333334
770014,22.297381385714285,84.11620437142857
770015,22.31555904,83.97417204
770016,22.196830036842105,84.25984977368421
770017,22.184705166666667,84.58023955555556
770018,22.266919514285714,84.40829015714284
770019,21.971323288888886,84.03297495555555
770020,22.17789795,84.04334695
770021,22.03066275,83.87035606666667
770022,22.044557072727272,84.1994210090909
770023,22.26312785,84.516939975
770024,22.05007301666667,83.64408466666667
770025,21.9655555,83.9136966
770031,22.22848845,84.738335175
770032,22.2298782,84.91891079999999
770033,22.378924747058825,84.61600904705882
770034,22.24180267142857,84.67043871428572
770035,22.40606978888889,84.96671341111112
770036,22.268405623076923,84.97669498461538
770037,22.06674546,84.86280146499999
770038,21.807469277777777,84.92295093333333
770039,22.30828931666667,84.75068175
770040,21.925823172222223,85.14340271111111
770041,21.867062166666667,64.03164273333333
770042,21.8722149,85.1688566
770043,21.84961571111111,84.69904423333332
770044,21.723547463636365,85.0243562909091
770046,22.403882,84.859261
770048,21.882221666666666,85.25139166666666
770051,21.72763032142857,84.85504357142858
770052,21.9693917,85.2192983
770070,22.213157600000002,84.50087585
770072,21.99388185714286,83.92118044285714
770073,22.075207675,84.0565537125
770074,22.431963436363638,84.0885947909091
770075,21.864557960000003,83.698203
770076,22.05335495,83.7511961
781001,26.186652600000002,91.74566036666666
781002,26.1887256,91.7456568
781003,26.18508335,91.76493055
781004,26.19526,91.76467
781005,26.15058165,91.7848028
781006,26.1887778,91.7456389
781007,26.173166700000003,91.7639722
781008,26.17670835,91.75027779999999
781009,26.1718333,91.7326944
781010,26.16062,91.70948
781011,26.173972233333334,91.72507406666666
781012,26.1649183,91.688103325
781013,26.1425278,91.665
781014,26.1552222,91.6647222
781015,26.1052778,91.5921922
781016,26.1633,91.74657
781017,26.12961,91.62257666666666
781018,26.1475,91.7430556
781019,26.1409167,91.7628056
781020,91.8028056,26.1828056
781021,26.1838611,91.7868611
781022,26.1212778,91.8217778
781023,26.11625,91.71915
781024,26.1678222,91.7789528
781025,26.150795000000002,91.73272
781026,26.180539999999997,91.82509
781027,26.1532,91.85334
781028,26.1178333,91.7969722
781029,26.11241335,91.7984422
781030,26.2098,91.74197
781031,26.1858361,91.68733335
781032,26.15969,91.76777
781034,26.14179,91.74232
781035,26.1160833,91.7083333
781036,26.15101,91.79836
781037,26.13384,91.82502
781038,26.1291389,91.7871389
781039,26.1803056,91.6816389
781040,26.1203667,91.7507642
781101,26.26283055,91.69594073333333
781102,26.24878127222222,91.52404286666666
781103,26.16394285714286,91.3401
781104,26.1455,91.3418
781120,26.0802,91.5596
781121,26.2036,91.4716
781122,26.1006608375,91.50519055
781123,25.973470220000003,91.22902078000001
781124,26.049818630769227,91.39237897692307
781125,26.089718257142856,91.5393650857143
781126,26.162699999999997,91.2114
781127,25.2627,92.18170575
781128,26.090099999999996,91.31009999999999
781129,26.0678,91.3928
781131,26.1887778,91.7456389
781132,26.1887778,91.7456389
781133,26.153358,91.645241
781134,26.073611033333332,91.42861103333333
781135,25.606177777777777,91.09956666666666
781136,26.230200000000004,91.7102
781137,26.11065,91.34377556
781138,26.1804,91.0839
781141,26.1887772,91.745638225
781150,26.2023389,91.81790525
781171,26.167155,91.831075
781301,26.32350445,91.01026999999999
781302,26.25715,91.13097
781303,26.2349,91.2118
781304,26.2326,91.2033
781305,26.27945,91.15628
781306,26.241899999999998,91.2001
781307,26.36995,91.2239
781308,26.31382,91.00217333333333
781309,26.30024,91.07257
781310,26.2053,91.202
781311,26.3291389,91.01025
781312,26.4447778,91.438
781313,26.2856,90.5742
781314,26.3291389,91.01025
781315,26.3291389,91.01025000000001
781316,26.428527710000004,90.9693611
781317,26.486685158333334,90.88619439999998
781318,26.2953,91.0432
781319,26.213100000000004,90.5215
781320,26.6424,91.0925
781321,26.273,90.5113
781325,26.484615330769227,91.17298972307692
781326,26.3024,91.1412
781327,26.4154,91.11479999999999
781328,26.363700000000005,91.1032
781329,26.2942,91.11806
781330,26.329138899999997,91.01025
781333,26.2809,91.2549
781334,31.86087965,86.02189815000001
781335,26.30959445,91.30545000000001
781337,26.2618,91.4642
781338,26.2243,91.1746
781339,26.2078,91.279425
781340,26.2637,91.263
781341,26.226425,91.263225
781343,26.308212966666662,91.28483333333332
781344,26.342000000000002,91.2947
781346,26.3129,91.2106
781347,26.218033333333334,91.2829
781348,26.2202,91.2636
781349,26.3322,91.2846
781350,26.123,94.123
781351,26.254766666666665,91.2287
781352,26.3291389,91.01025
781353,26.2734,91.1927
781354,26.1887778,91.7456389
781355,26.2638,91.2638
781360,26.29315,91.27598333333333
781364,26.338869999999996,91.6718316
781365,26.44169,91.61042
781366,26.3159,91.4345
781367,26.60669,91.58147
781368,26.4306,91.4452
781369,26.2707,91.3135
781370,26.2701,91.202
781371,26.47488882,91.2690833
781372,26.30010833333333,91.21130833333332
781373,26.3136,91.2353
781374,26.36723333333333,91.22196666666666
781375,26.4447778,91.438
781376,24.1819,92.4039
781377,26.4447778,91.438
781378,26.2625,91.17109999999998
781380,26.345684,91.689828
781381,26.34613,91.72826
781382,26.422299999999996,91.73129999999999
782001,26.3486944,92.7005
782002,26.351749999999996,92.6782777090909
782003,26.3503,92.69219999999999
782101,24.1617,92.1392
782102,26.350299999999997,92.6912
782103,26.228,92.52016660625
782104,26.2521,92.3423
782105,26.252942,92.335689
782106,26.252099999999995,92.3423
782120,26.3503,92.6922
782121,26.3503,92.6922
782122,26.3503,92.69219999999999
782123,26.46652770714286,92.47402770714284
782124,26.4132222,92.74272220000002
782125,26.448078300000002,92.65966660666666
782126,26.4535,92.4245
782127,26.4187,92.34250000000002
782128,26.3486944,92.70049999999999
782135,26.330699999999997,92.8605
782136,26.635777712499998,92.9842778
782137,26.3338,92.56329999999998
782138,26.3503,92.6922
782139,26.3503,92.6922
782140,26.4159,92.8397
782141,26.3735,92.794
782142,26.30291661,92.62588881
782143,26.3618,92.5545
782144,26.26278,92.64178
782401,26.1401,91.5625
782402,26.0723,91.5813
782403,26.1887778,91.7456389
782410,26.12375,92.1985833
782411,26.3503,92.6922
782412,26.1903,92.3739
782413,26.342060000000004,92.51910000000001
782425,26.121399999999998,92.3057
782426,26.157861099999998,92.65927770769233
782427,26.1835,92.7362
782428,26.106900000000003,92.7456
782429,26.3503,92.6922
782435,26.348809085714286,92.69990714285714
782439,26.3503,92.6922
782440,26.1166,92.8666
782441,26.2092,93.0527
782442,26.3503,92.79615
782445,26.0685,92.9001
782446,26.3486944,92.7005
782447,26.3486944,92.7005
782448,25.8524,92.8568
782450,25.815087499999997,92.4658
782460,25.8394444,93.4376944
782461,25.8394444,93.4376944
782462,25.8394444,93.4376944
782470,25.3219,92.1619
782480,26.0242778,93.7720556
782481,25.8415,93.4246
782482,25.8415,93.4246
782485,25.2532,92.4632
782486,25.679233333333332,93.38
782490,26.1777,93.66249999999998
783101,26.0471219125,90.66350400625
783120,25.99496853846154,90.63061100000002
783122,25.7397975,90.61367999999999
783123,26.055458625,91.477673625
783124,25.92860325,90.78636575
783125,26.217561033333332,91.14141255555555
783126,26.282987272727272,91.04899313636363
783127,25.95189657142857,90.79352242857144
783128,25.883692566666667,90.48745229999999
783129,26.1611354,90.34097715
783130,26.300155571428572,91.13684271428572
783131,25.724165399999997,90.0735504
783132,26.1339018,90.4421184
783133,26.0426,90.3827
783134,26.1821996,91.00077395
783135,25.79891577777778,89.93992555555556
783301,26.179886800000002,90.02901860000001
783323,26.05913795,90.421693725
783324,31.499904200000003,89.90386473333332
783325,26.03705675,89.97563475000001
783330,26.0517985,90.6663465
783331,26.10485398181818,89.98647951818181
783332,25.905781057142857,90.71937862857143
783333,26.385105133333337,90.01173113333334
783334,26.236106995454545,90.1115258590909
783335,30.4818141,89.8603252625
783336,26.4498051,90.1325976
783337,26.362579525,90.12346228333332
783339,26.2358953,90.59369009000001
783345,26.314271375,90.5000075
783346,26.499136854545455,90.64656458181818
783347,26.376992044444442,90.70846382222221
783348,26.282358668421054,90.51257365263159
783349,26.227086285714286,90.881355
783350,26.547145342857142,90.05553345714286
783354,26.321289466666666,90.16469613333334
783360,26.41757258,90.38672140999999
783361,26.474044879999997,89.99278388
783369,26.422342,90.32708133333334
783370,26.4657816,90.26892653529411
783371,26.1678235,90.73761999999999
783372,33.68257422222222,83.76913966666667
783373,26.426266,91.03504485714286
783375,26.53643588,90.57435248
783376,26.3956158,91.1143876
783380,26.46979557142857,90.66081892857143
783381,26.480830349999998,90.5081878
783382,26.3239345,90.8225965
783383,26.54279514285714,91.75275242857143
783384,26.332635271428575,90.74060739523809
783385,26.502357433333334,90.50076856666668
783388,26.175052,90.502224
783389,25.223593,91.311005
783390,26.526482344444446,91.23883087777777
783391,26.735098500000003,91.51649833333333
783392,26.244688,91.04689654545454
783393,26.713408660000002,91.33835033333334
783394,26.5046634,78.9406106
784001,26.6697475,92.77447280000001
784010,26.620828,92.799014
784025,26.6906146,92.85259325
784026,26.7274886,92.8066761
784027,26.693758225,92.88449127499999
784028,26.6967245,92.8343361
784101,26.82290466666667,92.78191388333335
784102,26.89983485,92.7993994
784103,26.7583211,92.63979925000001
784104,26.71201645,92.77037625
784105,26.752042099999997,92.786400675
784110,26.746113100000002,92.48130521
784111,26.6710912,89.34635166000001
784112,26.73019223333333,92.442596
784113,26.483465499999998,92.14322703333335
784114,26.567357228571428,92.38601017142858
784115,26.553853900000004,90.2646225
784116,26.6343575,92.647814625
784117,26.653693757142857,92.4402072
784125,26.4348442,92.0296825
784144,26.47054138333333,91.92912634999999
784145,26.439586094117647,91.93363575294117
784146,26.50710885,92.059793175
784147,26.5687730375,92.206458975
784148,26.49601823333333,91.85820288333333
784149,26.664384272727272,92.62894461818182
784150,26.662394499999998,92.718416
784153,26.705705183333333,92.92292591666666
784154,26.639694233333334,92.74956863333334
784160,27.119941355555554,93.93004321111113
784161,27.01104292727273,93.92000757272727
784163,27.103633333333335,93.90500000000002
784164,27.214163636363637,94.03838181818182
784165,26.92958333333333,93.81188333333334
784166,26.620828,92.799014
784167,26.777,93.27825
784168,26.845103740000003,93.64524072
784169,26.71103,92.9009
784170,26.65425,92.80115
784171,26.853529999999996,93.47975000000001
784172,26.832097557142855,93.46989995714286
784173,26.7050782,92.9486037
784174,26.83756005,93.14122815
784175,26.691192735714285,92.95243404285713
784176,26.72549548,93.13277692
784177,26.62244,93.13567
784178,26.84985,92.56785
784179,26.8526458,93.409958
784180,26.747783019999996,92.93154976000001
784182,26.854100612499998,92.9963897
784184,26.58719,92.85264
784189,26.620828,92.799014
784190,26.598550225,92.2589164
784501,26.7298,92.6739
784502,26.745500000000003,92.7375
784504,26.90262,92.95665000000001
784505,26.854829359999997,92.6726848
784506,26.826022700000003,92.74045281428572
784507,26.751147687499998,92.2639566
784508,26.761916325,92.28390455
784509,26.751835927272726,92.18127127272727
784510,26.753529685714284,92.18385255714286
784513,26.474,91.97855
784514,26.52425604285714,92.03401194285713
784521,26.625161071428572,91.96081841428573
784522,26.643903614285712,92.14318844285715
784523,26.46242272,92.05813508
784524,26.741015,92.637665
784525,26.58246915384615,92.0372515923077
784526,26.75440553333333,91.8639981
784527,26.72582154,91.81573116000001
784528,26.606344485714285,92.77050895714285
784529,26.473566581818183,91.91249985454546
785001,26.386205566666664,93.84491111666667
785004,26.6294,93.4028
785006,26.7397222,94.1581944
785007,26.44441,94.1502
785008,26.7249444,94.22925
785009,26.4242,94.1212
785010,26.48421,94.1037
785013,26.7282778,94.1947778
785014,26.6361,93.6711
785015,26.461,94.123
785101,26.482999999999997,94.1426
785102,26.756,94.2094
785104,26.983668084210528,94.15630550526316
785105,26.756000000000004,94.2094
785106,26.944555514285714,94.16366661428572
785107,26.4822,94.2141
785108,26.492399999999996,94.0959
785110,26.756,94.20076
785111,26.502,94.1444
785112,26.4947,94.2422
785601,26.197833300000003,93.8606944
785602,26.2813,93.884
785603,26.1114,92.42831428571428
785609,26.5355,94.3209
785610,26.2739,94.012
785611,26.4008,93.4834
785612,26.640666607692307,93.60091660769231
785613,26.583299999999998,93.8
785614,26.692958823529413,93.9522045647059
785615,26.717200000000002,93.7111
785616,24.1518,92.1817
785618,26.3418,94.072
785619,26.512250000000005,93.9716944
785621,26.51225,93.9716944
785622,26.360799999999998,93.5906
785625,26.529800000000005,94.05310000000001
785626,26.5089,93.9695
785630,26.61048966923077,94.2015277076923
785631,26.2652,94.0758
785632,26.353,94.114
785633,24.191099999999995,92.1413
785634,26.7580278,94.2100556
785635,26.708027707692306,94.3964722
785636,26.7317,94.4677
785640,26.823176640000003,94.53849222
785661,24.5816,92.1615
785662,27.126666616666668,94.74002771666666
785663,24.866085714285713,92.5816
785664,26.562799999999996,94.32109999999999
785665,26.5791,94.37079999999999
785666,26.5903,94.374
785667,26.123,94.123
785669,27.152078,94.214333
785670,27.152000000000005,94.8809722
785671,23.5718,92.2614
785672,27.2389,94.6762
785673,23.4219,92.1615
785674,23.4956,92.1416
785675,27.26325,94.87159
785676,27.261761111111113,94.86862777777777
785680,26.8118333,94.52072219999998
785681,24.1815,92.1691
785682,26.531400000000005,94.2801
785683,26.5046,94.2934
785684,26.5909,94.3752
785685,26.988694400000004,94.6318889
785686,26.922499999999996,94.7548
785687,26.8472,94.8027
785688,24.1319,92.5624
785689,23.1345,92.4516
785690,38.262560150000006,83.35802315000001
785691,26.176356407692307,91.38473247692308
785692,27.063899999999997,95.0941
785693,27.0857,95.1701
785696,23.5716,92.3419
785697,26.9836944,94.6500833
785698,24.3712,94.1215
785699,26.5928,93.7498
785700,26.474399999999996,94.1914
785701,26.5933,93.65701428571428
785702,26.500138805555554,93.9724444
785703,26.51225,93.9716944
785704,27.0053,94.5125
785705,26.2229,94.0332
786001,27.392608728571428,95.03836667142856
786002,61.21156945,61.2132222
786003,27.469798146666665,94.91014444666666
786004,35.8714895875,86.4598229125
786005,27.1059,95.0143
786006,27.2937,94.5735
786007,27.125143516666668,95.191636575
786008,27.398019999999995,94.92506
786010,27.4502601,94.99982070909091
786012,27.478925933333333,95.01873146666667
786101,27.452824075,95.07999305833333
786102,27.2751,95.0717
786103,27.004444444444445,94.70666666666666
786125,27.361384859999998,95.30512944
786126,27.4005,95.26505
786145,27.28,95.19166666666666
786146,26.34045,94.0705
786147,27.5002,95.288
786148,27.454845,95.348428
786150,27.53265,95.49375
786151,27.363773857142856,95.36216642857143
786152,27.6123,95.6317142857143
786153,27.3538,95.3338
786154,27.2902,92.42086
786155,27.5001,95.3947
786156,27.504464375,95.37679412499999
786157,27.83816,95.69902
786158,27.8305,95.63816666666668
786159,27.561100000000003,95.560945
786160,27.5504,95.69151428571429
786170,27.4817014,95.4318889
786171,27.37568076923077,95.57014615384615
786173,26.4445,94.151
786174,27.368916666666667,95.6021
786179,27.1922,95.5625
786181,27.28968055,95.661246525
786182,27.321077780000003,95.68642778
786183,27.490506177777778,95.25054012222222
786184,27.47212222,95.17016667
786187,27.30666666666667,95.50333333333333
786188,27.38215,95.89255
786189,27.370666666666665,95.46070000000002
786190,27.4414,95.275
786191,27.32036666666667,95.32563333333333
786192,27.38245,95.26294999999999
786601,27.393231466666666,95.2977037
786602,27.3662326375,95.2681875
786610,27.280202161111113,95.24519598888888
786611,27.2133179,95.08727777777777
786612,27.228055555555553,95.18501111111112
786613,27.244086666666664,94.95209333333334
786614,27.25442,95.23852
786621,27.169385714285713,95.32181428571428
786622,27.2827,94.5612
786623,27.19475,95.3586111
786692,27.366,95.3118611
787001,27.2375556,94.1075
787023,27.16969445,94.0221875
787026,27.428684142857144,94.44809271428572
787031,27.23007465,94.09013715
787032,27.437144999999997,94.96409500000001
787033,27.435312500000002,94.8927125
787034,27.404857142857143,94.29288571428572
787035,27.513500000000004,94.36316666666666
787051,27.2623,94.08413333333334
787052,27.136166666666668,94.10694
787053,27.33077692307692,94.4068846153846
787054,27.144560000000002,93.79146
787055,27.305304347826084,94.44962560434782
787056,27.45625,94.22380000000001
787057,27.594581318181817,94.75075677272729
787058,27.41440625,94.54994375
787059,27.58284722,94.71534167
787060,27.7889375,95.208
787061,27.6641,94.8639
787110,27.51383125,94.638775
788001,24.823637,92.801827
788002,24.837954625000002,92.80897837500001
788003,24.834284888888888,92.76480933333333
788004,24.8122385,92.8013835
788005,24.685656777777776,92.69949788888889
788006,24.808155666666668,92.80091566666665
788007,24.823637,92.8018054
788009,24.834805285714285,92.80883242857144
788010,24.811212333333334,92.79394233333335
788011,24.734545666666666,92.76727566666666
788013,24.745606166666665,92.87530450000001
788014,24.823637,92.801827
788015,24.8518185,92.5609135
788025,24.864848555555554,92.77353633333333
788026,24.82840925,92.74795675
788030,24.872484933333332,92.86957693333333
788031,24.877878999999997,92.87727566666666
788098,24.829204625,92.992728375
788099,24.662954625,92.94022837499999
788101,24.875664384615384,92.56937130769231
788102,24.8159274,92.9767654
788103,24.823637,92.801827
788104,24.9980185,92.9267135
788106,24.667879,92.82727566666667
788107,24.611666928571427,92.7666662142857
788108,24.6473434,92.8167174
788109,24.823637,92.801827
788110,24.8214895,92.85632116666666
788111,24.8774185,92.4815135
788112,24.724212333333337,92.67394233333334
788113,24.61777777777778,92.70777777777778
788114,24.6364837,92.8362827
788115,24.709091,92.83454671428571
788116,24.682148818181815,92.88198427272727
788117,24.68,92.73
788118,24.823637,92.801827
788119,24.736984785714288,92.88378121428572
788120,24.690717125,92.739603375
788121,24.671212333333333,92.72727566666667
788123,24.7495654,92.70415740000001
788126,24.756933857142858,92.42456100000001
788127,24.7524185,92.92941350000001
788150,24.76,92.59
788151,24.677902,92.554808
788152,24.097499999999997,92.19375000000001
788155,24.66176470588235,92.57675341176471
788156,24.64,92.48
788160,24.55,92.59
788161,24.45,92.55
788162,24.454,92.562
788163,24.56,92.64
788164,24.65,92.57
788165,24.399999999999995,92.56
788166,24.327694666666666,92.19685122222222
788168,24.61,92.61
788701,24.61905375,92.73565124999999
788709,24.869597333333335,92.35506366666665
788710,24.87099,92.35398875
788711,26.157516800000003,85.4000764
788712,24.869780363636366,92.35094381818182
788713,24.869597333333335,92.35173033333332
788719,24.769194666666664,92.35346066666666
788720,24.818620444444445,92.42337577777778
788722,24.763064888888888,92.35115355555554
788723,24.679999999999996,92.33999999999999
788724,24.63862044444444,92.32448688888888
788725,24.929654857142857,92.67719742857143
788726,24.5335168,92.4340764
788727,24.867584,92.360382
788728,24.5015168,92.3120764
788733,24.535902874999998,92.50425527499999
788734,24.38043888888889,92.42093333333334
788735,24.7769755,92.716202
788736,24.5,92.43
788737,24.737983666666665,92.37580133333334
788738,16.0144,40.5751
788781,24.8295168,92.30407640000001
788801,28.61,80.08
788802,24.86033,92.5922
788803,24.87,92.53
788804,24.882527999999997,92.48012733333333
788805,24.877516800000002,92.5280764
788806,24.869698,92.53504775
788815,24.961465333333333,92.56169849999999
788816,24.95586133333333,92.42679399999999
788817,24.44,92.29
788818,25.043765222222223,93.20070188888889
788819,24.693725705882354,92.87456629411766
788820,24.60196242857143,92.83663242857143
788830,25.1545455,93.08798764285714
788831,25.24707077777778,93.09353633333333
788832,24.925606166666668,92.84863783333333
788931,24.949139625,92.829164625
790001,27.26536111,92.42102778
790002,27.292854,92.497434
790003,27.292854,92.497434
790101,27.292854,92.497434
790102,27.473263,93.060643
790103,27.473263,93.060643
790104,27.59230556,91.87488889
790105,27.631776,92.103496
790106,27.631776,92.103496
790114,27.292854,92.497434
790116,27.292854,92.497434
791001,28.16988889,94.79788889
791002,28.998334,94.814718
791003,28.173344,94.76532
791101,28.173344,94.76532
791102,28.06419444,95.32319444
791103,28.278403,95.106583
791104,28.278403,95.106583
791105,28.998334,94.814718
791109,27.13025,93.74111111
791110,27.10583333,93.69308333
791111,27.09902778,93.62633333
791112,27.14525,93.75211111
791113,27.08675,93.60866667
791118,27.961068,93.455524
791119,27.390838,93.56794
791120,27.53927778,93.81466667
791121,27.0990278,93.6263333
791122,27.98591667,94.2265
791123,27.11213889,93.81694444
791125,28.173344,94.76532
792001,27.92247222,96.16880556
792055,27.137693,95.739659
792056,27.137693,95.739659
792101,28.13655,95.13655
792102,27.794615,96.40631
792103,27.66780556,95.86319444
792104,27.794615,96.40631
792105,27.794615,96.40631
792110,28.13944444,95.84305556
792111,27.794615,96.40631
792120,27.06331,95.79242
792121,27.137693,95.739659
792122,27.4581,96.4711
792123,27.137693,95.739659
792129,27.169426,95.569224
792130,26.99025,95.49916667
792131,27.169426,95.569224
793001,25.576308335,91.889030555
793002,25.57761111,91.87872222
793003,25.57238889,91.89941667
793004,25.56430556,91.87286111
793005,25.5739167,91.8848611
793006,25.56988889,91.91427778
793007,25.56038889,91.91791667
793008,25.5739167,91.8848611
793009,25.5739167,91.8848611
793010,25.5739167,91.8848611
793011,25.57552778,91.90297222
793012,25.5739167,91.8848611
793014,25.5739167,91.8848611
793015,25.5739167,91.8848611
793016,25.5739167,91.8848611
793017,25.5739167,91.8848611
793018,25.5739167,91.8848611
793019,25.5739167,91.8848611
793021,25.5739167,91.8848611
793022,25.5739167,91.8848611
793101,26.036524,92.083764
793102,24.9101,93.2601
793103,26.4601,96.2321
793104,25.5739167,91.8848611
793105,26.036524,92.083764
793106,25.5739167,91.8848611
793107,25.5739167,91.8848611
793108,25.3,91.7
793109,25.184,92.0248
793110,25.5739167,91.8848611
793111,25.5739167,91.8848611
793112,25.5739167,91.8848611
793113,25.5739167,91.8848611
793114,25.651338,91.229932
793115,25.651338,91.229932
793116,25.5739167,91.8848611
793119,25.5195,91.2827
793120,25.651338,91.229932
793121,25.5739167,91.8848611
793122,26.036524,92.083764
793123,26.036524,92.083764
793150,25.44263889,92.19697222
793151,25.281644,92.588735
793160,25.281644,92.588735
793200,25.281644,92.588735
793210,25.281644,92.588735
794001,25.51247222,90.22063889
794002,25.5124722,90.2206389
794003,25.5124722,90.2206389
794005,25.5124722,90.2206389
794101,25.5124722,90.2206389
794102,25.315137,90.595313
794103,25.5124722,90.2206389
794104,25.5124722,90.2206389
794105,25.5124722,90.2206389
794106,25.5124722,90.2206389
794107,25.5124722,90.2206389
794108,25.5124722,90.2206389
794109,25.5124722,90.2206389
794110,25.607616,90.614548
794111,25.607616,90.614548
794112,25.5124722,90.2206389
794114,25.315137,90.595313
794115,25.5124722,90.2206389
795001,24.80603703,93.93952778666666
795002,24.5102,93.5604
795003,24.750941,93.928189
795004,24.81855556,93.92566667
795005,24.816532,93.952827
795006,24.8019722,93.9405278
795007,25.325855,94.12465
795008,24.7757012,93.9385504
795009,24.8019722,93.9405278
795010,24.82205,93.960775
795101,24.078468,93.999099
795102,24.078468,93.999099
795103,24.29,93.5857
795104,25.325855,94.12465
795105,25.325855,94.12465
795106,25.325855,94.12465
795107,25.325855,94.12465
795112,25.325855,94.12465
795113,24.8019722,93.9405278
795114,24.816532,93.952827
795115,24.8019722,93.9405278
795116,24.8019722,93.9405278
795117,24.333267,93.751896
795118,24.333267,93.751896
795122,25.325855,94.12465
795124,24.632537,93.770101
795125,25.325855,94.12465
795126,24.632537,93.770101
795127,24.078468,93.999099
795128,24.35725,93.70280556
795129,25.325855,94.12465
795130,24.67,93.997435
795131,24.078468,93.999099
795132,24.67,93.997435
795133,24.2959,93.46
795134,24.4202,93.4955
795135,24.078468,93.999099
795136,24.816532,93.952827
795138,24.64297222,93.99838889
795139,24.333267,93.751896
795140,24.816532,93.952827
795141,24.849033,93.554487
795142,25.10911111,94.35922222
795144,25.089516,94.363386
795145,25.089516,94.363386
795146,24.8019722,93.9405278
795147,24.849033,93.554487
795148,24.67,93.997435
795149,24.67,93.997435
795150,25.325855,94.12465
795159,24.849033,93.554487
796001,23.72583333,92.71902778
796004,23.7258333,92.7190278
796005,23.7258333,92.7190278
796007,23.741368,92.718002
796008,23.7258333,92.7190278
796009,23.7258333,92.7190278
796012,23.7258333,92.7190278
796014,23.7258333,92.7190278
796015,23.78358865,92.6962844
796017,23.7258333,92.7190278
796036,23.7258333,92.7190278
796070,24.225321,92.676727
796075,24.225321,92.676727
796081,24.225321,92.676727
796091,24.225321,92.676727
796101,24.225321,92.676727
796111,23.7258333,92.7190278
796161,23.7258333,92.7190278
796181,23.341457,92.85018
796184,23.7258333,92.7190278
796186,23.341457,92.85018
796190,23.7258333,92.7190278
796230,23.7258333,92.7190278
796261,23.7258333,92.7190278
796290,23.470632,93.322124
796310,23.470632,93.322124
796320,23.470632,93.322124
796321,23.470632,93.322124
796370,23.341457,92.85018
796410,23.93323,92.489224
796421,23.7258333,92.7190278
796431,23.93323,92.489224
796441,23.93323,92.489224
796471,23.7258333,92.7190278
796501,23.93323,92.489224
796571,22.866794,92.766594
796581,22.866794,92.766594
796691,22.866794,92.766594
796701,22.88961111,92.74352778
796710,22.866794,92.766594
796751,22.866794,92.766594
796770,22.866794,92.766594
796772,22.528252,92.893438
796810,22.528252,92.893438
796891,22.528252,92.893438
796901,22.489779,92.979097
797001,25.67077778,94.10758333
797002,25.6707778,94.1075833
797003,25.6707778,94.1075833
797004,25.6707778,94.1075833
797099,26.2849592,94.1118263
797101,25.6707778,94.1075833
797103,25.863216,93.754315
797104,25.650812,94.393347
797105,25.6707778,94.1075833
797106,25.863216,93.754315
797107,25.650812,94.393347
797108,25.7077,94.4616
797109,25.6707778,94.1075833
797110,25.512492,93.738377
797111,26.0942,94.2599
797112,25.875790164999998,93.731016665
797113,25.863216,93.754315
797114,25.650812,94.393347
797115,25.863216,93.754315
797116,25.863216,93.754315
797117,25.863216,93.754315
797118,25.6707778,94.1075833
797120,25.6707778,94.1075833
797121,25.6707778,94.1075833
798601,26.32469444,94.51883333
798602,26.481574,94.992649
798603,26.481574,94.992649
798604,26.322074,94.51448
798607,26.273415,94.456705
798611,25.848481,94.874246
798612,26.23380556,94.81158333
798613,26.322074,94.51448
798614,26.322074,94.51448
798615,26.322074,94.51448
798616,24.751389,78.837833
798618,26.322074,94.51448
798620,26.01333333,94.52644444
798621,26.72116667,95.02677778
798622,26.481574,94.992649
798623,26.322074,94.51448
798625,26.505519,94.8318985
798627,26.163016,94.541679
799001,23.82975,91.27883333
799002,23.82975,91.2788333
799003,23.81177778,91.26766667
799004,23.82447222,91.29216667
799005,23.845491,91.288864
799006,23.85744444,91.28725
799007,23.83555556,91.29502778
799008,23.8475,91.34185
799009,23.884989,91.250156
799010,23.82975,91.2788333
799011,23.82975,91.2788333
799012,23.888027,91.292465
799013,23.487446,91.490975
799014,23.79069444,91.27063889
799015,23.909314,91.251929
799022,23.82975,91.2788333
799035,23.832823,91.368358
799045,23.821607,91.448761
799046,23.8469704,91.4145956
799101,23.5408333,91.49175
799102,23.67402778,91.28225
799103,24.1314,91.1651
799104,23.9408,91.9881
799105,23.292,91.2548
799113,23.555724,91.451206
799114,23.546582,91.47523
799115,23.49172222,91.32958333
799120,23.54083333,91.49175
799125,23.5408333,91.49175
799130,23.82975,91.2788333
799131,23.055887335,82.681853445
799141,21.2319,92.1141
799142,23.5408333,91.49175
799143,23.0423,91.3854
799144,23.31075,91.56244444
799145,23.00369444,91.73263889
799150,23.5408333,91.49175
799153,23.82975,91.2788333
799155,23.25177778,91.45577778
799156,23.5408333,91.49175
799157,23.5408333,91.49175
799201,24.08130556,91.59627778
799202,23.82975,91.2788333
799203,23.82975,91.2788333
799204,23.90603,91.990797
799205,23.84013889,91.63461111
799207,24.0441,91.3622
799210,23.929796,91.336714
799211,23.82975,91.2788333
799212,23.82975,91.2788333
799250,24.37883333,92.15980556
799251,24.3788333,92.1598056
799253,24.37444444,92.16497222
799254,24.3788333,92.1598056
799256,24.1417,92.1732
799260,24.151,92.857
799261,24.3788333,92.1598056
799262,24.437103,92.242231
799263,24.3788333,92.1598056
799264,24.16238889,92.03797222
799266,24.128262659999997,92.02639872
799269,23.562,92.1651
799270,24.3788333,92.1598056
799271,24.3788333,92.1598056
799273,23.90603,91.990797
799275,23.90603,91.990797
799277,24.32977778,91.99872222
799278,23.90603,91.990797
799279,24.3788333,92.1598056
799280,24.3788333,92.1598056
799281,24.3788333,92.1598056
799282,24.3788333,92.1598056
799284,23.90603,91.990797
799285,23.90603,91.990797
799286,24.1469,91.82295
799287,23.90603,91.990797
799288,24.3788333,92.1598056
799289,23.92172222,91.85061111
799290,24.1036,92.0107
800001,27.262179375,80.623492
800002,25.582127,85.11328043333333
800003,25.610435,85.148958
800004,25.5997239,85.24035836
800005,25.6184722,85.1683611
800006,25.4909939,85.1408839
800007,25.6022824875,85.1772081125
800008,25.603939127272728,79.31760930909091
800009,25.481356375,85.320850925
800010,25.633112,85.113811
800011,24.924666000000002,88.0308025
800012,25.561192675,85.13805425
800013,25.594095,85.137565
800014,25.598112,85.10837199999999
800015,25.582278,85.043628
800016,25.6035833,85.1325556
800017,85.137565,25.594095
800018,25.594095,85.137565
800019,25.6716,85.0646
800020,26.005445885714288,85.17007395714286
800021,25.439612,81.862055
800022,85.152149,25.579444
800023,25.590052,85.149233
800024,20.27097,85.826866
800025,25.620956,85.079836
800026,25.5963705,85.1743589
800027,85.152149,25.579444
800028,25.6079408,85.1176073
800030,26.455930433333332,82.84848883333333
801102,25.310247345454545,85.11846458181817
801103,25.360947749999998,85.37777150833334
801104,25.249180353846153,85.40362159230769
801105,25.525470625,85.29008412499999
801106,25.563323,84.869808
801108,25.6239531,84.98659692999999
801109,28.876982400000003,81.67037153529411
801110,27.892933921739132,82.63012181304347
801111,25.373773399999997,85.37104255
801112,22.77867498333333,73.17521571666667
801113,25.32170554,85.30806174
801301,25.074939395454546,85.74337120909091
801302,25.5189576,88.4314371368421
801303,25.9340138875,84.4967129625
801304,25.3444443,85.28022469999999
801305,25.68995726153846,83.75982905384616
801306,24.35111111111111,84.22222222222223
801307,25.3937037,75.1723148
801503,26.686994885714284,84.61422209285715
801505,25.54143758,85.17463466000001
801506,25.40488575,85.30777705
801507,25.5563277,85.0203605
802101,25.5333682,84.15644473333333
802102,25.546989500000002,83.93760542
802103,25.548874116666667,84.00757653333334
802111,25.55185224285714,84.11879531428572
802112,25.549236178571427,84.33369297857143
802113,25.575639,84.03534933333333
802114,25.475081891666665,77.63315985
802115,25.515803899999998,84.1702624
802116,25.5502792125,83.982850775
802117,25.36417711111111,84.039091
802118,25.621478783333334,84.0623952
802119,25.544321227272725,84.14106393636364
802120,25.622491939999996,84.13321504000001
802122,25.381635999999997,84.25820614285713
802123,25.446966269999997,84.04178822
802125,25.4626363375,84.2101404
802126,25.63163463636364,84.12647363636364
802127,25.468367,84.23614633333334
802128,25.364969438461536,83.91215186153846
802129,25.384650669230766,84.16140632307693
802130,25.56779186,84.41250676
802131,25.563000000000002,84.18088416666667
802132,25.087602750000002,84.13007716666667
802133,25.471411111111113,84.32520855555555
802134,25.524649975,84.2719131
802135,25.63899,84.121466
802136,25.5483806,84.13910525
802152,25.53257975,84.465485125
802154,25.522618285714284,84.54565271428571
802155,25.42980992727273,84.40422474545454
802156,25.609658,84.58785457142858
802157,25.569474733333333,84.58773873333332
802158,25.471988014285717,84.4423560857143
802159,25.42186205,84.4536133
802160,25.5736805,84.77995483333332
802161,25.5420052,84.73481699999999
802162,25.5102473,84.54394005
802163,25.756238909090907,84.71314027272727
802164,25.37745322,84.71432597
802165,25.596552272727273,84.41058502727273
802166,25.615936650000002,84.507003025
802183,25.588759699999997,84.22387703333334
802201,25.35202825,84.6109385
802202,25.37168615,84.404800275
802203,25.425518571428572,84.54773542857143
802204,25.309102636363637,84.36136781818182
802205,25.1937760125,84.359855375
802206,25.434524545454543,84.63243745454545
802207,25.313522652631576,84.421441
802208,25.295700472727273,84.61067692727273
802209,25.221829714285715,84.40724614285715
802210,25.5088054,84.613613
802211,25.018492499999997,84.07894783333333
802212,25.099243131578948,84.21497861578946
802213,25.006760514285713,84.02767031428571
802214,25.08495709090909,84.24248845454545
802215,24.92725482608696,84.02544609565217
802216,25.206720500000003,84.082425
802217,24.923418333333334,84.06244477777778
802218,25.063376,84.09993
802219,24.886480857142857,84.09890285714286
802220,24.96840033333333,84.05601755555556
802221,25.2591915,84.23581200000001
802222,25.282282511111113,84.50977728888888
802223,25.3547595,84.49354291666667
802226,24.962065000000003,84.07322500000001
802301,25.58399488888889,84.68093591111112
802302,25.5587222,84.6674722
802311,25.634048749999998,84.70177375
802312,25.577049,84.6323184
802313,25.61172255,84.6581343
802314,25.60859464,84.63912724000001
802316,25.689981666666668,84.62379800000001
802351,25.627150285714286,84.55759128571428
802352,25.461025839999998,84.85330103999999
803101,25.345827399999997,85.47263316
803107,25.181395062962967,85.31096296296298
803108,25.346383333333335,82.07528333333333
803109,25.145344875,85.49695775
803110,25.275188170967745,80.89949731290324
803111,23.880075754545455,76.96449494545455
803113,25.255892636363637,85.45880881818181
803114,25.130063492857143,84.08624405
803115,25.088221428571426,85.63343571428571
803116,28.289864036842108,82.0690745631579
803117,24.660719908333334,84.43416898333334
803118,30.8019,71.60372777
803119,25.538209866666666,85.33364196666668
803120,25.366458325,85.27899305
803121,25.19,85.52
803201,25.497898391666666,85.21647504166667
803202,31.522632620000003,79.297285465
803203,38.62281076,71.35969536
803211,25.36039682142857,81.0731746
803212,31.62267171818182,78.94028535454545
803213,25.014458327777778,85.19004938333333
803214,25.173742064285715,86.30763293571428
803215,25.19,85.52
803216,24.50125,84.9875
803221,25.40668976,85.733895
803301,25.345625,85.95215275
803302,25.37479321111111,85.90899444444443
803303,25.38368055,85.94445834999999
803306,37.448,85.824
803307,25.325,85.755
804401,25.193940744444447,84.93858951111112
804402,25.75042592222222,83.56089814444445
804403,24.90217950588235,84.74370254705882
804404,25.091107199999996,84.71837175555555
804405,25.216089399999998,84.99060293636363
804406,25.27489048,85.01293866
804407,25.031611299999998,84.79982935
804408,25.22840235,84.9949829
804417,25.22103174117647,84.98321535294117
804418,25.2758858,83.42225357142857
804419,25.20541902,85.06590095333333
804420,25.207848233333333,85.00369398333333
804421,24.904897928571426,85.1765435
804422,25.1992361,84.98785949999998
804423,25.4028383375,83.71789576249999
804424,25.057062771428573,84.97374704285714
804425,25.20574865714286,85.05267411428572
804426,25.157728044444443,84.83057703333333
804427,25.157640477777775,85.52682403333333
804428,24.8454605,83.650014375
804429,25.2165696,84.99083592222222
804432,25.16189559,84.97420787
804435,24.94861672,84.9886444
804451,25.545545530769232,84.95013805384616
804452,24.706374813636362,84.76615336363636
804453,25.327274434615386,85.26066358461539
804454,25.23869424,85.16282078
805101,24.838759250000003,85.4827035
805102,24.80826125,85.65215244999999
805103,24.837487658333334,85.426233825
805104,24.877985545454543,85.56653872727271
805105,25.06851315,85.62613426666667
805106,24.83628,85.85885435714286
805107,24.85137075,85.700856225
805108,25.0746125,85.63572325
805109,24.953943076923075,85.4004
805110,24.887,85.5350278
805111,31.642176066666668,78.80975742222222
805112,32.4902467875,77.96140807500001
805113,24.678003125,84.775250625
805114,24.8833,85.5333
805121,24.834670625,85.5633675
805122,24.77386795333333,85.42872095999999
805123,24.956096125000002,85.531262
805124,24.951529636363638,85.71905734545454
805125,24.64720985,85.4971252875
805126,24.747350666666666,85.53593466666666
805127,24.5596725,85.4352275
805128,29.813322,80.25827
805129,24.97521514285714,85.30444742857142
805130,24.81673185,85.2718295
805131,24.80054329444444,85.23084635555556
805132,24.9551002,85.72412334285714
811101,83.59611132857142,27.30161190357143
811102,77.01555242857144,33.808437714285716
811103,78.17189675,32.727299
811104,25.1963333,85.5211111
811105,78.64270721999999,32.04435499142858
811106,81.53698218461538,29.948965223076925
811107,81.28580975384615,29.82092043076923
811112,65.94237833333334,45.52013326666667
811201,55.86824381,55.88409532000001
811202,82.86698927058823,28.9623898
811211,82.93505286941176,28.86729035882353
811212,80.38134917,31.440443019999996
811213,83.97520441666667,27.74355271666667
811214,86.49127862857142,25.33900385714286
811301,81.85237384666667,29.034080846666665
811302,81.36692746923077,29.925341323076925
811303,83.43262382857144,27.582465114285714
811304,81.21739284615386,29.761188515384614
811305,83.35952197619046,28.791491319047616
811307,55.5745208,55.5747272
811308,83.16238914210525,28.013753815789475
811309,76.07621605,35.39677033333333
811310,81.47092732307692,29.81859866923077
811311,80.86554636285715,30.35450982857143
811312,79.55860818888888,31.765296022222223
811313,78.5968292,33.1690085375
811314,81.49384331538461,29.509563092307694
811315,83.2789909,27.757538427272724
811316,66.09211387142857,33.59811711428572
811317,80.08365649,30.95107495
812001,25.24982775,86.986135125
812002,25.2448796,86.9774537
812003,25.2496944,86.9869722
812004,24.842960771428572,85.23872631428571
812005,24.885794870588235,86.24193817058824
812006,33.52445952142857,77.24522420714285
812007,25.2409722,86.9528889
813101,51.951210188235294,59.009461505882356
813102,25.52201205,86.8573427
813103,53.65063476666667,57.499190920000004
813104,36.236779445454545,71.51012756818182
813105,81.80056654736842,27.716519589473688
813106,53.04123684210526,53.83272789473684
813107,30.912993999999998,79.5223931
813108,36.51264145625,74.96631971875
813109,28.87984485714286,81.273261
813110,55.7025245,55.593214125
813201,80.55944067692309,29.474295292307694
813202,65.90298206086958,46.38534370434783
813203,52.792423111111106,60.009884588888895
813204,36.64644925,72.94303785
813205,56.84338947368421,52.906603157894736
813206,36.78571222,73.59168222000001
813207,40.21487215,71.06082805625
813208,25.046347285714287,87.40229092857143
813209,35.10803947368421,77.21463175263159
813210,36.28366770625,78.99242902499999
813211,28.9520989375,82.7832075625
813212,67.92972944,42.861163219999995
813213,72.84574962666667,36.945416146666666
813214,25.2496944,86.9869722
813221,51.72297147826087,58.52723956521739
813222,29.8914212,79.90304203333334
814101,24.244502,87.241744
814102,24.488402873684212,87.19310421578948
814103,24.389895133333333,87.44930702
814110,26.771628638461536,84.76997611923078
814111,24.266603222222223,87.39798566666667
814112,24.490417,86.690601
814113,24.524819971428574,86.78870802857143
814114,24.466627714285714,86.67454271428572
814115,24.490417,86.690601
814116,24.490417,86.690601
814118,24.313766755555555,87.0799417111111
814119,24.471658357142854,87.23203841428571
814120,24.5102401625,86.78496708750001
814131,24.93724,86.70084644444445
814133,24.818747105555556,87.17416424166667
814141,24.358560100000002,87.13392788750001
814142,24.541931,86.73239328333334
814143,24.47779728,86.96109
814144,24.109885663636362,87.31719180909091
814145,24.50053238888889,87.15831984444445
814146,24.173090633333334,86.68350167333332
814147,24.8978056,87.25105982142857
814148,24.3154499,86.82200858333333
814149,24.2383068,86.83834032222222
814150,24.380963792307696,86.78702379230769
814151,24.574281666666664,86.99219201999999
814152,24.470190650000003,86.74613878333332
814153,24.643336230434784,87.05590516956522
814154,25.02237082222222,87.31412088333333
814155,24.951270982352945,87.14543391764705
814156,24.7315977,86.8632731
814157,24.362725433333335,86.83639265
814158,24.317958461538463,87.26444123076924
814160,24.5952698125,87.00103443750001
814165,24.497913,86.67295566666667
814166,24.119508200000002,87.0389994
814167,24.244502,87.241744
815301,620.89678975,2219.2498405
815302,1411.4714854545455,7137.112285454546
815311,82.65,2244.6225
815312,2039.8513420869565,7882.422168913043
815313,1750.851840909091,6233.285327272728
815314,1500.96305618,4737.6928830666675
815315,2040.0299568500002,3319.383705166667
815316,1918.428846923077,5513.972436923077
815317,1776.1892719818184,3447.2116541545456
815318,2165.3534074111108,3354.8124876555557
815351,23.92370420645161,86.57562449032258
815352,24.274349833333336,86.65745016666666
815353,24.26640016521739,86.6630827826087
815354,23.999494,86.83156933333333
815355,24.098774384615385,86.70236492307693
815357,24.2453730625,86.6498794375
815359,24.007307683333334,87.143282925
816101,24.84934333333333,87.77205480952381
816102,24.7364814,87.45704866666667
816103,24.27991027272727,87.47259754545455
816104,24.717311945454547,87.55904882727272
816105,24.742863285714286,87.70855757142859
816106,24.465585200000003,87.71137946666666
816107,24.602884714285715,87.75205613333333
816108,24.889325230769234,87.66739746153847
816109,25.08129145714286,87.10409790714286
816110,24.682999285714285,87.59960814285715
816115,24.244502,87.241744
816116,24.8917606,87.6424026
816117,24.338685053333332,87.65890014666667
816118,24.237754071428572,87.46785678571429
816120,24.892968166666666,87.53808416666668
816129,24.89071165,87.57559815
821101,25.036707786666668,83.63196368
821102,24.8916777,83.55436383
821103,25.057862800000002,83.499889
821104,25.071868672727273,84.13945185454544
821105,25.195788364285715,83.5382159642857
821106,25.035152888888888,83.50665227777777
821107,25.00297342857143,83.92726378571429
821108,24.9893146375,83.6666367125
821109,25.089766375999996,83.64865987200001
821110,25.1563796,83.5983556
821111,24.848671,83.98043242857143
821112,25.00484711111111,83.91976333333334
821113,24.90302943478261,83.968161
821115,24.95,84.0333
821301,24.967609633333335,84.14318012222222
821302,24.705824,84.003686
821303,24.673642,84.007488
821304,24.64628961111111,83.9337628888889
821305,24.9549998,84.09622828
821306,24.89997175,84.1776805
821307,24.901389000000005,84.183889
821308,24.769879000000003,84.07541566666667
821309,25.09035025,84.324901
821310,24.9788815,84.20566194444444
821311,24.782212666666666,83.95147666666666
821312,24.868510625,84.03387599999999
822101,24.04094322,84.05196442
822102,23.79182384615385,84.46193676923077
822110,23.868885188235293,84.40244507058823
822111,23.831008125,84.0970045
822112,24.243979230769234,83.76539676923078
822113,24.274394761904762,83.56604571428572
822114,24.134775685,83.84133751499999
822115,23.69042333333333,84.65804833333333
822116,24.109469273913042,85.3092823173913
822117,24.3612,83.8912
822118,23.72608176470588,85.22156323529413
822119,23.590778399999998,84.3651396923077
822120,24.14194818181818,85.09947954545454
822121,24.21726166666667,83.613635
822122,23.75585983076923,84.78193367692307
822123,23.921789962162162,84.8232174918919
822124,23.46720429090909,84.77101749090909
822125,24.01542605263158,83.83703368421052
822126,23.9888456,84.7456336
822128,24.219008277777778,83.67781444444444
822129,24.388558625,83.61565375
822131,23.989208433333335,84.33841993333333
822132,24.2554816,83.69028597500001
822133,24.152374407407407,83.81269074074073
822134,24.22593084,83.79821283999999
823001,24.79255571666667,79.98360116666667
823002,24.84825077142857,84.94771452857142
823003,24.96141078421053,84.90681755263158
823004,24.71351835,84.9598982
823005,24.7938333,85.0080833
823311,24.701250823809524,85.01737606190476
824101,24.770316,84.248952
824102,19.87617,75.343313
824103,19.87617,75.343313
824111,19.87617,75.343313
824112,19.87617,75.343313
824113,19.87617,75.343313
824114,19.87617,75.343313
824115,19.87617,75.343313
824116,20.710885,76.90235916666667
824118,24.957870894736843,84.7043896736842
824120,19.87617,75.343313
824121,20.301501666666663,76.09444941666666
824122,19.87617,75.343313
824123,19.87617,75.343313
824124,19.87617,75.343313
824125,20.370403,76.27241169999999
824127,19.87617,75.343313
824129,19.87617,75.343313
824143,24.603539166666668,84.19527516666666
824201,23.75205,83.63184892307693
824202,24.75,84.35486363636363
824203,20.144666315789472,75.83343863157894
824205,23.471227499999998,82.41484849999999
824206,24.45375,84.584343
824207,24.72134,84.856793
824208,19.87617,75.343313
824209,24.643007255555556,84.95097503333334
824210,24.438239999999997,84.591645
824211,24.031390000000002,83.70878583333334
824217,24.628389166666665,84.78676200000001
824219,23.26882714285714,81.996333
824220,24.488438866666666,85.10092525833333
824221,21.837992857142858,79.30375242857143
824231,24.68381774166667,84.87941590833334
824232,24.635987709677423,84.98867609032258
824233,25.194858855,84.7324662
824234,24.686294099999998,84.95068730000001
824235,24.663611863157893,84.87384273157895
824236,24.65888071,84.883575515
824237,24.697335263636365,84.89946562727272
824301,20.774675454545452,77.12522881818181
824302,19.87617,75.343313
824303,19.87617,75.343313
824304,25.5689,84.09579
825101,24.452914294117647,85.17134717647059
825102,871.2612333333333,5685.3147
825103,24.139018,85.09524957307691
825106,1043.7165844400001,5324.23250222
825108,705.1037031538461,5508.663387
825109,27.1291315,74.50960791666667
825132,25.6736736,84.37639906666666
825167,1538.249777775,1726.300277775
825301,23.9943606,85.36632262
825302,24.02873774,84.63408202666666
825303,23.992850857142855,85.38940942857143
825311,23.85037296363636,85.21936338636364
825312,24.00410773636364,85.73107819090909
825313,24.33753376923077,85.72924076923076
825314,23.90979445,85.4820278
825315,24.19876,85.4165525
825316,23.769419666666664,85.4911981
825317,24.023850666666664,85.2787
825318,24.30595179090909,85.84307454545454
825319,24.886895607692306,80.11642235384616
825320,820.379457090909,7780.262666454545
825321,23.8480353375,85.05774135
825322,1003.8726052631579,6807.550899999999
825323,25.561945747058825,83.60537675294118
825324,2098.81080885,4049.2609038571427
825325,23.856968600000002,85.55241240000001
825326,23.8486516,85.46592
825329,23.9295284,86.1548269
825330,23.629579,85.54339575
825336,23.96696833333333,85.577252
825401,24.213789563157896,84.85831103157895
825402,23.80193320714286,85.16986159285715
825403,25.585015213333335,82.84220323999999
825404,24.08604347368421,84.75601352631578
825405,24.26243987333333,85.45771552666666
825406,24.372405425,85.24393872499999
825407,24.494767,85.64792842857143
825408,24.29848426470588,85.2418513
825409,24.432338827272726,85.48032397272726
825410,24.4588813,85.53963523333333
825411,24.211563350000002,85.42990808333333
825412,2194.979836509524,5548.5380791
825413,24.334078,85.58531766666665
825414,24.3878374,84.8256404
825415,23.8466,85.0239
825418,24.459882383333333,85.64056871666666
825421,24.2747,85.7935
826001,23.797828425,86.30489378749999
826003,23.80675,86.4481944
826004,23.79454791666667,86.43994105
826005,23.8074722,86.4669167
826006,23.836074483333334,86.36976281666666
826007,23.7803,86.43426
826008,23.7956631,86.4303759
826009,23.830625,86.555561
826011,23.7968,86.4341
827001,23.653619866666663,86.23745276666666
827003,23.6577778,86.1394722
827004,23.6736944,86.1475833
827006,23.6777222,86.1750278
827009,23.6612889,86.1473472
827010,23.893838575,86.20524253333333
827012,23.6396389,86.14425
827013,23.480814572222222,85.97576609166667
827014,23.666778,86.066719
827015,23.66,86.086
827016,23.6575,86.1392
827302,23.64233333333333,86.19308191666666
828101,23.76497876666667,86.42714869999999
828103,23.7696112,86.317467
828104,23.799840500000002,86.4124435
828105,23.818594,86.384142
828106,23.787636550000002,86.42172965
828107,23.650008,86.488264
828108,23.692886,86.416603
828109,23.762482747826084,86.4485446478261
828110,23.7559756,86.42224354999999
828111,23.77833257777778,86.45007916666667
828112,23.6952565,86.2574925
828113,23.79739547142857,86.33620642857143
828114,23.801623499999998,86.3771055
828115,23.722331966666662,86.42754166666667
828116,23.733546760000003,86.33615734
828117,23.7521992,86.39350375
828119,23.6853889,86.4258056
828120,23.7966944,86.4339167
828121,23.737830533333334,86.27174996666668
828122,23.6744529,86.4902431
828123,23.657247,86.474178
828124,23.667944,86.498033
828125,23.76537302,86.28801258
828126,23.655841,86.440682
828127,23.8160833,86.4598056
828128,23.78915,86.250878
828129,23.776931033333337,86.41531300000001
828130,23.8068056,86.4169167
828131,23.7526648,86.42517223333334
828132,23.683067,86.434286
828133,23.691158,86.423158
828134,23.708236555555555,86.32072733333334
828135,23.664925,86.445069
828142,23.829370444444447,86.4573644
828201,23.776629085714287,86.48733321428573
828202,23.76748576,86.57831518
828203,23.2676962,86.677498
828204,23.7440658875,86.53738795
828205,23.796311514285716,86.45666018571428
828206,23.693322,86.761822
828207,23.7732778,86.7945
828301,23.77204903333333,86.4229826
828302,23.69824,86.39878970000001
828303,23.643158399999997,86.3794796
828304,23.7891115,86.3619215
828305,23.72760728,86.35900974
828306,23.78916368,86.39008351999999
828307,24.36804075,86.01751875
828309,23.7967222,86.4129444
828401,23.84141585,86.24972965
828402,23.847128945454543,86.34100405454545
828403,817.6782976142857,4088.302535714286
828404,23.764164,86.142069
829101,23.673633257142857,85.47746157142856
829102,23.626446666666666,85.49619443333332
829103,23.60650165,85.463975
829104,1285.3836528,4321.4937361
829105,23.63981285,85.44972207500001
829106,23.63280025,85.48020025
829107,1436.11391112,3629.37025
829108,23.683632,85.371806
829109,23.7858765,85.1814875
829110,23.54822805,85.70765313333332
829111,1417.91948378,5163.960034080001
829112,1699.0681539714285,6131.282240471429
829113,1183.883362,4319.958343
829114,1234.382,4320.973675
829116,23.7711667,85.8879167
829117,23.85167536,85.23975136
829118,23.736997000000002,85.357628
829119,23.622992516666667,85.32516291666666
829121,2126.5600225999997,7705.1850036999995
829122,23.63213885,85.5141944
829123,1603.238932,5729.944497333334
829125,23.688138,85.320277
829126,23.675033,85.34571
829127,831.178977,2909.2744553333337
829128,1235.586679,4318.1433895
829129,23.713316,85.582782
829130,23.62892,85.504754
829131,23.6326389,85.5050833
829132,1572.5340733333333,3167.1089833333335
829133,23.66005,85.342205
829134,23.72033485,85.65999956666667
829135,23.662888,85.373018
829143,23.7477798,85.46984475
829144,2157.3424825727275,2889.9079540000002
829149,23.71956,85.69828
829150,23.697980333333334,85.70462083333332
829201,23.594369999999998,85.0534159
829202,23.84471435862069,84.77876020344829
829203,23.64897474,84.790329635
829204,23.764930564285716,84.39335242857143
829205,23.49341111111111,84.99505555555555
829206,23.77509415333333,84.48781186666666
829207,23.738239869230767,84.54484423076923
829208,25.1118,84.563525
829209,23.681321816666667,85.05713976666667
829210,23.6574,84.83305
829301,23.67261028888889,86.1004746
831001,22.75263933333333,86.23997933333334
831002,22.737963323076922,86.17741820384616
831003,22.802459,86.197145
831004,22.789716111111108,86.22684722222223
831005,22.802459,86.197145
831006,22.802459,86.197145
831007,22.802459,86.197145
831009,22.802459,86.197145
831011,22.802459,86.197145
831012,22.8396025125,86.244904
831013,22.802459,86.197145
831014,22.802459,86.197145
831015,22.802459,86.197145
831016,22.802459,86.197145
831017,22.802459,86.197145
831019,22.802459,86.197145
831020,22.802459,86.197145
831021,22.7626,86.2056
832101,22.618885596666665,86.52382592333333
832102,22.63299195,86.325965275
832103,22.802459,86.197145
832104,25.715772757142854,75.00255055714285
832105,23.619747,83.7350365625
832106,36.65813533333333,69.06333066666667
832107,22.811578419999996,86.2987112
832108,22.8305906,86.12482158
832109,22.802459,86.197145
832111,22.802459,86.197145
832112,22.9244959,86.29690450000001
832113,22.6203,86.1586
832301,22.633286952,86.375872248
832302,25.363668090909094,87.10453637272727
832303,22.44478595,86.32687749375
832304,22.66956122857143,86.39008945714285
832401,22.965963605882354,86.12047490588236
832402,22.8085545,86.1127975
832403,22.88548982,85.90216217999999
832404,22.846849685714286,85.97416677142857
833101,22.536883575,85.81600785
833102,22.16239465945946,83.40634125135135
833103,24.49399615,78.87738494
833104,24.56117245,83.3978097
833105,22.493094730000003,85.4039531
833106,21.99179505,81.903115525
833201,22.546127,85.808009
833202,22.505675666666665,85.819453
833203,22.4400312,85.66044452
833204,22.808080502222218,85.72484092222223
833212,22.546127,85.808009
833213,22.546127,85.808009
833214,22.29331266666667,85.78418616999998
833215,22.827176581818183,85.07502640909091
833216,22.7452084,85.8122416
833217,21.70547566666667,85.51153633333332
833218,22.290090483333334,85.6226883
833219,22.64919175,86.10822225000001
833220,22.662018833333335,85.72677765833333
833221,22.3999635,85.61865449999999
833222,22.546127,85.808009
833223,22.546127,85.808009
834001,23.36590446153846,85.32635903846153
834002,29.53997998,79.11828399
834003,23.361846633333332,85.19731026666666
834004,23.3047511,85.27206255
834005,23.3847778,85.2872222
834006,23.436785433333334,85.27408974
834007,23.3317,85.2826
834008,23.741585219999997,84.86497566
834009,24.613015425,84.39600875
834010,23.32772314,85.35071157
834011,23.366531,85.327301
834012,23.45842575,85.42659075
834013,23.3441,85.309562
834014,23.3039,85.3042
835101,27.39444016666667,72.74617833333333
835102,23.3053061,85.70298805
835103,23.38721679375,85.4651582
835201,22.66315986875,84.8757259125
835202,23.415468139999998,85.10127238
835203,23.2776761,84.85350659999999
835204,23.250089695652175,85.46421483043478
835205,25.26461492857143,79.36079442857144
835206,26.373679468421052,84.40243694210527
835207,23.040987966666666,84.54956763333333
835208,23.241986666666666,84.57760033333334
835209,23.244613153846156,85.22209061538462
835210,23.091040857142858,85.27486141428571
835211,22.860200499999998,84.82815535
835212,22.712632999999997,84.43600763636364
835213,23.50469135333333,84.76376978666667
835214,23.520289115384614,85.11452653846155
835215,23.4118611,85.44125
835216,22.9131261,85.3973008
835217,23.4348156,85.3886134
835218,23.478404,84.26679133333333
835219,23.44036998235294,85.51864654705882
835220,22.944489260869567,84.53628995652174
835221,23.384187150000002,85.1071156125
835222,23.421322973333336,85.23747927999999
835223,22.66753088181818,84.54582867272728
835224,23.10592490869565,84.68212438695652
835225,23.138371375,85.59499896875
835226,22.571438470588234,84.52003658823529
835227,22.938369566666665,85.12354456666667
835228,31.598019,85.744557
835229,23.053230914285713,84.74211098571428
835230,23.15814236363636,84.44910636363636
835231,23.406452357142857,84.72878659285713
835232,22.95672840588235,84.46715315882354
835233,23.14688790909091,84.520447
835234,23.197590083333335,85.09525591666666
835235,22.642096125,84.567727875
835301,23.379722757894736,85.10315851052631
835302,23.430847544444447,84.75722264000001
835303,23.31102707692308,85.22682499999999
835325,23.48358725,84.83119665833334
841101,25.707292437499998,85.136337125
841201,25.9105932,84.54198919999999
841202,25.798863,84.946409
841203,26.2269722,84.3564167
841204,26.018166,84.49730857142858
841205,26.890651846153848,78.60744123076924
841206,30.0266164,77.6262716
841207,25.744689470000004,85.01230364
841208,25.965123236363638,84.53537373636364
841209,25.894159142857145,84.49514428571429
841210,26.512128571428573,84.3975
841211,25.83210088888889,85.19088044444445
841212,25.986692999999995,84.482884
841213,25.922986111111115,84.68078855555557
841214,25.91588258333333,84.80467658333333
841215,25.959342,85.031141
841216,25.75694742857143,84.86757714285714
841217,25.765498999999995,85.085991
841218,25.912141000000002,84.922569
841219,25.885981,85.027272
841220,25.980998,84.57548800000002
841221,25.768177,85.033609
841222,25.859065,84.972775
841223,25.902374,84.505754
841224,25.784610000000004,84.7274
841225,25.771914999999996,84.960356
841226,26.19806713,84.37203431
841227,84.35807,26.21991
841231,26.109527711111113,84.2933611
841232,26.31941661,84.45880551
841233,26.09113881,84.4615833
841234,26.0782,84.1307
841235,26.236811072727274,84.39751518181818
841236,26.076,84.3568
841237,26.30881776,84.45547776
841238,26.2269722,84.3564167
841239,26.244265363636362,84.19134714545454
841240,26.0777777,84.6441666
841241,26.1644722,84.4148611
841242,26.15368025,84.54895225
841243,30.819846153846154,79.98595384615386
841244,26.219621,84.356659
841245,26.197916605263156,84.25525
841286,26.226972199999995,84.3564167
841287,26.08511,84.214
841301,25.793804714285717,84.75359728571428
841302,25.4834295,84.98612162500001
841305,25.76514152857143,84.66864612857144
841311,25.831605324999998,84.86212231666667
841312,26.26128265,84.8555992
841313,25.837765428571426,84.58026342857143
841316,25.858307999999997,84.64758133333333
841401,25.974863,84.92581600000001
841402,25.919739000000003,84.942619
841403,26.000038065000002,84.690054835
841404,26.1986111,84.6694444
841405,26.40915087894737,84.58240555789473
841406,26.2269721875,84.35643184375
841407,26.342723608333333,84.61836481666667
841408,26.177699999999998,84.0821
841409,26.330222233333334,84.64316853333334
841410,26.1255166625,84.8004407
841411,25.85597,84.856793
841412,25.900078575,84.69265851666667
841413,26.3113125,84.5970125
841414,25.858332000000004,84.75767
841415,25.881015,84.801975
841416,26.2162,84.5132
841417,26.10562,84.803062
841418,25.968196,84.862005
841419,25.927241,84.829421
841420,26.253869744444444,84.71409999999999
841421,26.058849,84.800731
841422,26.039936,84.688393
841423,26.335175,84.6662
841424,26.072566,84.883948
841425,65.072727,45.833205383333336
841426,26.416504157142857,84.19034185714285
841427,26.473867092307692,84.57678589999999
841428,79.50212669583333,31.427119899999997
841434,26.2562,84.6034
841435,26.2269722,84.2933611
841436,26.342334070588237,84.35594935882352
841437,26.518863636363633,84.12355454545455
841438,26.317318436,84.45480805999999
841439,31.604626666666668,78.21131177777778
841440,26.41985,84.46714999999999
841441,26.46658,84.4332
841442,25.896380000000004,84.749837
841443,25.956656,84.786381
841446,26.2269722,84.32488889999999
841447,26.2328,84.7109
841460,25.929408000000002,84.975253
841501,26.442666641666666,84.40923148333333
841502,26.0724444,84.25891663333334
841503,26.5913,84.3115
841504,26.2269722,84.3564167
841505,26.5248,84.6041
841506,26.2209722,84.4911944
841507,26.219621,84.356659
841508,26.51672381428571,84.4403056
841509,25.695805524999997,83.8970833
842001,26.373098218750002,86.08034695
842002,26.07416156153846,85.35661610769232
842003,26.130951449999998,85.36424475
842004,26.159029166666667,85.36506916666667
842005,26.120888,85.36472
842006,26.1264167,85.3818056
843101,26.0277443375,85.0991806125
843102,25.453879077777778,86.31868751111112
843103,26.1907768,85.4766008
843104,26.01854075,85.55714341666668
843105,26.015263733333335,85.53577955555555
843106,26.2431424,85.1808862
843107,28.00548323076923,80.60183969230769
843108,26.19019925,84.700152
843109,26.13861694736842,85.36469207894737
843110,51.43829471428571,59.876636
843111,26.14883636551724,85.3856021
843112,26.013623014285713,85.19641757142857
843113,26.220329085714287,85.4394424357143
843114,62.37353674615384,48.61748632307692
843115,30.39535085714286,81.27238257142858
843116,26.270373142857146,85.35789107142857
843117,26.252665133333334,85.445274
843118,26.16439342857143,85.3546345
843119,26.04989911111111,85.47995335555555
843120,26.165739478571428,85.06360382857143
843121,26.014256385714287,85.56372337142857
843122,26.18638015,85.29921058333333
843123,26.105419555555557,85.15068577777778
843124,26.28814808333333,85.17910275
843125,25.792226611764708,84.48876628235294
843126,26.162794666666667,85.0929204
843127,26.147660714285713,85.08753042857143
843128,26.227175311764707,85.28681942352942
843129,26.552429855555555,83.81797293333334
843130,26.12531,85.1749
843131,26.1647503875,85.50859475
843301,26.5637222,85.5243333
843302,26.54821870333333,85.51692537000001
843311,26.38956433333333,85.49577183333334
843312,26.1333443375,75.161346575
843313,26.731892733333336,85.30360192500001
843314,26.525441665,85.641108335
843315,26.555376046153846,85.51492937692309
843316,26.354925713333333,85.25868452666667
843317,24.89983887,84.9150188
843318,26.441683283333333,85.53295455
843319,26.504609885714284,85.71792191428571
843320,29.08923033478261,80.62469281304348
843321,26.488331523076926,84.97392546923076
843322,28.0979711,85.56925114285715
843323,26.49646456,85.53064325
843324,26.6557936625,85.61559062083334
843325,26.500465,85.426266
843326,26.46083152,85.50552333
843327,26.642695554545455,85.47740408181818
843328,26.49844593846154,85.50088491538462
843329,26.53507035384615,85.23257320384616
843330,26.8104338375,85.5751031625
843331,24.617603923529412,83.77217647058824
843332,26.71180201818182,85.51279393636364
843333,26.435169293333335,85.64213470666667
843334,26.69549,85.35319333333334
843335,26.664650350000002,85.3054
843360,26.1332244,85.37073600000001
844101,25.74082635,85.252416625
844102,43.540878729999996,67.36165013
844103,25.6942771125,85.2363492875
844111,30.862093490909093,80.08948911818182
844112,26.814786490909093,76.69428892727272
844113,25.63666322857143,85.34782382857142
844114,36.306576052941175,74.81709037058825
844115,25.6786335,85.361104
844116,25.677324580000004,85.33471706
844117,25.6916389,85.2113333
844118,31.71669591,85.36102647
844119,25.782081633333334,85.19499043333333
844120,25.0601597,84.44760579999999
844121,76.68251127142857,34.371278471428575
844122,51.69063026956522,59.488386382608695
844123,55.54807025,55.591814125
844124,45.60946943333334,65.47934971666668
844125,70.3920011875,40.6514234
844126,47.08110085714286,64.12245035714285
844127,26.046936285714285,85.3995122142857
844128,25.823330666666667,85.28917159999999
844501,25.67228942857143,85.41718014285713
844502,25.68626181818182,85.31255464545454
844503,44.015847300000004,66.95628717692308
844504,25.668569894736844,85.39262803157895
844505,51.28448387619047,59.793473866666666
844506,68.39395640714285,42.704432971428574
844507,65.55428898888889,45.57081381111111
844508,25.580498585714285,85.35539452857142
844509,57.59812983333333,46.730450499999996
845101,27.107792853333333,84.19641744
845103,27.108060975,84.33376941666667
845104,26.823746989473683,84.59588108421052
845105,27.24048477222222,84.0956507111111
845106,27.202613293749998,84.3012444375
845107,27.393726700000002,83.927087175
845301,26.4831465625,85.2705625
845302,26.800360166666664,85.00845418888889
845303,26.785945454545455,85.11686363636363
845304,26.687022000000002,85.118715
845305,26.957656941666666,79.84712499166666
845306,26.98003735,84.7213361375
845307,27.002891294117646,84.58156351176471
845315,26.75054333,85.07410378
845401,26.570157752173913,84.99842936521739
845406,26.606188266666667,84.59142468888889
845411,26.400614725,84.681927825
845412,26.450034075,84.79461286666667
845413,26.642135000000003,85.32352999999999
845414,26.660057439999996,84.88440212
845415,26.461836363636362,84.91778636363637
845416,26.29813181818182,85.03335054545454
845417,26.76773949090909,84.93057474545455
845418,26.683880994736842,85.17142777894738
845419,26.412315714285715,84.7057
845420,26.46396363636364,85.12361818181817
845422,26.617876142857142,84.66085907142858
845423,26.375225777777775,84.76305222222221
845424,26.321010275,84.8758861125
845425,26.53764222222222,84.56883233333332
845426,26.374389407692306,85.1188749076923
845427,26.537967,85.2162319
845428,26.39603142857143,84.66877142857142
845429,26.472921111111113,84.88290055555555
845430,26.548619539999997,85.06874578
845431,26.75649625,84.918948125
845432,26.400980127272728,84.86777429090908
845433,26.855166055,80.96376305999999
845434,26.528765733333334,84.7687057
845435,26.708693309090908,84.83343056363637
845436,26.432781666666667,85.17345666666667
845437,26.64506725,84.79788037
845438,32.83917905384616,84.47198785128205
845440,26.83903091666667,84.77646475
845449,26.964264233333335,84.52667964444444
845450,26.90498305,84.50288255000001
845451,27.1450486,84.50526543636364
845452,31.613763741666663,79.53098803333333
845453,26.952219063157894,84.45123450526316
845454,26.818626672727273,84.63602481818181
845455,27.154786227777777,84.44063077222222
845456,26.756656500000002,84.76264679166667
845457,26.548337155555558,85.16079246666666
845458,26.589242857142857,84.51695714285714
845459,26.723201387499998,84.32083823125
846001,26.1238084,85.9052284
846002,22.7308278,86.0789015
846003,24.147858976923075,85.52205811538462
846004,27.60854478888889,83.10093767777778
846005,22.773686555555557,86.11450966666666
846006,26.1580555,85.8869444
846007,25.797186250000003,85.91043225
846008,26.164545,85.897499
846009,24.800736099999998,85.982158325
847101,23.32852639,85.70389800000001
847102,26.44758103,86.10727025999999
847103,24.117032352941177,86.14767875882353
847104,25.73206851666667,85.85337036666668
847105,24.6429493,134.1365104125
847106,22.80960317142857,85.29139364285713
847107,23.327072221428573,86.27248888571428
847108,36.586819057142854,74.87698041904761
847109,26.3746227,86.13571291428572
847115,23.160765385714285,85.95096884285715
847121,24.194066238461538,86.10982563846154
847122,25.820193340000003,86.02993778
847123,24.268164799999997,85.9484111
847201,22.6960424,86.02751666842106
847202,27.54231072,83.42051902
847203,24.260898888,86.164325112
847204,23.91243776,86.64185332
847211,26.345982,86.07149055
847212,26.254913133333332,84.91230856666667
847213,26.38788393333333,86.19806765
847214,26.406919066666664,86.23215418333332
847215,26.344340900000002,86.1751544
847222,26.40326377272727,86.08724673636364
847223,40.488203026315794,70.56139937368421
847224,26.419847657142856,86.160707
847225,26.39028523076923,86.29650436923076
847226,26.42674178095238,86.12309459047619
847227,31.425458941666665,81.21032348333334
847228,29.127789654545452,83.45861324545454
847229,31.739753259999997,80.20901843
847230,32.39310293,80.20677182
847231,26.37569052,86.14412494
847232,26.39133671818182,80.71546201818182
847233,24.9841679,86.0380287
847234,26.326885233333332,86.23529603333333
847235,26.38672913125,86.2159906
847236,26.354909542857143,86.08163275714286
847238,26.300022919999996,86.05664986000001
847239,26.427679291666667,86.1063007
847240,26.3915517875,86.194655075
847301,24.09718703888889,86.16207345555556
847302,24.588797,85.91118385714286
847303,26.065397,86.22262671428572
847304,25.32272254705882,86.23993039411765
847305,26.48239035,85.964681
847306,24.4425714,85.94189973846154
847307,24.116612685714284,85.54563808571427
847308,26.3899612,86.0983043125
847337,24.05958282727273,86.32954292727273
847401,26.319439644444444,86.1915497
847402,28.789918108000002,83.785106744
847403,26.339490576923076,86.25463660769232
847404,26.37856137368421,86.20121197894737
847405,23.479631475,86.26387777500001
847407,26.298075800000003,85.6448374
847408,26.420060449999998,86.14290028181819
847409,26.371054242857145,86.12158615
847410,25.98944308333333,86.27044703333333
847411,26.39993114,86.17151679999999
847421,26.436056844444444,86.26593728888889
847422,24.6602493,86.09074791249999
847423,26.241475444444443,86.14317966666667
847424,26.355349816666664,86.25117093333334
847427,24.48257777142857,86.15030475714285
847428,25.717734439999997,85.97409778
847429,20.856289,86.06620749999999
847451,38.19633586,74.71560953999999
847452,33.99029171428571,77.71013685714286
848101,25.862804699999998,85.78121916842106
848102,25.862968000000002,85.781026
848113,25.862968,85.781026
848114,25.862968,85.781026
848115,25.862968,85.781026
848117,25.862967999999995,85.781026
848121,25.862968,85.781026
848122,25.862968,85.781026
848125,25.862968,85.781026
848127,25.862968,85.781026
848129,25.862968,85.781026
848130,25.862968000000002,85.781026
848131,25.862968000000002,85.781026
848132,25.862968,85.78102599999998
848133,25.862968000000002,85.781026
848134,25.862968,85.781026
848160,25.862968,85.781026
848201,25.416675,86.12937901428572
848202,25.416675,86.129379
848203,25.511152,86.476908
848204,25.416675,86.129379
848205,25.862968,85.781026
848206,25.862968,85.781026
848207,25.862968,85.78102599999998
848208,25.862968,85.781026
848209,25.862968000000002,85.781026
848210,25.862782499999998,85.780961875
848211,25.862968,85.78102600000001
848213,25.862968,85.781026
848216,25.862968,85.781026
848236,25.862968000000002,85.781026
848301,25.862968,85.781026
848302,25.8620776,85.7807182
848501,25.862968,85.78102600000001
848502,25.862968000000002,85.781026
848503,25.862968,85.781026
848504,25.862968,85.781026
848505,25.862968,85.781026
848506,25.862968,85.781026
851101,25.416675,86.129379
851111,25.416675,86.129379
851112,25.482441166666664,86.000158425
851113,25.416675,86.12937900000001
851114,25.416675,86.129379
851115,25.416675,86.129379
851116,25.416675,86.129379
851117,25.416675,86.12937900000001
851118,25.416675,86.129379
851120,25.422429491666666,86.11429227500001
851126,25.416675,86.129379
851127,25.416675,86.129379
851128,25.416675,86.129379
851129,25.406993231818184,86.14831934545454
851130,25.47473211666667,86.14912481666666
851131,25.416675,86.129379
851132,25.416675,86.12937900000001
851133,25.461345615384616,86.09921026153846
851134,25.42806815,86.12403440000001
851135,25.416675,86.129379
851201,25.511152,86.476908
851202,25.511152,86.476908
851203,25.49887050909091,86.4988608090909
851204,25.50751826923077,86.4635415
851205,25.526383955555556,86.48125226666667
851210,25.416675,86.12937900000001
851211,25.420008075000002,86.145337305
851212,25.4774618,86.566367425
851213,25.511152,86.476908
851214,25.50327891666667,86.44794724999998
851215,25.495405833333333,86.4189865
851216,25.511151999999996,86.476908
851217,25.41815275,86.1526707
851218,25.416675,86.12937900000001
852101,25.912889505555555,86.78201734444445
852105,26.12977761538462,86.61020246153846
852106,25.86385578888889,86.58461033888888
852107,25.812265511111107,86.76052986666667
852108,26.089948622222224,86.75939688888889
852109,26.20275057142857,86.5753237142857
852110,26.193982875,86.579859625
852111,26.20770514545455,86.62966227272727
852112,25.93059578947368,86.71104042105263
852113,25.902750172222223,86.7735315
852114,25.901705,86.76763485714287
852115,25.84290125833333,86.71396963333332
852116,25.88146625,86.750129
852121,25.92019325,86.758647625
852122,25.92020428,86.85217722
852123,25.992639566666664,86.58470498666665
852124,25.892487820000003,86.61757885
852125,26.1814381,86.5859399
852126,25.848784666666667,86.57343333333333
852127,29.6601370125,86.59821094374999
852128,25.95264327272727,86.79443413181819
852129,25.774914158333335,86.62353678333334
852130,26.124868100000004,86.5890199
852131,26.128305196153846,86.63022586538462
852132,25.95936510909091,86.76129270909091
852133,24.096541485714283,85.46963502857143
852137,26.21300956923077,86.92459337692307
852138,26.177192936363635,86.64653266363636
852139,26.1300318875,86.73212208749999
852161,25.511152,86.476908
852201,25.883822199999997,86.59490740000001
852202,25.883999795652176,86.60032125652172
852212,25.90169106,86.65554642
852213,25.88997709090909,86.80737645454545
852214,26.129975853333335,86.64069156666666
852215,26.245235386666668,86.72791037999998
852216,25.886750733333333,86.47857458666667
852217,25.871373893333335,86.63736217333333
852218,26.11413555833333,86.76018845833333
852219,25.912948749999998,86.77731966666666
852220,25.720408580000004,80.73931354999999
852221,25.859167714285714,86.5905732142857
853201,29.88571389166667,80.59021065
853202,24.981636363636365,85.2435
853203,23.30778608181818,79.6318586090909
853204,27.17544931818182,84.62344044242424
853205,30.81096444,80.13169022
854101,23.412683333333334,80.06259166666668
854102,25.865678428571425,87.27503735714286
854103,25.5375,87.566
854104,25.7831,87.4432
854105,25.5390486,87.569458325
854106,25.47311,87.4324
854107,23.4127,87.4127
854108,25.5172,87.5314
854109,25.5372,85.561
854112,26.84681,87.2751
854113,25.3632777,87.6356388
854114,26.065,87.3907
854115,25.7916,87.4579
854116,25.5441944,87.56983329999998
854117,25.9644,85.2722
854201,26.1314456,86.7975686
854202,29.224041,87.42925344444444
854203,25.75411565,87.3150585
854204,25.58195889473684,87.24970231578948
854205,25.73889242857143,87.28064142857144
854301,25.773316025,87.474571025
854302,25.77748,87.495059
854303,25.74244012727273,87.436133
854304,26.24888447368421,86.14630821052633
854305,25.780732,87.51238
854306,25.713806714285713,87.402681
854311,26.147331766666667,87.47888338888889
854312,26.078643052631577,87.38649094736842
854315,26.059996529411766,86.67274747647059
854316,26.265238399999998,86.6731932
854317,25.537500000000005,87.56599999999999
854318,26.163171066666667,87.10698646666667
854325,26.300338692307694,86.57262361538461
854326,25.786916125,87.551458625
854327,25.9873468,87.5772334
854328,26.0706245,87.3760045
854329,26.134259133333334,87.50160166666666
854330,25.84587876470588,83.88984682352941
854331,26.230542000000003,87.394176
854332,26.393637,87.5209055
854333,25.958282375,87.2333693125
854334,25.794075999999997,86.86383554545455
854335,25.806140454545456,86.57656809090909
854336,25.617401285714287,84.98636042857143
854337,25.44849114285714,86.43688285714286
854338,26.3808045,86.48735049999999
854339,26.202764857142856,86.57546657142858
854340,26.297472666666668,86.52814066666667
855101,26.28179072,87.75045344
855102,25.5374,87.566
855105,25.393,87.193966
855106,25.67816,86.941143
855107,26.312807,87.758139
855108,26.107,87.95675
855113,25.321499999999997,87.3357
855114,25.5375,87.566
855115,25.781200000000002,87.4651
855116,26.41988850909091,88.1316944
855117,25.678160000000002,86.941143
900056,28.6448,77.2167
900099,22.5728,88.3475
999999,11.68372,77.928465
